"Timestamp","UMUR","NAMA PENUH ","UMUR","NO. RUMAH","JANTINA","SESI KEHADIRAN","AKTVITI YANG DILAKUKAN","NAMA PENUH","NO. RUMAH","JANTINA","SESI KEHADIRAN","AKTIVITI YANG DILAKUKAN","NAMA PENUH","NO RUMAH","JANTINA","SESI KEHADIRAN","AKTIVITI YANG DILAKUKAN","NAMA PENUH","NO RUMAH","JANTINA","SESI KEHADIRAN","AKTIVITI YANG DILAKUKAN","NAMA PENUH","NO. RUMAH","JANTINA","SESI KEHADIRAN","AKTIVITI YANG INGIN DILAKUKAN","NAMA PENUH","NO. RUMAH","JANTINA","SESI KEHADIRAN","AKTIVITI YANG INGIN DILAKUKAN","NAMA PENUH","NO. RUMAH","JANTINA","SESI KEHADIRAN ","AKTIVITI YANG INGIN DILAKUKAN","NAMA PENUH","NO. RUMAH","JANTINA","SESI KEHADIRAN ","AKTIVITI YANG INGIN DILAKUKAN","NAMA PENUH","NO. RUMAH","JANTINA","SESI KEHADIRAN ","AKTIVITI YANG INGIN DILAKUKAN","NAMA PENUH","ALAMAT RUMAH","JANTINA","SESI KEHADIRAN ","AKTIVITI YANG INGIN DILAKUKAN","NAMA PENUH","ALAMAT RUMAH","JANTINA","SESI KEHADIRAN ","AKTIVITI YANG INGIN DILAKUKAN","NAMA PENUH","JANTINA","NO RUMAH","SESI KEHADIRAN ","AKTIVITI YANG INGIN DILAKUKAN"
"2026/01/05 4:05:30 pm GMT+8","13 tahun","","","","","","","","","","","","","","","","","","","","","","","","","","","","","","","","FARIZ ZIKRY BIN FAIZA","C-11-05","Lelaki","PETANG (3.00 PETANG - 6.30 PETANG)","PERMAINAN KOMPUTER","","","","","","","","","","","","","","","","","","","","","","","","",""
"2026/01/05 4:06:04 pm GMT+8","15 tahun","","","","","","","","","","","","","","","","","","","","","","","","","","","","","","","","","","","","","","","","","","ARIF DANIEL BIN FAIZUL AZLI","B-13-06","Lelaki","PETANG (3.00 PETANG - 6.30 PETANG)","PERMAINAN KOMPUTER","","","","","","","","","","","","","","",""
"2026/01/05 4:08:42 pm GMT+8","12 tahun","","","","","","","","","","","","","","","","","","","","","","","","","","","MUHAMMAD SYAKIR MUKHRIZ BIN SHAHRILRIZAL","B-4-13","Lelaki","PETANG (3.00 PETANG - 6.30 PETANG)","MENONTON TELEVISYEN","","","","","","","","","","","","","","","","","","","","","","","","","","","","","",""
"2026/01/05 4:09:34 pm GMT+8","13 tahun","","","","","","","","","","","","","","","","","","","","","","","","","","","","","","","","MOHAMMAD ZHARR RAYYAN BIN HALIM","C-14-07","Lelaki","PETANG (3.00 PETANG - 6.30 PETANG)","AKTIVITI SANTAI","","","","","","","","","","","","","","","","","","","","","","","","",""
"2026/01/05 4:22:51 pm GMT+8","13 tahun","","","","","","","","","","","","","","","","","","","","","","","","","","","","","","","","QASEH NUR SALINA","A-07-05","Perempuan","PETANG (3.00 PETANG - 6.30 PETANG)","AKTIVITI SANTAI","","","","","","","","","","","","","","","","","","","","","","","","",""
"2026/01/05 4:24:17 pm GMT+8","13 tahun","","","","","","","","","","","","","","","","","","","","","","","","","","","","","","","","Zarith anisa bt mohd rizal","B-15-09","Perempuan","PETANG (3.00 PETANG - 6.30 PETANG)","PERMAINAN DALAMAN","","","","","","","","","","","","","","","","","","","","","","","","",""
"2026/01/05 4:25:49 pm GMT+8","13 tahun","","","","","","","","","","","","","","","","","","","","","","","","","","","","","","","","SITI NUR SUMAYYAH BINTI FAIZAN","B-04-06","Perempuan","PETANG (3.00 PETANG - 6.30 PETANG)","PERMAINAN DALAMAN","","","","","","","","","","","","","","","","","","","","","","","","",""
"2026/01/05 4:27:18 pm GMT+8","13 tahun","","","","","","","","","","","","","","","","","","","","","","","","","","","","","","","","Nor atiqah shakila binti abdullah","A-6-19","Perempuan","PETANG (3.00 PETANG - 6.30 PETANG)","PERMAINAN DALAMAN","","","","","","","","","","","","","","","","","","","","","","","","",""
"2026/01/05 5:14:48 pm GMT+8","8 tahun","","","","","","","MUHAMMAD QAYYUM AMSYAR","B-17-14","Lelaki","PETANG (3.00 PETANG - 6.30 PETANG)","AKTIVITI SANTAI","","","","","","","","","","","","","","","","","","","","","","","","","","","","","","","","","","","","","","","","","","","","","","","","","",""
"2026/01/05 5:15:11 pm GMT+8","12 tahun","","","","","","","","","","","","","","","","","","","","","","","","","","","MUHAMMAD RAYYAN ADAM","B-17-14","Lelaki","PETANG (3.00 PETANG - 6.30 PETANG)","AKTIVITI SANTAI","","","","","","","","","","","","","","","","","","","","","","","","","","","","","",""
"2026/01/05 5:18:02 pm GMT+8","8 tahun","","","","","","","MUHAMAD AYAS BN MUHAMADUN","B-02-14","Lelaki","PETANG (3.00 PETANG - 6.30 PETANG)","PERMAINAN KOMPUTER","","","","","","","","","","","","","","","","","","","","","","","","","","","","","","","","","","","","","","","","","","","","","","","","","",""
"2026/01/05 5:19:23 pm GMT+8","7 tahun ke bawah","NUR ZARA AULIA BINTI MUHAMADUN","6","B-02-14","Perempuan","PETANG (3.00 PETANG - 6.30 PETANG)","AKTIVITI SANTAI","","","","","","","","","","","","","","","","","","","","","","","","","","","","","","","","","","","","","","","","","","","","","","","","","","","","","","",""
"2026/01/05 5:20:42 pm GMT+8","10 tahun","","","","","","","","","","","","","","","","","MUHAMMAD HAFIZAN BIN MUHAMAD FAIZAN","B-04-06","Lelaki","PETANG (3.00 PETANG - 6.30 PETANG)","PERMAINAN KOMPUTER","","","","","","","","","","","","","","","","","","","","","","","","","","","","","","","","","","","","","","","",""
"2026/01/05 5:37:34 pm GMT+8","9 tahun","","","","","","","","","","","","MUHAMMAD AZALI BIN FIZI","C-12-20","Lelaki","PETANG (3.00 PETANG - 6.30 PETANG)","PERMAINAN DALAMAN","","","","","","","","","","","","","","","","","","","","","","","","","","","","","","","","","","","","","","","","","","","","",""
"2026/01/05 8:05:13 pm GMT+8","13 tahun","","","","","","","","","","","","","","","","","","","","","","","","","","","","","","","","FARIZ ZIKRY BIN FAIZA","C-11-05","Lelaki","MALAM (8.00 MALAM - 10.00 MALAM)","MENONTON TELEVISYEN","","","","","","","","","","","","","","","","","","","","","","","","",""
"2026/01/05 8:26:49 pm GMT+8","17 tahun","","","","","","","","","","","","","","","","","","","","","","","","","","","","","","","","","","","","","","","","","","","","","","","","","","","","SHAIRAH BINTI ROSLAN","C-11-17","Perempuan","MALAM (8.00 MALAM - 10.00 MALAM)","AKITIVITI SANTAI","","","","",""
"2026/01/05 8:33:49 pm GMT+8","13 tahun","","","","","","","","","","","","","","","","","","","","","","","","","","","","","","","","MUHAMMAD SHAHIR HAIKAL BIN ROSLAN","C-11-17","Lelaki","MALAM (8.00 MALAM - 10.00 MALAM)","AKTIVITI SANTAI","","","","","","","","","","","","","","","","","","","","","","","","",""
"2026/01/06 3:01:06 pm GMT+8","11 tahun","","","","","","","","","","","","","","","","","","","","","","QASEH NUR ZAHRA BIN KAMA","A-07-05","Perempuan","PETANG (3.00 PETANG - 6.30 PETANG)","AKTIVITI SANTAI","","","","","","","","","","","","","","","","","","","","","","","","","","","","","","","","","","",""
"2026/01/06 3:01:38 pm GMT+8","13 tahun","","","","","","","","","","","","","","","","","","","","","","","","","","","","","","","","SITI NUR SUMAYYAH BINTI FAIZAN","B-04-06","Perempuan","PETANG (3.00 PETANG - 6.30 PETANG)","AKTIVITI SANTAI","","","","","","","","","","","","","","","","","","","","","","","","",""
"2026/01/06 3:01:56 pm GMT+8","13 tahun","","","","","","","","","","","","","","","","","","","","","","","","","","","","","","","","QASEH NUR SALINA","A-07-05","Perempuan","PETANG (3.00 PETANG - 6.30 PETANG)","AKTIVITI SANTAI","","","","","","","","","","","","","","","","","","","","","","","","",""
"2026/01/06 3:03:22 pm GMT+8","7 tahun ke bawah","QASEH NUR HIDAYAH BINTI KAMA","3 tahun","A-07-05","Perempuan","PETANG (3.00 PETANG - 6.30 PETANG)","AKTIVITI SANTAI","","","","","","","","","","","","","","","","","","","","","","","","","","","","","","","","","","","","","","","","","","","","","","","","","","","","","","",""
"2026/01/06 3:05:14 pm GMT+8","12 tahun","","","","","","","","","","","","","","","","","","","","","","","","","","","MUHAMMAD SYAKIR MUKHRIZ BIN SHAHRILRIZAL","B-4-13","Lelaki","PETANG (3.00 PETANG - 6.30 PETANG)","PERMAINAN KOMPUTER","","","","","","","","","","","","","","","","","","","","","","","","","","","","","",""
"2026/01/06 3:05:32 pm GMT+8","13 tahun","","","","","","","","","","","","","","","","","","","","","","","","","","","","","","","","FARIZ ZIKRY BIN FAIZA","C-11-05","Lelaki","PETANG (3.00 PETANG - 6.30 PETANG)","PERMAINAN KOMPUTER","","","","","","","","","","","","","","","","","","","","","","","","",""
"2026/01/06 3:06:38 pm GMT+8","13 tahun","","","","","","","","","","","","","","","","","","","","","","","","","","","","","","","","MUHAMMAD ADAM ASHRAF BIN MUHD AFZAN","C-04-11","Lelaki","PETANG (3.00 PETANG - 6.30 PETANG)","PERMAINAN KOMPUTER","","","","","","","","","","","","","","","","","","","","","","","","",""
"2026/01/06 3:15:38 pm GMT+8","15 tahun","","","","","","","","","","","","","","","","","","","","","","","","","","","","","","","","","","","","","","","","","","ARIF DANIEL BIN FAIZUL AZLI","B-13-06","Lelaki","PETANG (3.00 PETANG - 6.30 PETANG)","AKTIVITI SANTAI","","","","","","","","","","","","","","",""
"2026/01/06 3:50:28 pm GMT+8","10 tahun","","","","","","","","","","","","","","","","","Muhammad ramadhan","C-10-19","Lelaki","PETANG (3.00 PETANG - 6.30 PETANG)","AKTIVITI SANTAI","","","","","","","","","","","","","","","","","","","","","","","","","","","","","","","","","","","","","","","",""
"2026/01/06 3:51:40 pm GMT+8","12 tahun","","","","","","","","","","","","","","","","","","","","","","","","","","","MUHAMMAD KHAIRUL SYAFIQ","C-8-10","Lelaki","PETANG (3.00 PETANG - 6.30 PETANG)","AKTIVITI SANTAI","","","","","","","","","","","","","","","","","","","","","","","","","","","","","",""
"2026/01/06 3:52:40 pm GMT+8","10 tahun","","","","","","","","","","","","","","","","","ZUL HAKIF BIN MOHD EZUAN","C-16-09","Lelaki","PETANG (3.00 PETANG - 6.30 PETANG)","PERMAINAN DALAMAN","","","","","","","","","","","","","","","","","","","","","","","","","","","","","","","","","","","","","","","",""
"2026/01/06 3:53:40 pm GMT+8","11 tahun","","","","","","","","","","","","","","","","","","","","","","MUHAMMAD NUR IMAN BIN AZAHHAR","C-01-08","Lelaki","PETANG (3.00 PETANG - 6.30 PETANG)","PERMAINAN DALAMAN","","","","","","","","","","","","","","","","","","","","","","","","","","","","","","","","","","",""
"2026/01/06 4:42:23 pm GMT+8","13 tahun","","","","","","","","","","","","","","","","","","","","","","","","","","","","","","","","MUHAMAD RAMADAN BN MUHAMADUN","B-02-14","Lelaki","PETANG (3.00 PETANG - 6.30 PETANG)","AKTIVITI SANTAI","","","","","","","","","","","","","","","","","","","","","","","","",""
"2026/01/06 5:13:43 pm GMT+8","8 tahun","","","","","","","MUHAMMAD QAYYUM AMSYAR","B-17-14","Lelaki","PETANG (3.00 PETANG - 6.30 PETANG)","AKTIVITI SANTAI","","","","","","","","","","","","","","","","","","","","","","","","","","","","","","","","","","","","","","","","","","","","","","","","","",""
"2026/01/06 5:14:05 pm GMT+8","12 tahun","","","","","","","","","","","","","","","","","","","","","","","","","","","MUHAMMAD RAYYAN ADAM","B-17-14","Lelaki","PETANG (3.00 PETANG - 6.30 PETANG)","AKTIVITI SANTAI","","","","","","","","","","","","","","","","","","","","","","","","","","","","","",""
"2026/01/06 5:48:40 pm GMT+8","8 tahun","","","","","","","MUHAMAD AYAS BN MUHAMADUN","B-02-14","Lelaki","PETANG (3.00 PETANG - 6.30 PETANG)","PERMAINAN KOMPUTER","","","","","","","","","","","","","","","","","","","","","","","","","","","","","","","","","","","","","","","","","","","","","","","","","",""
"2026/01/06 6:14:08 pm GMT+8","17 tahun","","","","","","","","","","","","","","","","","","","","","","","","","","","","","","","","","","","","","","","","","","","","","","","","","","","","MOHAMAD AZRUL AZRAI BIN HISHAM","B-13-12","Lelaki","PETANG (3.00 PETANG - 6.30 PETANG)","AKITIVITI SANTAI","","","","",""
"2026/01/06 8:17:35 pm GMT+8","12 tahun","","","","","","","","","","","","","","","","","","","","","","","","","","","NUR MIZA ILYANA BINTI MAZLI","A-06-08","Perempuan","MALAM (8.00 MALAM - 10.00 MALAM)","HOMEWORK CLUB","","","","","","","","","","","","","","","","","","","","","","","","","","","","","",""
"2026/01/06 8:17:56 pm GMT+8","12 tahun","","","","","","","","","","","","","","","","","","","","","","","","","","","NUR SALSABILLA RAMADHANI BINTI ABD RAHIM","A-04-10","Perempuan","MALAM (8.00 MALAM - 10.00 MALAM)","KELAS TUISYEN","","","","","","","","","","","","","","","","","","","","","","","","","","","","","",""
"2026/01/06 8:19:02 pm GMT+8","12 tahun","","","","","","","","","","","","","","","","","","","","","","","","","","","ISMAHANI AFIA BINTI MUHAMAD YAMANI","B-04-15","Perempuan","MALAM (8.00 MALAM - 10.00 MALAM)","KELAS TUISYEN","","","","","","","","","","","","","","","","","","","","","","","","","","","","","",""
"2026/01/06 8:19:43 pm GMT+8","12 tahun","","","","","","","","","","","","","","","","","","","","","","","","","","","NUR FATHIA ALEEYA BINTI MUHD FAZIHAN","B-14-10","Perempuan","MALAM (8.00 MALAM - 10.00 MALAM)","AKTIVITI SANTAI","","","","","","","","","","","","","","","","","","","","","","","","","","","","","",""
"2026/01/06 8:20:10 pm GMT+8","12 tahun","","","","","","","","","","","","","","","","","","","","","","","","","","","NUR SOFEA SOLEHAH","C-12-14","Perempuan","MALAM (8.00 MALAM - 10.00 MALAM)","AKTIVITI SANTAI","","","","","","","","","","","","","","","","","","","","","","","","","","","","","",""
"2026/01/06 8:20:38 pm GMT+8","12 tahun","","","","","","","","","","","","","","","","","","","","","","","","","","","NURUL HAWA AMANI BINTI SULAIMAN","C-13-03","Perempuan","MALAM (8.00 MALAM - 10.00 MALAM)","KELAS TUISYEN","","","","","","","","","","","","","","","","","","","","","","","","","","","","","",""
"2026/01/06 8:21:09 pm GMT+8","12 tahun","","","","","","","","","","","","","","","","","","","","","","","","","","","SARAH KHAIRINA DHAMIRAH BT ARMAN","B-08-10","Perempuan","MALAM (8.00 MALAM - 10.00 MALAM)","KELAS TUISYEN","","","","","","","","","","","","","","","","","","","","","","","","","","","","","",""
"2026/01/06 8:22:12 pm GMT+8","11 tahun","","","","","","","","","","","","","","","","","","","","","","MUHD FARISH HAIQAL BIN MOHD FAIRUZ","C-8-14","Lelaki","MALAM (8.00 MALAM - 10.00 MALAM)","PERMAINAN KOMPUTER","","","","","","","","","","","","","","","","","","","","","","","","","","","","","","","","","","",""
"2026/01/06 8:23:53 pm GMT+8","12 tahun","","","","","","","","","","","","","","","","","","","","","","","","","","","MUHAMMAD TAUFIQ AL AMIN BIN MOHD RIZAN","B-08-08","Lelaki","MALAM (8.00 MALAM - 10.00 MALAM)","KELAS TUISYEN","","","","","","","","","","","","","","","","","","","","","","","","","","","","","",""
"2026/01/06 8:24:29 pm GMT+8","12 tahun","","","","","","","","","","","","","","","","","","","","","","","","","","","MUHAMMAD AZRUL AZIEB BIN HISHAM","B-13-12","Lelaki","MALAM (8.00 MALAM - 10.00 MALAM)","KELAS TUISYEN","","","","","","","","","","","","","","","","","","","","","","","","","","","","","",""
"2026/01/06 8:25:07 pm GMT+8","12 tahun","","","","","","","","","","","","","","","","","","","","","","","","","","","MUHAMMAD ADAM RAYYAN","C-13-09","Lelaki","MALAM (8.00 MALAM - 10.00 MALAM)","KELAS TUISYEN","","","","","","","","","","","","","","","","","","","","","","","","","","","","","",""
"2026/01/07 3:27:34 pm GMT+8","13 tahun","","","","","","","","","","","","","","","","","","","","","","","","","","","","","","","","FARIZ ZIKRY BIN FAIZA","C-11-05","Lelaki","PETANG (3.00 PETANG - 6.30 PETANG)","PERMAINAN KOMPUTER","","","","","","","","","","","","","","","","","","","","","","","","",""
"2026/01/07 3:30:57 pm GMT+8","11 tahun","","","","","","","","","","","","","","","","","","","","","","ABi","A-06","Lelaki","PETANG (3.00 PETANG - 6.30 PETANG)","AKTIVITI SANTAI","","","","","","","","","","","","","","","","","","","","","","","","","","","","","","","","","","",""
"2026/01/07 3:52:33 pm GMT+8","13 tahun","","","","","","","","","","","","","","","","","","","","","","","","","","","","","","","","MUHAMAD RAMADAN BN MUHAMADUN","B-02-14","Lelaki","PETANG (3.00 PETANG - 6.30 PETANG)","AKTIVITI SANTAI","","","","","","","","","","","","","","","","","","","","","","","","",""
"2026/01/07 4:05:30 pm GMT+8","8 tahun","","","","","","","MUHAMAD AYAS BN MUHAMADUN","B-02-14","Lelaki","PETANG (3.00 PETANG - 6.30 PETANG)","PERMAINAN KOMPUTER","","","","","","","","","","","","","","","","","","","","","","","","","","","","","","","","","","","","","","","","","","","","","","","","","",""
"2026/01/07 4:14:07 pm GMT+8","15 tahun","","","","","","","","","","","","","","","","","","","","","","","","","","","","","","","","","","","","","","","","","","SITI NUR HASIRA BINTI MUHAMMADUN","B-02-14","Perempuan","PETANG (3.00 PETANG - 6.30 PETANG)","AKTIVITI SANTAI","","","","","","","","","","","","","","",""
"2026/01/07 4:48:29 pm GMT+8","13 tahun","","","","","","","","","","","","","","","","","","","","","","","","","","","","","","","","JOFLERRY JUDE JERRY","C-01-15","Lelaki","PETANG (3.00 PETANG - 6.30 PETANG)","AKTIVITI SANTAI","","","","","","","","","","","","","","","","","","","","","","","","",""
"2026/01/07 5:18:16 pm GMT+8","13 tahun","","","","","","","","","","","","","","","","","","","","","","","","","","","","","","","","MUHAMMAD SHAHIR HAIKAL BIN ROSLAN","C-11-17","Lelaki","PETANG (3.00 PETANG - 6.30 PETANG)","AKTIVITI SANTAI","","","","","","","","","","","","","","","","","","","","","","","","",""
"2026/01/07 5:18:45 pm GMT+8","11 tahun","","","","","","","","","","","","","","","","","","","","","","MUHAMMAD NUR IMAN BIN AZAHHAR","C-01-08","Lelaki","PETANG (3.00 PETANG - 6.30 PETANG)","PERMAINAN DALAMAN","","","","","","","","","","","","","","","","","","","","","","","","","","","","","","","","","","",""
"2026/01/07 5:32:50 pm GMT+8","12 tahun","","","","","","","","","","","","","","","","","","","","","","","","","","","MUHAMMAD RAYYAN ADAM","B-17-14","Lelaki","PETANG (3.00 PETANG - 6.30 PETANG)","AKTIVITI SANTAI","","","","","","","","","","","","","","","","","","","","","","","","","","","","","",""
"2026/01/07 5:33:18 pm GMT+8","8 tahun","","","","","","","MUHAMMAD QAYYUM AMSYAR","B-17-14","Lelaki","PETANG (3.00 PETANG - 6.30 PETANG)","AKTIVITI SANTAI","","","","","","","","","","","","","","","","","","","","","","","","","","","","","","","","","","","","","","","","","","","","","","","","","",""
"2026/01/07 5:46:34 pm GMT+8","10 tahun","","","","","","","","","","","","","","","","","MUHAMMAD HAFIZAN BIN MUHAMAD FAIZAN","B-04-06","Lelaki","PETANG (3.00 PETANG - 6.30 PETANG)","PERMAINAN KOMPUTER","","","","","","","","","","","","","","","","","","","","","","","","","","","","","","","","","","","","","","","",""
"2026/01/07 5:49:05 pm GMT+8","13 tahun","","","","","","","","","","","","","","","","","","","","","","","","","","","","","","","","MUHAMMAD ADAM ASHRAF BIN MUHD AFZAN","C-04-11","Lelaki","PETANG (3.00 PETANG - 6.30 PETANG)","PERMAINAN KOMPUTER","","","","","","","","","","","","","","","","","","","","","","","","",""
"2026/01/08 3:00:52 pm GMT+8","13 tahun","","","","","","","","","","","","","","","","","","","","","","","","","","","","","","","","FARIZ ZIKRY BIN FAIZA","C-11-05","Lelaki","PETANG (3.00 PETANG - 6.30 PETANG)","PERMAINAN KOMPUTER","","","","","","","","","","","","","","","","","","","","","","","","",""
"2026/01/08 3:01:23 pm GMT+8","11 tahun","","","","","","","","","","","","","","","","","","","","","","MUHAMMAD NUR IMAN BIN AZAHHAR","C-01-08","Lelaki","PETANG (3.00 PETANG - 6.30 PETANG)","PERMAINAN KOMPUTER","","","","","","","","","","","","","","","","","","","","","","","","","","","","","","","","","","",""
"2026/01/08 3:01:56 pm GMT+8","9 tahun","","","","","","","","","","","","NUR ATIQAH BATRISHA BINTI MOHD FAIZAL","C-12-20","Lelaki","PETANG (3.00 PETANG - 6.30 PETANG)","MENONTON TELEVISYEN","","","","","","","","","","","","","","","","","","","","","","","","","","","","","","","","","","","","","","","","","","","","",""
"2026/01/08 3:03:43 pm GMT+8","11 tahun","","","","","","","","","","","","","","","","","","","","","","ABi","C-04-15","Lelaki","PETANG (3.00 PETANG - 6.30 PETANG)","MENONTON TELEVISYEN","","","","","","","","","","","","","","","","","","","","","","","","","","","","","","","","","","",""
"2026/01/08 3:06:09 pm GMT+8","13 tahun","","","","","","","","","","","","","","","","","","","","","","","","","","","","","","","","MUHAMMAD ADAM ASHRAF BIN MUHD AFZAN","C-04-11","Lelaki","PETANG (3.00 PETANG - 6.30 PETANG)","PERMAINAN KOMPUTER","","","","","","","","","","","","","","","","","","","","","","","","",""
"2026/01/08 3:07:29 pm GMT+8","13 tahun","","","","","","","","","","","","","","","","","","","","","","","","","","","","","","","","Aiman","A 11 6","Lelaki","PETANG (3.00 PETANG - 6.30 PETANG)","AKTIVITI SANTAI","","","","","","","","","","","","","","","","","","","","","","","","",""
"2026/01/08 3:08:26 pm GMT+8","11 tahun","","","","","","","","","","","","","","","","","","","","","","NURUL IMAN AMANI BINTI SHAHROLNIZAR","B-17-20","Perempuan","PETANG (3.00 PETANG - 6.30 PETANG)","AKTIVITI SANTAI","","","","","","","","","","","","","","","","","","","","","","","","","","","","","","","","","","",""
"2026/01/08 3:08:48 pm GMT+8","11 tahun","","","","","","","","","","","","","","","","","","","","","","NUR AFIRA RAISYA BIN MUHAMAD FAIZAL","B-10-18","Perempuan","PETANG (3.00 PETANG - 6.30 PETANG)","AKTIVITI SANTAI","","","","","","","","","","","","","","","","","","","","","","","","","","","","","","","","","","",""
"2026/01/08 3:25:59 pm GMT+8","14 tahun","","","","","","","","","","","","","","","","","","","","","","","","","","","","","","","","","","","","","MUHD RUDIN BIN RUKIMIN","B-04-02","Lelaki","PETANG (3.00 PETANG - 6.30 PETANG)","PERMAINAN DALAMAN","","","","","","","","","","","","","","","","","","","",""
"2026/01/08 3:50:35 pm GMT+8","12 tahun","","","","","","","","","","","","","","","","","","","","","","","","","","","Afiq","C-11-05","Lelaki","PETANG (3.00 PETANG - 6.30 PETANG)","AKTIVITI SANTAI","","","","","","","","","","","","","","","","","","","","","","","","","","","","","",""
"2026/01/08 3:51:58 pm GMT+8","13 tahun","","","","","","","","","","","","","","","","","","","","","","","","","","","","","","","","MUHAMMAD SHAHIR HAIKAL BIN ROSLAN","C-11-17","Lelaki","PETANG (3.00 PETANG - 6.30 PETANG)","AKTIVITI SANTAI","","","","","","","","","","","","","","","","","","","","","","","","",""
"2026/01/08 3:54:08 pm GMT+8","11 tahun","","","","","","","","","","","","","","","","","","","","","","SUHAILA HANIFA BINTI MUHAMMADUN","B-02-14","Perempuan","PETANG (3.00 PETANG - 6.30 PETANG)","AKTIVITI SANTAI","","","","","","","","","","","","","","","","","","","","","","","","","","","","","","","","","","",""
"2026/01/08 3:54:48 pm GMT+8","15 tahun","","","","","","","","","","","","","","","","","","","","","","","","","","","","","","","","","","","","","","","","","","SITI NUR HASIRA BINTI MUHAMMADUN","B-02-14","Perempuan","PETANG (3.00 PETANG - 6.30 PETANG)","AKTIVITI SANTAI","","","","","","","","","","","","","","",""
"2026/01/08 4:53:10 pm GMT+8","8 tahun","","","","","","","MUHAMAD AYAS BN MUHAMADUN","B-02-14","Lelaki","PETANG (3.00 PETANG - 6.30 PETANG)","MENONTON TELEVISYEN","","","","","","","","","","","","","","","","","","","","","","","","","","","","","","","","","","","","","","","","","","","","","","","","","",""
"2026/01/08 5:02:06 pm GMT+8","15 tahun","","","","","","","","","","","","","","","","","","","","","","","","","","","","","","","","","","","","","","","","","","NOR DAMIA FATIN BINTI GHAFFAR","C-06-10","Perempuan","PETANG (3.00 PETANG - 6.30 PETANG)","AKTIVITI SANTAI","","","","","","","","","","","","","","",""
"2026/01/08 5:02:55 pm GMT+8","17 tahun","","","","","","","","","","","","","","","","","","","","","","","","","","","","","","","","","","","","","","","","","","","","","","","","","","","","NUR QASEH QAISARA BINTI ABD RAHIM","A-04-10","Perempuan","PETANG (3.00 PETANG - 6.30 PETANG)","AKITIVITI SANTAI","","","","",""
"2026/01/08 5:04:15 pm GMT+8","17 tahun","","","","","","","","","","","","","","","","","","","","","","","","","","","","","","","","","","","","","","","","","","","","","","","","","","","","SHAIRAH BINTI ROSLAN","C-11-17","Perempuan","PETANG (3.00 PETANG - 6.30 PETANG)","AKITIVITI SANTAI","","","","",""
"2026/01/08 5:17:27 pm GMT+8","12 tahun","","","","","","","","","","","","","","","","","","","","","","","","","","","MUHAMMAD RAYYAN ADAM","B-17-14","Lelaki","PETANG (3.00 PETANG - 6.30 PETANG)","AKTIVITI SANTAI","","","","","","","","","","","","","","","","","","","","","","","","","","","","","",""
"2026/01/08 5:17:43 pm GMT+8","8 tahun","","","","","","","MUHAMMAD QAYYUM AMSYAR","B-17-14","Lelaki","PETANG (3.00 PETANG - 6.30 PETANG)","AKTIVITI SANTAI","","","","","","","","","","","","","","","","","","","","","","","","","","","","","","","","","","","","","","","","","","","","","","","","","",""
"2026/01/08 5:18:25 pm GMT+8","12 tahun","","","","","","","","","","","","","","","","","","","","","","","","","","","MUHAMMAD ADAM RAYYAN","C-13-09","Lelaki","PETANG (3.00 PETANG - 6.30 PETANG)","AKTIVITI SANTAI","","","","","","","","","","","","","","","","","","","","","","","","","","","","","",""
"2026/01/08 5:42:19 pm GMT+8","15 tahun","","","","","","","","","","","","","","","","","","","","","","","","","","","","","","","","","","","","","","","","","","MUHAMAD ARFAN AQIM BIN ARMAN","B-08-10","Lelaki","PETANG (3.00 PETANG - 6.30 PETANG)","AKTIVITI SANTAI","","","","","","","","","","","","","","",""
"2026/01/08 5:43:27 pm GMT+8","17 tahun","","","","","","","","","","","","","","","","","","","","","","","","","","","","","","","","","","","","","","","","","","","","","","","","","","","","LUTH MIKHAIL BIN AHMAD NOOR","C-09-20","Lelaki","PETANG (3.00 PETANG - 6.30 PETANG)","AKITIVITI SANTAI","","","","",""
"2026/01/08 5:45:16 pm GMT+8","13 tahun","","","","","","","","","","","","","","","","","","","","","","","","","","","","","","","","Muhammad Azrul Azfar bin Hisham","B-13-12","Lelaki","PETANG (3.00 PETANG - 6.30 PETANG)","AKTIVITI SANTAI","","","","","","","","","","","","","","","","","","","","","","","","",""
"2026/01/08 6:26:26 pm GMT+8","15 tahun","","","","","","","","","","","","","","","","","","","","","","","","","","","","","","","","","","","","","","","","","","MUHAMMAD HARRAZ SAUQI BIN KAMA","A-07-05","Lelaki","PETANG (3.00 PETANG - 6.30 PETANG)","AKTIVITI SANTAI","","","","","","","","","","","","","","",""
"2026/01/09 5:05:43 pm GMT+8","11 tahun","","","","","","","","","","","","","","","","","","","","","","ABi","B-5-17","Lelaki","PETANG (3.00 PETANG - 6.30 PETANG)","AKTIVITI SANTAI","","","","","","","","","","","","","","","","","","","","","","","","","","","","","","","","","","",""
"2026/01/09 5:06:34 pm GMT+8","12 tahun","","","","","","","","","","","","","","","","","","","","","","","","","","","Afiq","A-11-6","Lelaki","PETANG (3.00 PETANG - 6.30 PETANG)","AKTIVITI SANTAI","","","","","","","","","","","","","","","","","","","","","","","","","","","","","",""
"2026/01/09 5:07:18 pm GMT+8","13 tahun","","","","","","","","","","","","","","","","","","","","","","","","","","","","","","","","Aiman","A-11-6","Lelaki","PETANG (3.00 PETANG - 6.30 PETANG)","AKTIVITI SANTAI","","","","","","","","","","","","","","","","","","","","","","","","",""
"2026/01/09 5:08:57 pm GMT+8","17 tahun","","","","","","","","","","","","","","","","","","","","","","","","","","","","","","","","","","","","","","","","","","","","","","","","","","","","NUR QASEH QAISARA BINTI ABD RAHIM","A-04-10","Perempuan","PETANG (3.00 PETANG - 6.30 PETANG)","AKTIVITI MODUL","","","","",""
"2026/01/09 5:09:34 pm GMT+8","15 tahun","","","","","","","","","","","","","","","","","","","","","","","","","","","","","","","","","","","","","","","","","","NOR DAMIA FATIN BINTI GHAFFAR","C-06-10","Perempuan","PETANG (3.00 PETANG - 6.30 PETANG)","PERMAINAN KOMPUTER","","","","","","","","","","","","","","",""
"2026/01/09 5:10:18 pm GMT+8","15 tahun","","","","","","","","","","","","","","","","","","","","","","","","","","","","","","","","","","","","","","","","","","SITI NUR HASIRA BINTI MUHAMMADUN","B-02-14","Perempuan","PETANG (3.00 PETANG - 6.30 PETANG)","AKTIVITI MODUL","","","","","","","","","","","","","","",""
"2026/01/09 5:11:04 pm GMT+8","17 tahun","","","","","","","","","","","","","","","","","","","","","","","","","","","","","","","","","","","","","","","","","","","","","","","","","","","","MUHAMMAD ALIFF FURQAN BIN LOKMAN","B-05-05","Lelaki","PETANG (3.00 PETANG - 6.30 PETANG)","AKITIVITI SANTAI","","","","",""
"2026/01/09 5:17:50 pm GMT+8","11 tahun","","","","","","","","","","","","","","","","","","","","","","QASEH NUR ZAHRA BIN KAMA","A-07-05","Perempuan","PETANG (3.00 PETANG - 6.30 PETANG)","AKTIVITI SANTAI","","","","","","","","","","","","","","","","","","","","","","","","","","","","","","","","","","",""
"2026/01/09 5:23:24 pm GMT+8","13 tahun","","","","","","","","","","","","","","","","","","","","","","","","","","","","","","","","MUHAMMAD SHAHIR HAIKAL BIN ROSLAN","C-11-17","Lelaki","PETANG (3.00 PETANG - 6.30 PETANG)","AKTIVITI SANTAI","","","","","","","","","","","","","","","","","","","","","","","","",""
"2026/01/09 5:24:45 pm GMT+8","13 tahun","","","","","","","","","","","","","","","","","","","","","","","","","","","","","","","","QASEH NUR SALINA","A-07-05","Perempuan","PETANG (3.00 PETANG - 6.30 PETANG)","AKTIVITI SANTAI","","","","","","","","","","","","","","","","","","","","","","","","",""
"2026/01/09 5:25:27 pm GMT+8","7 tahun ke bawah","QASEH NUR HIDAYAH BINTI KAMA","4 twawun","A-07-05","Perempuan","PETANG (3.00 PETANG - 6.30 PETANG)","AKTIVITI SANTAI","","","","","","","","","","","","","","","","","","","","","","","","","","","","","","","","","","","","","","","","","","","","","","","","","","","","","","",""
"2026/01/09 5:31:09 pm GMT+8","8 tahun","","","","","","","MUHAMMAD QAYYUM AMSYAR","B-17-14","Lelaki","PETANG (3.00 PETANG - 6.30 PETANG)","AKTIVITI SANTAI","","","","","","","","","","","","","","","","","","","","","","","","","","","","","","","","","","","","","","","","","","","","","","","","","",""
"2026/01/09 5:31:28 pm GMT+8","12 tahun","","","","","","","","","","","","","","","","","","","","","","","","","","","MUHAMMAD RAYYAN ADAM","B-17-14","Lelaki","PETANG (3.00 PETANG - 6.30 PETANG)","AKTIVITI SANTAI","","","","","","","","","","","","","","","","","","","","","","","","","","","","","",""
"2026/01/09 5:37:48 pm GMT+8","13 tahun","","","","","","","","","","","","","","","","","","","","","","","","","","","","","","","","MOHAMMAD ZHARR RAYYAN BIN HALIM","C-14-07","Lelaki","PETANG (3.00 PETANG - 6.30 PETANG)","AKTIVITI SANTAI","","","","","","","","","","","","","","","","","","","","","","","","",""
"2026/01/09 5:38:54 pm GMT+8","8 tahun","","","","","","","MUHAMMAD QAYYUM AMSYAR","B-17-14","Lelaki","PETANG (3.00 PETANG - 6.30 PETANG)","AKTIVITI SANTAI","","","","","","","","","","","","","","","","","","","","","","","","","","","","","","","","","","","","","","","","","","","","","","","","","",""
"2026/01/09 5:52:09 pm GMT+8","12 tahun","","","","","","","","","","","","","","","","","","","","","","","","","","","ERRYSHA DHAWEYYA BINTI MOHD ROSDI","C-6-16","Perempuan","PETANG (3.00 PETANG - 6.30 PETANG)","AKTIVITI SANTAI","","","","","","","","","","","","","","","","","","","","","","","","","","","","","",""
"2026/01/09 6:11:47 pm GMT+8","13 tahun","","","","","","","","","","","","","","","","","","","","","","","","","","","","","","","","FARIZ ZIKRY BIN FAIZA","C-11-05","Lelaki","PETANG (3.00 PETANG - 6.30 PETANG)","PERMAINAN KOMPUTER","","","","","","","","","","","","","","","","","","","","","","","","",""
"2026/01/09 9:55:52 pm GMT+8","17 tahun","","","","","","","","","","","","","","","","","","","","","","","","","","","","","","","","","","","","","","","","","","","","","","","","","","","","MOHAMAD AZRUL AZRAI BIN HISHAM","B-13-12","Lelaki","MALAM (8.00 MALAM - 10.00 MALAM)","KELAS TUISYEN","","","","",""
"2026/01/09 9:56:14 pm GMT+8","17 tahun","","","","","","","","","","","","","","","","","","","","","","","","","","","","","","","","","","","","","","","","","","","","","","","","","","","","LUTH MIKHAIL BIN AHMAD NOOR","C-09-20","Lelaki","MALAM (8.00 MALAM - 10.00 MALAM)","KELAS TUISYEN","","","","",""
"2026/01/09 9:56:44 pm GMT+8","17 tahun","","","","","","","","","","","","","","","","","","","","","","","","","","","","","","","","","","","","","","","","","","","","","","","","","","","","NUR QASEH QAISARA BINTI ABD RAHIM","A-04-10","Perempuan","MALAM (8.00 MALAM - 10.00 MALAM)","KELAS TUISYEN","","","","",""
"2026/01/09 9:58:10 pm GMT+8","17 tahun","","","","","","","","","","","","","","","","","","","","","","","","","","","","","","","","","","","","","","","","","","","","","","","","","","","","MUHAMMAD NAQIB IRHAS BIN RAMLAN","A-01-06","Lelaki","MALAM (8.00 MALAM - 10.00 MALAM)","KELAS TUISYEN","","","","",""
"2026/01/09 9:58:39 pm GMT+8","17 tahun","","","","","","","","","","","","","","","","","","","","","","","","","","","","","","","","","","","","","","","","","","","","","","","","","","","","SHAIRAH BINTI ROSLAN","C-11-17","Perempuan","MALAM (8.00 MALAM - 10.00 MALAM)","KELAS TUISYEN","","","","",""
"2026/01/09 10:00:12 pm GMT+8","18 tahun ke atas","","","","","","","","","","","","","","","","","","","","","","","","","","","","","","","","","","","","","","","","","","","","","","","","","","","","","","","","","MUHAMAD FITRI ASHARI BIN MUHAMAD FAIZAN","Lelaki","B-4-6","MALAM ( 8.00 MALAM - 10.00 MALAM)","AKTIVITI SANTAI"
"2026/01/12 3:02:17 pm GMT+8","11 tahun","","","","","","","","","","","","","","","","","","","","","","Muhammad khasyi qaiser","B-15-08","Lelaki","PETANG (3.00 PETANG - 6.30 PETANG)","AKTIVITI SANTAI","","","","","","","","","","","","","","","","","","","","","","","","","","","","","","","","","","",""
"2026/01/12 3:02:50 pm GMT+8","13 tahun","","","","","","","","","","","","","","","","","","","","","","","","","","","","","","","","FARIZ ZIKRY BIN FAIZA","C-11-05","Lelaki","PETANG (3.00 PETANG - 6.30 PETANG)","PERMAINAN KOMPUTER","","","","","","","","","","","","","","","","","","","","","","","","",""
"2026/01/12 3:04:41 pm GMT+8","11 tahun","","","","","","","","","","","","","","","","","","","","","","Abi","C-16-13","Lelaki","PETANG (3.00 PETANG - 6.30 PETANG)","AKTIVITI SANTAI","","","","","","","","","","","","","","","","","","","","","","","","","","","","","","","","","","",""
"2026/01/12 3:05:00 pm GMT+8","11 tahun","","","","","","","","","","","","","","","","","","","","","","QASEH NUR ZAHRA BIN KAMA","A-07-05","Perempuan","PETANG (3.00 PETANG - 6.30 PETANG)","AKTIVITI SANTAI","","","","","","","","","","","","","","","","","","","","","","","","","","","","","","","","","","",""
"2026/01/12 3:05:57 pm GMT+8","12 tahun","","","","","","","","","","","","","","","","","","","","","","","","","","","NUR KHAIRUNNIL AZZALEA BINTI AZLAN SHAH","B-15-08","Perempuan","PETANG (3.00 PETANG - 6.30 PETANG)","AKTIVITI SANTAI","","","","","","","","","","","","","","","","","","","","","","","","","","","","","",""
"2026/01/12 3:09:00 pm GMT+8","12 tahun","","","","","","","","","","","","","","","","","","","","","","","","","","","NUR SALSABILLA RAMADHANI BINTI ABD RAHIM","A-04-10","Perempuan","PETANG (3.00 PETANG - 6.30 PETANG)","AKTIVITI SANTAI","","","","","","","","","","","","","","","","","","","","","","","","","","","","","",""
"2026/01/12 4:04:54 pm GMT+8","10 tahun","","","","","","","","","","","","","","","","","MUHAMMAD HAFIZAN BIN MUHAMAD FAIZAN","B-04-06","Lelaki","PETANG (3.00 PETANG - 6.30 PETANG)","PERMAINAN KOMPUTER","","","","","","","","","","","","","","","","","","","","","","","","","","","","","","","","","","","","","","","",""
"2026/01/12 4:05:39 pm GMT+8","9 tahun","","","","","","","","","","","","MUHAMMAD AFIQ HARRAZ BIN MOHD KHAIRULNIZAM","C-09-15","Lelaki","PETANG (3.00 PETANG - 6.30 PETANG)","PERMAINAN KOMPUTER","","","","","","","","","","","","","","","","","","","","","","","","","","","","","","","","","","","","","","","","","","","","",""
"2026/01/12 4:43:44 pm GMT+8","15 tahun","","","","","","","","","","","","","","","","","","","","","","","","","","","","","","","","","","","","","","","","","","SITI NUR HASIRA BINTI MUHAMMADUN","B-02-14","Perempuan","PETANG (3.00 PETANG - 6.30 PETANG)","AKTIVITI SANTAI","","","","","","","","","","","","","","",""
"2026/01/12 4:45:18 pm GMT+8","13 tahun","","","","","","","","","","","","","","","","","","","","","","","","","","","","","","","","SITI NUR SUMAYYAH BINTI FAIZAN","B-04-06","Perempuan","PETANG (3.00 PETANG - 6.30 PETANG)","AKTIVITI SANTAI","","","","","","","","","","","","","","","","","","","","","","","","",""
"2026/01/12 4:46:32 pm GMT+8","2 tahun","Siti nur hafizah","2 tahun","B-4-6","Perempuan","PETANG (3.00 PETANG - 6.30 PETANG)","AKTIVITI SANTAI","","","","","","","","","","","","","","","","","","","","","","","","","","","","","","","","","","","","","","","","","","","","","","","","","","","","","","",""
"2026/01/12 4:46:56 pm GMT+8","11 tahun","","","","","","","","","","","","","","","","","","","","","","SUHAILA HANIFA BINTI MUHAMMADUN","B-02-14","Perempuan","PETANG (3.00 PETANG - 6.30 PETANG)","AKTIVITI SANTAI","","","","","","","","","","","","","","","","","","","","","","","","","","","","","","","","","","",""
"2026/01/12 5:19:11 pm GMT+8","12 tahun","","","","","","","","","","","","","","","","","","","","","","","","","","","MUHAMMAD RAYYAN ADAM","B-17-14","Lelaki","PETANG (3.00 PETANG - 6.30 PETANG)","AKTIVITI SANTAI","","","","","","","","","","","","","","","","","","","","","","","","","","","","","",""
"2026/01/12 5:22:02 pm GMT+8","15 tahun","","","","","","","","","","","","","","","","","","","","","","","","","","","","","","","","","","","","","","","","","","ARIF DANIEL BIN FAIZUL AZLI","B-13-06","Lelaki","PETANG (3.00 PETANG - 6.30 PETANG)","AKTIVITI SANTAI","","","","","","","","","","","","","","",""
"2026/01/12 5:44:02 pm GMT+8","16 tahun","","","","","","","","","","","","","","","","","","","","","","","","","","","","","","","","","","","","","","","","","","","","","","","LUTH MIKHAIL BIN AHMAD NOOR","C-9-20","Lelaki","PETANG (3.00 PETANG - 6.30 PETANG)","AKTIVITI SANTAI","","","","","","","","","",""
"2026/01/12 5:44:29 pm GMT+8","17 tahun","","","","","","","","","","","","","","","","","","","","","","","","","","","","","","","","","","","","","","","","","","","","","","","","","","","","LUTH MIKHAIL BIN AHMAD NOOR","C-09-20","Lelaki","PETANG (3.00 PETANG - 6.30 PETANG)","AKITIVITI SANTAI","","","","",""
"2026/01/12 5:44:56 pm GMT+8","17 tahun","","","","","","","","","","","","","","","","","","","","","","","","","","","","","","","","","","","","","","","","","","","","","","","","","","","","NUR QASEH QAISARA BINTI ABD RAHIM","A-04-10","Perempuan","PETANG (3.00 PETANG - 6.30 PETANG)","AKITIVITI SANTAI","","","","",""
"2026/01/12 5:45:30 pm GMT+8","17 tahun","","","","","","","","","","","","","","","","","","","","","","","","","","","","","","","","","","","","","","","","","","","","","","","","","","","","MUHAMMAD ALIFF FURQAN BIN LOKMAN","B-05-05","Lelaki","PETANG (3.00 PETANG - 6.30 PETANG)","AKITIVITI SANTAI","","","","",""
"2026/01/12 6:10:59 pm GMT+8","15 tahun","","","","","","","","","","","","","","","","","","","","","","","","","","","","","","","","","","","","","","","","","","MUHAMAD ARFAN AQIM BIN ARMAN","B-08-10","Lelaki","PETANG (3.00 PETANG - 6.30 PETANG)","AKTIVITI SANTAI","","","","","","","","","","","","","","",""
"2026/01/12 6:11:27 pm GMT+8","17 tahun","","","","","","","","","","","","","","","","","","","","","","","","","","","","","","","","","","","","","","","","","","","","","","","","","","","","NUR QASEH QAISARA BINTI ABD RAHIM","A-04-10","Perempuan","PETANG (3.00 PETANG - 6.30 PETANG)","AKITIVITI SANTAI","","","","",""
"2026/01/12 8:02:27 pm GMT+8","16 tahun","","","","","","","","","","","","","","","","","","","","","","","","","","","","","","","","","","","","","","","","","","","","","","","MOHAMAD AZRUL AZIEM BIN HISHAM","B-13-12","Lelaki","MALAM (8.00 MALAM - 10.00 MALAM)","PERMAINAN DALAMAN","","","","","","","","","",""
"2026/01/12 8:03:07 pm GMT+8","17 tahun","","","","","","","","","","","","","","","","","","","","","","","","","","","","","","","","","","","","","","","","","","","","","","","","","","","","LUTH MIKHAIL BIN AHMAD NOOR","C-09-20","Lelaki","MALAM (8.00 MALAM - 10.00 MALAM)","AKITIVITI SANTAI","","","","",""
"2026/01/12 8:16:27 pm GMT+8","17 tahun","","","","","","","","","","","","","","","","","","","","","","","","","","","","","","","","","","","","","","","","","","","","","","","","","","","","MOHAMAD AZRUL AZRAI BIN HISHAM","B-13-12","Lelaki","MALAM (8.00 MALAM - 10.00 MALAM)","AKITIVITI SANTAI","","","","",""
"2026/01/12 8:17:46 pm GMT+8","18 tahun ke atas","","","","","","","","","","","","","","","","","","","","","","","","","","","","","","","","","","","","","","","","","","","","","","","","","","","","","","","","","NUR PUTRI RAMADHANI AKMA BIN MOHD NOOR AZLAN","Perempuan","C-9-13","MALAM ( 8.00 MALAM - 10.00 MALAM)","AKTIVITI SANTAI"
"2026/01/12 9:33:02 pm GMT+8","17 tahun","","","","","","","","","","","","","","","","","","","","","","","","","","","","","","","","","","","","","","","","","","","","","","","","","","","","SHAIRAH BINTI ROSLAN","C-11-17","Perempuan","MALAM (8.00 MALAM - 10.00 MALAM)","AKITIVITI SANTAI","","","","",""
"2026/01/12 9:35:48 pm GMT+8","16 tahun","","","","","","","","","","","","","","","","","","","","","","","","","","","","","","","","","","","","","","","","","","","","","","","ADAM ZAKRY BIN ZUL AMALI","B-13-10","Lelaki","MALAM (8.00 MALAM - 10.00 MALAM)","AKTIVITI SANTAI","","","","","","","","","",""
"2026/01/12 9:36:48 pm GMT+8","16 tahun","","","","","","","","","","","","","","","","","","","","","","","","","","","","","","","","","","","","","","","","","","","","","","","NUR DIANAN BINTI LEMEJOL","B-04-16","Perempuan","MALAM (8.00 MALAM - 10.00 MALAM)","MENONTON TELEVISYEN","","","","","","","","","",""
"2026/01/12 9:38:16 pm GMT+8","18 tahun ke atas","","","","","","","","","","","","","","","","","","","","","","","","","","","","","","","","","","","","","","","","","","","","","","","","","","","","","","","","","MUHAMAD FITRI ASHARI BIN MUHAMAD FAIZAN","Lelaki","B-4-06","MALAM ( 8.00 MALAM - 10.00 MALAM)","AKTIVITI SANTAI"
"2026/01/12 9:41:28 pm GMT+8","15 tahun","","","","","","","","","","","","","","","","","","","","","","","","","","","","","","","","","","","","","","","","","","NOR DAMIA FATIN BINTI GHAFFAR","C-06-10","Perempuan","MALAM (8.00 MALAM - 10.00 MALAM)","AKTIVITI SANTAI","","","","","","","","","","","","","","",""
"2026/01/13 3:01:51 pm GMT+8","13 tahun","","","","","","","","","","","","","","","","","","","","","","","","","","","","","","","","FARIZ ZIKRY BIN FAIZA","C-11-05","Lelaki","PETANG (3.00 PETANG - 6.30 PETANG)","PERMAINAN KOMPUTER","","","","","","","","","","","","","","","","","","","","","","","","",""
"2026/01/13 3:03:12 pm GMT+8","12 tahun","","","","","","","","","","","","","","","","","","","","","","","","","","","NUR KHAIRUNNIL AZZALEA BINTI AZLAN SHAH","B-15-08","Perempuan","PETANG (3.00 PETANG - 6.30 PETANG)","AKTIVITI SANTAI","","","","","","","","","","","","","","","","","","","","","","","","","","","","","",""
"2026/01/13 3:03:29 pm GMT+8","10 tahun","","","","","","","","","","","","","","","","","MUHAMMAD HAFIZAN BIN MUHAMAD FAIZAN","B-04-06","Lelaki","PETANG (3.00 PETANG - 6.30 PETANG)","PERMAINAN KOMPUTER","","","","","","","","","","","","","","","","","","","","","","","","","","","","","","","","","","","","","","","",""
"2026/01/13 4:25:14 pm GMT+8","15 tahun","","","","","","","","","","","","","","","","","","","","","","","","","","","","","","","","","","","","","","","","","","MUHAMAD ARFAN AQIM BIN ARMAN","B-08-10","Lelaki","PETANG (3.00 PETANG - 6.30 PETANG)","AKTIVITI SANTAI","","","","","","","","","","","","","","",""
"2026/01/13 4:25:46 pm GMT+8","15 tahun","","","","","","","","","","","","","","","","","","","","","","","","","","","","","","","","","","","","","","","","","","MUHAMMAD HARRAZ SAUQI BIN KAMA","A-07-05","Lelaki","PETANG (3.00 PETANG - 6.30 PETANG)","AKTIVITI SANTAI","","","","","","","","","","","","","","",""
"2026/01/13 4:26:07 pm GMT+8","16 tahun","","","","","","","","","","","","","","","","","","","","","","","","","","","","","","","","","","","","","","","","","","","","","","","ADAM ZAKRY BIN ZUL AMALI","B-13-10","Lelaki","PETANG (3.00 PETANG - 6.30 PETANG)","AKTIVITI SANTAI","","","","","","","","","",""
"2026/01/13 4:26:33 pm GMT+8","15 tahun","","","","","","","","","","","","","","","","","","","","","","","","","","","","","","","","","","","","","","","","","","NUR IMAN FAUZAN BIN FAIZAN","B-04-06","Lelaki","PETANG (3.00 PETANG - 6.30 PETANG)","AKTIVITI SANTAI","","","","","","","","","","","","","","",""
"2026/01/13 5:07:55 pm GMT+8","11 tahun","","","","","","","","","","","","","","","","","","","","","","NUR AFIRA RAISYA BIN MUHAMAD FAIZAL","B-10-18","Perempuan","PETANG (3.00 PETANG - 6.30 PETANG)","AKTIVITI SANTAI","","","","","","","","","","","","","","","","","","","","","","","","","","","","","","","","","","",""
"2026/01/13 5:08:30 pm GMT+8","11 tahun","","","","","","","","","","","","","","","","","","","","","","SUHAILA HANIFA BINTI MUHAMMADUN","B-02-14","Perempuan","PETANG (3.00 PETANG - 6.30 PETANG)","AKTIVITI SANTAI","","","","","","","","","","","","","","","","","","","","","","","","","","","","","","","","","","",""
"2026/01/13 5:11:52 pm GMT+8","17 tahun","","","","","","","","","","","","","","","","","","","","","","","","","","","","","","","","","","","","","","","","","","","","","","","","","","","","LUTH MIKHAIL BIN AHMAD NOOR","C-09-20","Lelaki","MALAM (8.00 MALAM - 10.00 MALAM)","AKITIVITI SANTAI","","","","",""
"2026/01/13 5:18:31 pm GMT+8","12 tahun","","","","","","","","","","","","","","","","","","","","","","","","","","","MUHAMMAD RAYYAN ADAM","B-17-14","Lelaki","PETANG (3.00 PETANG - 6.30 PETANG)","AKTIVITI SANTAI","","","","","","","","","","","","","","","","","","","","","","","","","","","","","",""
"2026/01/13 5:21:01 pm GMT+8","15 tahun","","","","","","","","","","","","","","","","","","","","","","","","","","","","","","","","","","","","","","","","","","SITI NUR HASIRA BINTI MUHAMMADUN","B-02-14","Perempuan","PETANG (3.00 PETANG - 6.30 PETANG)","PERMAINAN DALAMAN","","","","","","","","","","","","","","",""
"2026/01/13 5:34:04 pm GMT+8","15 tahun","","","","","","","","","","","","","","","","","","","","","","","","","","","","","","","","","","","","","","","","","","NOR DAMIA FATIN BINTI GHAFFAR","C-06-10","Perempuan","PETANG (3.00 PETANG - 6.30 PETANG)","AKTIVITI SANTAI","","","","","","","","","","","","","","",""
"2026/01/13 5:50:11 pm GMT+8","17 tahun","","","","","","","","","","","","","","","","","","","","","","","","","","","","","","","","","","","","","","","","","","","","","","","","","","","","NUR QASEH QAISARA BINTI ABD RAHIM","A-04-10","Perempuan","PETANG (3.00 PETANG - 6.30 PETANG)","AKITIVITI SANTAI","","","","",""
"2026/01/13 5:55:09 pm GMT+8","11 tahun","","","","","","","","","","","","","","","","","","","","","","Abi","C-1-1","Lelaki","PETANG (3.00 PETANG - 6.30 PETANG)","AKTIVITI SANTAI","","","","","","","","","","","","","","","","","","","","","","","","","","","","","","","","","","",""
"2026/01/13 7:57:20 pm GMT+8","7 tahun ke bawah","QASEH NUR HIDAYAH BINTI KAMA","3 tahun","A-07-05","Perempuan","PETANG (3.00 PETANG - 6.30 PETANG)","AKTIVITI SANTAI","","","","","","","","","","","","","","","","","","","","","","","","","","","","","","","","","","","","","","","","","","","","","","","","","","","","","","",""
"2026/01/13 7:57:52 pm GMT+8","13 tahun","","","","","","","","","","","","","","","","","","","","","","","","","","","","","","","","QASEH NUR SALINA","A-07-05","Perempuan","MALAM (8.00 MALAM - 10.00 MALAM)","AKTIVITI SANTAI","","","","","","","","","","","","","","","","","","","","","","","","",""
"2026/01/13 8:05:07 pm GMT+8","11 tahun","","","","","","","","","","","","","","","","","","","","","","Abi","A-6-6","Lelaki","MALAM (8.00 MALAM - 10.00 MALAM)","AKTIVITI SANTAI","","","","","","","","","","","","","","","","","","","","","","","","","","","","","","","","","","",""
"2026/01/13 8:22:03 pm GMT+8","15 tahun","","","","","","","","","","","","","","","","","","","","","","","","","","","","","","","","","","","","","","","","","","MUHAMAD ARFAN AQIM BIN ARMAN","B-08-10","Lelaki","PETANG (3.00 PETANG - 6.30 PETANG)","AKTIVITI SANTAI","","","","","","","","","","","","","","",""
"2026/01/13 9:15:28 pm GMT+8","17 tahun","","","","","","","","","","","","","","","","","","","","","","","","","","","","","","","","","","","","","","","","","","","","","","","","","","","","LUTH MIKHAIL BIN AHMAD NOOR","C-09-20","Lelaki","MALAM (8.00 MALAM - 10.00 MALAM)","AKITIVITI SANTAI","","","","",""
"2026/01/13 9:20:07 pm GMT+8","18 tahun ke atas","","","","","","","","","","","","","","","","","","","","","","","","","","","","","","","","","","","","","","","","","","","","","","","","","","","","","","","","","MUHAMAD FITRI ASHARI BIN MUHAMAD FAIZAN","Lelaki","B-4-06","MALAM ( 8.00 MALAM - 10.00 MALAM)","AKTIVITI SANTAI"
"2026/01/13 9:34:40 pm GMT+8","17 tahun","","","","","","","","","","","","","","","","","","","","","","","","","","","","","","","","","","","","","","","","","","","","","","","","","","","","MOHAMAD AZRUL AZRAI BIN HISHAM","B-13-12","Lelaki","MALAM (8.00 MALAM - 10.00 MALAM)","AKITIVITI SANTAI","","","","",""
"2026/01/14 3:00:34 pm GMT+8","11 tahun","","","","","","","","","","","","","","","","","","","","","","QASEH NUR ZAHRA BIN KAMA","A-07-05","Perempuan","PETANG (3.00 PETANG - 6.30 PETANG)","AKTIVITI SANTAI","","","","","","","","","","","","","","","","","","","","","","","","","","","","","","","","","","",""
"2026/01/14 3:01:06 pm GMT+8","12 tahun","","","","","","","","","","","","","","","","","","","","","","","","","","","NUR SALSABILLA RAMADHANI BINTI ABD RAHIM","A-04-10","Perempuan","PETANG (3.00 PETANG - 6.30 PETANG)","AKTIVITI SANTAI","","","","","","","","","","","","","","","","","","","","","","","","","","","","","",""
"2026/01/14 3:01:45 pm GMT+8","10 tahun","","","","","","","","","","","","","","","","","MUHAMMAD HAFIZAN BIN MUHAMAD FAIZAN","B-04-06","Lelaki","PETANG (3.00 PETANG - 6.30 PETANG)","PERMAINAN KOMPUTER","","","","","","","","","","","","","","","","","","","","","","","","","","","","","","","","","","","","","","","",""
"2026/01/14 3:02:57 pm GMT+8","13 tahun","","","","","","","","","","","","","","","","","","","","","","","","","","","","","","","","FARIZ ZIKRY BIN FAIZA","C-11-05","Lelaki","PETANG (3.00 PETANG - 6.30 PETANG)","PERMAINAN KOMPUTER","","","","","","","","","","","","","","","","","","","","","","","","",""
"2026/01/14 3:08:47 pm GMT+8","12 tahun","","","","","","","","","","","","","","","","","","","","","","","","","","","NUR KHAIRUNNIL AZZALEA BINTI AZLAN SHAH","B-15-08","Perempuan","PETANG (3.00 PETANG - 6.30 PETANG)","AKTIVITI SANTAI","","","","","","","","","","","","","","","","","","","","","","","","","","","","","",""
"2026/01/14 4:19:16 pm GMT+8","15 tahun","","","","","","","","","","","","","","","","","","","","","","","","","","","","","","","","","","","","","","","","","","NOR DAMIA FATIN BINTI GHAFFAR","C-06-10","Perempuan","PETANG (3.00 PETANG - 6.30 PETANG)","AKTIVITI SANTAI","","","","","","","","","","","","","","",""
"2026/01/14 4:22:51 pm GMT+8","12 tahun","","","","","","","","","","","","","","","","","","","","","","","","","","","ERRYSHA DHAWEYYA BINTI MOHD ROSDI","C-6-16","Perempuan","PETANG (3.00 PETANG - 6.30 PETANG)","AKTIVITI SANTAI","","","","","","","","","","","","","","","","","","","","","","","","","","","","","",""
"2026/01/14 5:15:39 pm GMT+8","12 tahun","","","","","","","","","","","","","","","","","","","","","","","","","","","MUHAMMAD SYAKIR MUKHRIZ BIN SHAHRILRIZAL","B-4-13","Lelaki","PETANG (3.00 PETANG - 6.30 PETANG)","AKTIVITI SANTAI","","","","","","","","","","","","","","","","","","","","","","","","","","","","","",""
"2026/01/14 5:27:23 pm GMT+8","11 tahun","","","","","","","","","","","","","","","","","","","","","","Muhammad arif adam rezky bin abdul hafiz","C-07-04","Lelaki","PETANG (3.00 PETANG - 6.30 PETANG)","PERMAINAN KOMPUTER","","","","","","","","","","","","","","","","","","","","","","","","","","","","","","","","","","",""
"2026/01/14 5:42:26 pm GMT+8","11 tahun","","","","","","","","","","","","","","","","","","","","","","NUR AISYAH BT MAHD AZUAN","A-04-5","Perempuan","PETANG (3.00 PETANG - 6.30 PETANG)","AKTIVITI SANTAI","","","","","","","","","","","","","","","","","","","","","","","","","","","","","","","","","","",""
"2026/01/14 8:14:18 pm GMT+8","15 tahun","","","","","","","","","","","","","","","","","","","","","","","","","","","","","","","","","","","","","","","","","","NOR DAMIA FATIN BINTI GHAFFAR","C-06-10","Perempuan","MALAM (8.00 MALAM - 10.00 MALAM)","AKTIVITI SANTAI","","","","","","","","","","","","","","",""
"2026/01/14 8:14:43 pm GMT+8","17 tahun","","","","","","","","","","","","","","","","","","","","","","","","","","","","","","","","","","","","","","","","","","","","","","","","","","","","NUR QASEH QAISARA BINTI ABD RAHIM","A-04-10","Perempuan","MALAM (8.00 MALAM - 10.00 MALAM)","AKITIVITI SANTAI","","","","",""
"2026/01/14 8:15:29 pm GMT+8","17 tahun","","","","","","","","","","","","","","","","","","","","","","","","","","","","","","","","","","","","","","","","","","","","","","","","","","","","MUHAMMAD NAQIB IRHAS BIN RAMLAN","A-01-06","Lelaki","MALAM (8.00 MALAM - 10.00 MALAM)","AKITIVITI SANTAI","","","","",""
"2026/01/14 8:16:01 pm GMT+8","16 tahun","","","","","","","","","","","","","","","","","","","","","","","","","","","","","","","","","","","","","","","","","","","","","","","MOHAMAD AZRUL AZIEM BIN HISHAM","B-13-12","Lelaki","MALAM (8.00 MALAM - 10.00 MALAM)","AKTIVITI SANTAI","","","","","","","","","",""
"2026/01/14 8:16:33 pm GMT+8","15 tahun","","","","","","","","","","","","","","","","","","","","","","","","","","","","","","","","","","","","","","","","","","MUHAMAD ARFAN AQIM BIN ARMAN","B-08-10","Lelaki","MALAM (8.00 MALAM - 10.00 MALAM)","AKTIVITI SANTAI","","","","","","","","","","","","","","",""
"2026/01/14 8:17:14 pm GMT+8","12 tahun","","","","","","","","","","","","","","","","","","","","","","","","","","","MUHAMMAD ADAM RAYYAN","C-13-09","Lelaki","MALAM (8.00 MALAM - 10.00 MALAM)","KELAS TUISYEN","","","","","","","","","","","","","","","","","","","","","","","","","","","","","",""
"2026/01/14 8:18:06 pm GMT+8","12 tahun","","","","","","","","","","","","","","","","","","","","","","","","","","","MUHAMMAD AZRUL AZIEB BIN HISHAM","B-13-12","Lelaki","MALAM (8.00 MALAM - 10.00 MALAM)","KELAS TUISYEN","","","","","","","","","","","","","","","","","","","","","","","","","","","","","",""
"2026/01/14 8:18:57 pm GMT+8","12 tahun","","","","","","","","","","","","","","","","","","","","","","","","","","","MUHAMMAD TAUFIQ AL AMIN BIN MOHD RIZAN","B-08-08","Lelaki","MALAM (8.00 MALAM - 10.00 MALAM)","KELAS TUISYEN","","","","","","","","","","","","","","","","","","","","","","","","","","","","","",""
"2026/01/14 8:20:55 pm GMT+8","12 tahun","","","","","","","","","","","","","","","","","","","","","","","","","","","MUHAMMAD FARISH HAIQAL BIN FAIRUZ","C-8-14","Lelaki","MALAM (8.00 MALAM - 10.00 MALAM)","PERMAINAN KOMPUTER","","","","","","","","","","","","","","","","","","","","","","","","","","","","","",""
"2026/01/14 8:21:51 pm GMT+8","12 tahun","","","","","","","","","","","","","","","","","","","","","","","","","","","SARAH KHAIRINA DHAMIRAH BT ARMAN","B-08-10","Perempuan","MALAM (8.00 MALAM - 10.00 MALAM)","KELAS TUISYEN","","","","","","","","","","","","","","","","","","","","","","","","","","","","","",""
"2026/01/14 8:22:17 pm GMT+8","12 tahun","","","","","","","","","","","","","","","","","","","","","","","","","","","NURATHIRA SYAHIRAH BINTI MOHAMAD","C-13-14","Perempuan","MALAM (8.00 MALAM - 10.00 MALAM)","KELAS TUISYEN","","","","","","","","","","","","","","","","","","","","","","","","","","","","","",""
"2026/01/14 8:22:47 pm GMT+8","12 tahun","","","","","","","","","","","","","","","","","","","","","","","","","","","NURUL HAWA AMANI BINTI SULAIMAN","C-13-03","Perempuan","MALAM (8.00 MALAM - 10.00 MALAM)","KELAS TUISYEN","","","","","","","","","","","","","","","","","","","","","","","","","","","","","",""
"2026/01/14 8:23:16 pm GMT+8","12 tahun","","","","","","","","","","","","","","","","","","","","","","","","","","","NUR SOFEA SOLEHAH","C-12-14","Perempuan","MALAM (8.00 MALAM - 10.00 MALAM)","AKTIVITI SANTAI","","","","","","","","","","","","","","","","","","","","","","","","","","","","","",""
"2026/01/14 8:23:49 pm GMT+8","12 tahun","","","","","","","","","","","","","","","","","","","","","","","","","","","NUR FATHIA ALEEYA BINTI MUHD FAZIHAN","B-14-10","Perempuan","MALAM (8.00 MALAM - 10.00 MALAM)","AKTIVITI SANTAI","","","","","","","","","","","","","","","","","","","","","","","","","","","","","",""
"2026/01/14 8:25:53 pm GMT+8","12 tahun","","","","","","","","","","","","","","","","","","","","","","","","","","","ISMAHANI AFIA BINTI MUHAMAD YAMANI","B-04-15","Perempuan","MALAM (8.00 MALAM - 10.00 MALAM)","KELAS TUISYEN","","","","","","","","","","","","","","","","","","","","","","","","","","","","","",""
"2026/01/14 8:27:52 pm GMT+8","12 tahun","","","","","","","","","","","","","","","","","","","","","","","","","","","NUR SALSABILLA RAMADHANI BINTI ABD RAHIM","A-04-10","Perempuan","MALAM (8.00 MALAM - 10.00 MALAM)","KELAS TUISYEN","","","","","","","","","","","","","","","","","","","","","","","","","","","","","",""
"2026/01/14 8:28:10 pm GMT+8","12 tahun","","","","","","","","","","","","","","","","","","","","","","","","","","","NUR MIZA ILYANA BINTI MAZLI","A-06-08","Perempuan","MALAM (8.00 MALAM - 10.00 MALAM)","KELAS TUISYEN","","","","","","","","","","","","","","","","","","","","","","","","","","","","","",""
"2026/01/15 3:01:07 pm GMT+8","11 tahun","","","","","","","","","","","","","","","","","","","","","","QASEH NUR ZAHRA BIN KAMA","A-07-05","Perempuan","PETANG (3.00 PETANG - 6.30 PETANG)","AKTIVITI SANTAI","","","","","","","","","","","","","","","","","","","","","","","","","","","","","","","","","","",""
"2026/01/15 3:02:36 pm GMT+8","7 tahun ke bawah","QASEH NUR HIDAYAH BINTI KAMA","EMPAT TAHUN","A-07-05","Perempuan","PETANG (3.00 PETANG - 6.30 PETANG)","AKTIVITI SANTAI","","","","","","","","","","","","","","","","","","","","","","","","","","","","","","","","","","","","","","","","","","","","","","","","","","","","","","",""
"2026/01/15 3:03:05 pm GMT+8","12 tahun","","","","","","","","","","","","","","","","","","","","","","","","","","","NUR SALSABILLA RAMADHANI BINTI ABD RAHIM","A-04-10","Perempuan","PETANG (3.00 PETANG - 6.30 PETANG)","AKTIVITI SANTAI","","","","","","","","","","","","","","","","","","","","","","","","","","","","","",""
"2026/01/15 3:03:50 pm GMT+8","13 tahun","","","","","","","","","","","","","","","","","","","","","","","","","","","","","","","","FARIZ ZIKRY BIN FAIZA","C-11-05","Lelaki","PETANG (3.00 PETANG - 6.30 PETANG)","PERMAINAN KOMPUTER","","","","","","","","","","","","","","","","","","","","","","","","",""
"2026/01/15 3:04:33 pm GMT+8","11 tahun","","","","","","","","","","","","","","","","","","","","","","Abi","A-03-13","Lelaki","PETANG (3.00 PETANG - 6.30 PETANG)","AKTIVITI SANTAI","","","","","","","","","","","","","","","","","","","","","","","","","","","","","","","","","","",""
"2026/01/15 3:05:07 pm GMT+8","10 tahun","","","","","","","","","","","","","","","","","MUHAMMAD HAFIZAN BIN MUHAMAD FAIZAN","B-04-06","Lelaki","PETANG (3.00 PETANG - 6.30 PETANG)","PERMAINAN KOMPUTER","","","","","","","","","","","","","","","","","","","","","","","","","","","","","","","","","","","","","","","",""
"2026/01/15 3:33:06 pm GMT+8","12 tahun","","","","","","","","","","","","","","","","","","","","","","","","","","","ERRYSHA DHAWEYYA BINTI MOHD ROSDI","C-6-16","Perempuan","PETANG (3.00 PETANG - 6.30 PETANG)","AKTIVITI SANTAI","","","","","","","","","","","","","","","","","","","","","","","","","","","","","",""
"2026/01/15 3:46:24 pm GMT+8","15 tahun","","","","","","","","","","","","","","","","","","","","","","","","","","","","","","","","","","","","","","","","","","MUHAMAD ARFAN AQIM BIN ARMAN","B-08-10","Lelaki","PETANG (3.00 PETANG - 6.30 PETANG)","AKTIVITI SANTAI","","","","","","","","","","","","","","",""
"2026/01/15 3:46:42 pm GMT+8","15 tahun","","","","","","","","","","","","","","","","","","","","","","","","","","","","","","","","","","","","","","","","","","MUHAMMAD HARRAZ SAUQI BIN KAMA","A-07-05","Lelaki","PETANG (3.00 PETANG - 6.30 PETANG)","AKTIVITI SANTAI","","","","","","","","","","","","","","",""
"2026/01/15 3:47:38 pm GMT+8","18 tahun ke atas","","","","","","","","","","","","","","","","","","","","","","","","","","","","","","","","","","","","","","","","","","","","","","","","","","","","","","","","","MUHAMAD FITRI ASHARI BIN MUHAMAD FAIZAN","Lelaki","B-4-6","PETANG (3.00 PETANG - 6.30 PETANG","AKTIVITI SANTAI"
"2026/01/15 3:48:36 pm GMT+8","15 tahun","","","","","","","","","","","","","","","","","","","","","","","","","","","","","","","","","","","","","","","","","","ARIF DANIEL BIN FAIZUL AZLI","B-13-06","Lelaki","PETANG (3.00 PETANG - 6.30 PETANG)","AKTIVITI SANTAI","","","","","","","","","","","","","","",""
"2026/01/15 4:07:08 pm GMT+8","8 tahun","","","","","","","MUHAMAD AYAS BN MUHAMADUN","B-02-14","Lelaki","PETANG (3.00 PETANG - 6.30 PETANG)","PERMAINAN KOMPUTER","","","","","","","","","","","","","","","","","","","","","","","","","","","","","","","","","","","","","","","","","","","","","","","","","",""
"2026/01/15 4:09:29 pm GMT+8","15 tahun","","","","","","","","","","","","","","","","","","","","","","","","","","","","","","","","","","","","","","","","","","SITI NUR HASIRA BINTI MUHAMMADUN","B-02-14","Perempuan","PETANG (3.00 PETANG - 6.30 PETANG)","AKTIVITI SANTAI","","","","","","","","","","","","","","",""
"2026/01/15 5:09:55 pm GMT+8","11 tahun","","","","","","","","","","","","","","","","","","","","","","SUHAILA HANIFA BINTI MUHAMMADUN","B-02-14","Perempuan","PETANG (3.00 PETANG - 6.30 PETANG)","AKTIVITI SANTAI","","","","","","","","","","","","","","","","","","","","","","","","","","","","","","","","","","",""
"2026/01/15 5:10:27 pm GMT+8","11 tahun","","","","","","","","","","","","","","","","","","","","","","NUR AFIRA RAISYA BIN MUHAMAD FAIZAL","B-10-18","Perempuan","PETANG (3.00 PETANG - 6.30 PETANG)","LATIHAN MATEMATIK","","","","","","","","","","","","","","","","","","","","","","","","","","","","","","","","","","",""
"2026/01/15 5:21:16 pm GMT+8","12 tahun","","","","","","","","","","","","","","","","","","","","","","","","","","","MUHAMMAD RAYYAN ADAM","B-17-14","Lelaki","PETANG (3.00 PETANG - 6.30 PETANG)","AKTIVITI SANTAI","","","","","","","","","","","","","","","","","","","","","","","","","","","","","",""
"2026/01/15 6:10:14 pm GMT+8","17 tahun","","","","","","","","","","","","","","","","","","","","","","","","","","","","","","","","","","","","","","","","","","","","","","","","","","","","MUHAMMAD ALIFF FURQAN BIN LOKMAN","B-05-05","Lelaki","PETANG (3.00 PETANG - 6.30 PETANG)","AKITIVITI SANTAI","","","","",""
"2026/01/15 6:16:42 pm GMT+8","11 tahun","","","","","","","","","","","","","","","","","","","","","","Afiq rayqal","A-7-16","Lelaki","PETANG (3.00 PETANG - 6.30 PETANG)","AKTIVITI SANTAI","","","","","","","","","","","","","","","","","","","","","","","","","","","","","","","","","","",""
"2026/01/15 6:17:52 pm GMT+8","11 tahun","","","","","","","","","","","","","","","","","","","","","","Amsyar Qaleef bin mohd sabri","C-5-6","Lelaki","PETANG (3.00 PETANG - 6.30 PETANG)","AKTIVITI SANTAI","","","","","","","","","","","","","","","","","","","","","","","","","","","","","","","","","","",""
"2026/01/15 8:01:21 pm GMT+8","17 tahun","","","","","","","","","","","","","","","","","","","","","","","","","","","","","","","","","","","","","","","","","","","","","","","","","","","","NUR NADHIRAH NABILAH BINTI NAGDIR","C-08-17","Perempuan","MALAM (8.00 MALAM - 10.00 MALAM)","HOMEWORK CLUB","","","","",""
"2026/01/15 8:03:27 pm GMT+8","17 tahun","","","","","","","","","","","","","","","","","","","","","","","","","","","","","","","","","","","","","","","","","","","","","","","","","","","","SHAIRAH BINTI ROSLAN","C-11-17","Perempuan","MALAM (8.00 MALAM - 10.00 MALAM)","KELAS TUISYEN","","","","",""
"2026/01/15 8:31:36 pm GMT+8","18 tahun ke atas","","","","","","","","","","","","","","","","","","","","","","","","","","","","","","","","","","","","","","","","","","","","","","","","","","","","","","","","","MAIZATULAKMA LISA AQILAH BINTI ABDULLAH","Perempuan","B-4-16","MALAM ( 8.00 MALAM - 10.00 MALAM)","AKTIVITI SANTAI"
"2026/01/15 9:42:23 pm GMT+8","17 tahun","","","","","","","","","","","","","","","","","","","","","","","","","","","","","","","","","","","","","","","","","","","","","","","","","","","","NUR QASEH QAISARA BINTI ABD RAHIM","A-04-10","Perempuan","MALAM (8.00 MALAM - 10.00 MALAM)","KELAS TUISYEN","","","","",""
"2026/01/15 9:43:19 pm GMT+8","17 tahun","","","","","","","","","","","","","","","","","","","","","","","","","","","","","","","","","","","","","","","","","","","","","","","","","","","","MUHAMMAD ALIFF FURQAN BIN LOKMAN","C-11-17","Perempuan","MALAM (8.00 MALAM - 10.00 MALAM)","KELAS TUISYEN","","","","",""
"2026/01/15 9:44:31 pm GMT+8","17 tahun","","","","","","","","","","","","","","","","","","","","","","","","","","","","","","","","","","","","","","","","","","","","","","","","","","","","LUTH MIKHAIL BIN AHMAD NOOR","C-09-20","Lelaki","MALAM (8.00 MALAM - 10.00 MALAM)","KELAS TUISYEN","","","","",""
"2026/01/15 9:45:38 pm GMT+8","17 tahun","","","","","","","","","","","","","","","","","","","","","","","","","","","","","","","","","","","","","","","","","","","","","","","","","","","","MOHAMAD AZRUL AZRAI BIN HISHAM","B-13-12","Perempuan","MALAM (8.00 MALAM - 10.00 MALAM)","KELAS TUISYEN","","","","",""
"2026/01/15 9:46:05 pm GMT+8","17 tahun","","","","","","","","","","","","","","","","","","","","","","","","","","","","","","","","","","","","","","","","","","","","","","","","","","","","MUHAMMAD NAQIB IRHAS BIN RAMLAN","A-01-06","Lelaki","MALAM (8.00 MALAM - 10.00 MALAM)","KELAS TUISYEN","","","","",""
"2026/01/16 2:38:11 pm GMT+8","13 tahun","","","","","","","","","","","","","","","","","","","","","","","","","","","","","","","","QASEH NUR SALINA","A-07-05","Perempuan","PETANG (3.00 PETANG - 6.30 PETANG)","HOMEWORK CLUB","","","","","","","","","","","","","","","","","","","","","","","","",""
"2026/01/16 2:38:40 pm GMT+8","13 tahun","","","","","","","","","","","","","","","","","","","","","","","","","","","","","","","","SITI NUR SUMAYYAH BINTI FAIZAN","B-04-06","Perempuan","PETANG (3.00 PETANG - 6.30 PETANG)","PERMAINAN DALAMAN","","","","","","","","","","","","","","","","","","","","","","","","",""
"2026/01/16 2:53:30 pm GMT+8","16 tahun","","","","","","","","","","","","","","","","","","","","","","","","","","","","","","","","","","","","","","","","","","","","","","","ADAM ZAKRY BIN ZUL AMALI","B-13-10","Lelaki","PETANG (3.00 PETANG - 6.30 PETANG)","AKTIVITI SANTAI","","","","","","","","","",""
"2026/01/16 2:54:04 pm GMT+8","13 tahun","","","","","","","","","","","","","","","","","","","","","","","","","","","","","","","","MUHAMAD RAMADAN BN MUHAMADUN","B-02-14","Lelaki","PETANG (3.00 PETANG - 6.30 PETANG)","AKTIVITI SANTAI","","","","","","","","","","","","","","","","","","","","","","","","",""
"2026/01/16 2:59:39 pm GMT+8","16 tahun","","","","","","","","","","","","","","","","","","","","","","","","","","","","","","","","","","","","","","","","","","","","","","","SAIDATU","SAIDATUL UMAIRAH BINTI MD KHAIRI","Perempuan","PETANG (3.00 PETANG - 6.30 PETANG)","AKTIVITI SANTAI","","","","","","","","","",""
"2026/01/16 3:00:12 pm GMT+8","15 tahun","","","","","","","","","","","","","","","","","","","","","","","","","","","","","","","","","","","","","","","","","","NOR DAMIA FATIN BINTI GHAFFAR","C-06-10","Perempuan","PETANG (3.00 PETANG - 6.30 PETANG)","AKTIVITI SANTAI","","","","","","","","","","","","","","",""
"2026/01/16 3:00:46 pm GMT+8","17 tahun","","","","","","","","","","","","","","","","","","","","","","","","","","","","","","","","","","","","","","","","","","","","","","","","","","","","MUHAMMAD ALIFF FURQAN BIN LOKMAN","B-05-05","Lelaki","PETANG (3.00 PETANG - 6.30 PETANG)","AKITIVITI SANTAI","","","","",""
"2026/01/16 3:03:05 pm GMT+8","17 tahun","","","","","","","","","","","","","","","","","","","","","","","","","","","","","","","","","","","","","","","","","","","","","","","","","","","","MUHAMMAD NAQIB IRHAS BIN RAMLAN","A-01-06","Lelaki","PETANG (3.00 PETANG - 6.30 PETANG)","AKITIVITI SANTAI","","","","",""
"2026/01/16 3:29:21 pm GMT+8","15 tahun","","","","","","","","","","","","","","","","","","","","","","","","","","","","","","","","","","","","","","","","","","MUHAMMAD HARRAZ SAUQI BIN KAMA","A-07-05","Lelaki","PETANG (3.00 PETANG - 6.30 PETANG)","AKTIVITI SANTAI","","","","","","","","","","","","","","",""
"2026/01/16 3:31:04 pm GMT+8","17 tahun","","","","","","","","","","","","","","","","","","","","","","","","","","","","","","","","","","","","","","","","","","","","","","","","","","","","LUTH MIKHAIL BIN AHMAD NOOR","C-09-20","Lelaki","PETANG (3.00 PETANG - 6.30 PETANG)","AKITIVITI SANTAI","","","","",""
"2026/01/16 4:30:28 pm GMT+8","13 tahun","","","","","","","","","","","","","","","","","","","","","","","","","","","","","","","","MUHAMMAD SHAHIR HAIKAL BIN ROSLAN","C-11-17","Lelaki","PETANG (3.00 PETANG - 6.30 PETANG)","AKTIVITI SANTAI","","","","","","","","","","","","","","","","","","","","","","","","",""
"2026/01/16 4:30:59 pm GMT+8","17 tahun","","","","","","","","","","","","","","","","","","","","","","","","","","","","","","","","","","","","","","","","","","","","","","","","","","","","SHAIRAH BINTI ROSLAN","C-11-17","Perempuan","PETANG (3.00 PETANG - 6.30 PETANG)","AKITIVITI SANTAI","","","","",""
"2026/01/16 4:47:27 pm GMT+8","15 tahun","","","","","","","","","","","","","","","","","","","","","","","","","","","","","","","","","","","","","","","","","","NURALIAHUSNA","C-10-09","Perempuan","PETANG (3.00 PETANG - 6.30 PETANG)","AKTIVITI SANTAI","","","","","","","","","","","","","","",""
"2026/01/16 4:48:01 pm GMT+8","15 tahun","","","","","","","","","","","","","","","","","","","","","","","","","","","","","","","","","","","","","","","","","","SITI NUR HASIRA BINTI MUHAMMADUN","B-02-14","Perempuan","PETANG (3.00 PETANG - 6.30 PETANG)","AKTIVITI SANTAI","","","","","","","","","","","","","","",""
"2026/01/16 5:24:43 pm GMT+8","11 tahun","","","","","","","","","","","","","","","","","","","","","","SUHAILA HANIFA BINTI MUHAMMADUN","B-02-14","Perempuan","PETANG (3.00 PETANG - 6.30 PETANG)","AKTIVITI SANTAI","","","","","","","","","","","","","","","","","","","","","","","","","","","","","","","","","","",""
"2026/01/16 5:25:21 pm GMT+8","7 tahun ke bawah","NUR ZARA AULIA BINTI MUHAMADUN","5 tahun","B-02-14","Perempuan","PETANG (3.00 PETANG - 6.30 PETANG)","AKTIVITI SANTAI","","","","","","","","","","","","","","","","","","","","","","","","","","","","","","","","","","","","","","","","","","","","","","","","","","","","","","",""
"2026/01/16 5:26:38 pm GMT+8","7 tahun ke bawah","Nur zad fakihah","3 tahun","B-02-14","Perempuan","PETANG (3.00 PETANG - 6.30 PETANG)","AKTIVITI SANTAI","","","","","","","","","","","","","","","","","","","","","","","","","","","","","","","","","","","","","","","","","","","","","","","","","","","","","","",""
"2026/01/16 5:27:20 pm GMT+8","15 tahun","","","","","","","","","","","","","","","","","","","","","","","","","","","","","","","","","","","","","","","","","","MUHAMAD ARFAN AQIM BIN ARMAN","B-08-10","Lelaki","PETANG (3.00 PETANG - 6.30 PETANG)","AKTIVITI SANTAI","","","","","","","","","","","","","","",""
"2026/01/16 5:29:58 pm GMT+8","13 tahun","","","","","","","","","","","","","","","","","","","","","","","","","","","","","","","","FARIZ ZIKRY BIN FAIZA","C-11-05","Lelaki","PETANG (3.00 PETANG - 6.30 PETANG)","PERMAINAN KOMPUTER","","","","","","","","","","","","","","","","","","","","","","","","",""
"2026/01/16 5:37:01 pm GMT+8","10 tahun","","","","","","","","","","","","","","","","","MUHAMMAD HAFIZAN BIN MUHAMAD FAIZAN","B-04-06","Lelaki","PETANG (3.00 PETANG - 6.30 PETANG)","PERMAINAN KOMPUTER","","","","","","","","","","","","","","","","","","","","","","","","","","","","","","","","","","","","","","","",""
"2026/01/16 5:43:34 pm GMT+8","12 tahun","","","","","","","","","","","","","","","","","","","","","","","","","","","MUHAMMAD RAYYAN ADAM","B-17-14","Lelaki","PETANG (3.00 PETANG - 6.30 PETANG)","AKTIVITI SANTAI","","","","","","","","","","","","","","","","","","","","","","","","","","","","","",""
"2026/01/16 9:05:42 pm GMT+8","15 tahun","","","","","","","","","","","","","","","","","","","","","","","","","","","","","","","","","","","","","","","","","","MUHAMAD ARFAN AQIM BIN ARMAN","B-08-10","Lelaki","MALAM (8.00 MALAM - 10.00 MALAM)","AKTIVITI SANTAI","","","","","","","","","","","","","","",""
"2026/01/16 9:06:18 pm GMT+8","16 tahun","","","","","","","","","","","","","","","","","","","","","","","","","","","","","","","","","","","","","","","","","","","","","","","ADAM ZAKRY BIN ZUL AMALI","B-13-10","Lelaki","MALAM (8.00 MALAM - 10.00 MALAM)","AKTIVITI SANTAI","","","","","","","","","",""
"2026/01/16 9:12:35 pm GMT+8","17 tahun","","","","","","","","","","","","","","","","","","","","","","","","","","","","","","","","","","","","","","","","","","","","","","","","","","","","MUHAMMAD ALIFF FURQAN BIN LOKMAN","B-05-05","Lelaki","MALAM (8.00 MALAM - 10.00 MALAM)","AKITIVITI SANTAI","","","","",""
"2026/01/16 9:13:05 pm GMT+8","18 tahun ke atas","","","","","","","","","","","","","","","","","","","","","","","","","","","","","","","","","","","","","","","","","","","","","","","","","","","","","","","","","MUHAMAD FITRI ASHARI BIN MUHAMAD FAIZAN","Lelaki","B-04-6","PETANG (3.00 PETANG - 6.30 PETANG","AKTIVITI SANTAI"
"2026/01/19 3:06:17 pm GMT+8","11 tahun","","","","","","","","","","","","","","","","","","","","","","QASEH NUR ZAHRA BIN KAMA","A-07-05","Perempuan","PETANG (3.00 PETANG - 6.30 PETANG)","AKTIVITI SANTAI","","","","","","","","","","","","","","","","","","","","","","","","","","","","","","","","","","",""
"2026/01/19 3:14:04 pm GMT+8","11 tahun","","","","","","","","","","","","","","","","","","","","","","ABi","C-9-7","Lelaki","PETANG (3.00 PETANG - 6.30 PETANG)","AKTIVITI SANTAI","","","","","","","","","","","","","","","","","","","","","","","","","","","","","","","","","","",""
"2026/01/19 4:01:28 pm GMT+8","15 tahun","","","","","","","","","","","","","","","","","","","","","","","","","","","","","","","","","","","","","","","","","","SITI NUR HASIRA BINTI MUHAMMADUN","B-02-14","Perempuan","PETANG (3.00 PETANG - 6.30 PETANG)","AKTIVITI SANTAI","","","","","","","","","","","","","","",""
"2026/01/19 4:29:02 pm GMT+8","10 tahun","","","","","","","","","","","","","","","","","MUHAMMAD HAFIZAN BIN MUHAMAD FAIZAN","B-04-06","Lelaki","PETANG (3.00 PETANG - 6.30 PETANG)","PERMAINAN KOMPUTER","","","","","","","","","","","","","","","","","","","","","","","","","","","","","","","","","","","","","","","",""
"2026/01/19 4:29:25 pm GMT+8","15 tahun","","","","","","","","","","","","","","","","","","","","","","","","","","","","","","","","","","","","","","","","","","MUHAMAD ARFAN AQIM BIN ARMAN","B-08-10","Lelaki","PETANG (3.00 PETANG - 6.30 PETANG)","AKTIVITI SANTAI","","","","","","","","","","","","","","",""
"2026/01/19 5:47:37 pm GMT+8","13 tahun","","","","","","","","","","","","","","","","","","","","","","","","","","","","","","","","SITI NUR SUMAYYAH BINTI FAIZAN","B-04-06","Perempuan","PETANG (3.00 PETANG - 6.30 PETANG)","PERMAINAN DALAMAN","","","","","","","","","","","","","","","","","","","","","","","","",""
"2026/01/19 5:48:24 pm GMT+8","7 tahun ke bawah","Siti nur hafizah","2 tahun","B-4-6","Perempuan","PETANG (3.00 PETANG - 6.30 PETANG)","PERMAINAN DALAMAN","","","","","","","","","","","","","","","","","","","","","","","","","","","","","","","","","","","","","","","","","","","","","","","","","","","","","","",""
"2026/01/19 5:49:15 pm GMT+8","12 tahun","","","","","","","","","","","","","","","","","","","","","","","","","","","NUR SALSABILLA RAMADHANI BINTI ABD RAHIM","A-04-10","Perempuan","PETANG (3.00 PETANG - 6.30 PETANG)","AKTIVITI SANTAI","","","","","","","","","","","","","","","","","","","","","","","","","","","","","",""
"2026/01/19 5:55:20 pm GMT+8","11 tahun","","","","","","","","","","","","","","","","","","","","","","NUR AFIRA RAISYA BIN MUHAMAD FAIZAL","B-10-18","Perempuan","PETANG (3.00 PETANG - 6.30 PETANG)","AKTIVITI SANTAI","","","","","","","","","","","","","","","","","","","","","","","","","","","","","","","","","","",""
"2026/01/19 5:56:25 pm GMT+8","11 tahun","","","","","","","","","","","","","","","","","","","","","","ALISHA HUMAIRAH","A-1-16","Perempuan","PETANG (3.00 PETANG - 6.30 PETANG)","AKTIVITI SANTAI","","","","","","","","","","","","","","","","","","","","","","","","","","","","","","","","","","",""
"2026/01/19 5:57:41 pm GMT+8","11 tahun","","","","","","","","","","","","","","","","","","","","","","SUHAILA HANIFA BINTI MUHAMMADUN","B-02-14","Perempuan","PETANG (3.00 PETANG - 6.30 PETANG)","AKTIVITI SANTAI","","","","","","","","","","","","","","","","","","","","","","","","","","","","","","","","","","",""
"2026/01/19 8:01:00 pm GMT+8","13 tahun","","","","","","","","","","","","","","","","","","","","","","","","","","","","","","","","QASEH NUR SALINA","A-07-05","Perempuan","PETANG (3.00 PETANG - 6.30 PETANG)","HOMEWORK CLUB","","","","","","","","","","","","","","","","","","","","","","","","",""
"2026/01/19 8:15:05 pm GMT+8","15 tahun","","","","","","","","","","","","","","","","","","","","","","","","","","","","","","","","","","","","","","","","","","SITI NUR HASIRA BINTI MUHAMMADUN","B-02-14","Perempuan","MALAM (8.00 MALAM - 10.00 MALAM)","AKTIVITI SANTAI","","","","","","","","","","","","","","",""
"2026/01/19 9:17:24 pm GMT+8","15 tahun","","","","","","","","","","","","","","","","","","","","","","","","","","","","","","","","","","","","","","","","","","NOR DAMIA FATIN BINTI GHAFFAR","C-06-10","Perempuan","PETANG (3.00 PETANG - 6.30 PETANG)","AKTIVITI SANTAI","","","","","","","","","","","","","","",""
"2026/01/19 9:17:38 pm GMT+8","15 tahun","","","","","","","","","","","","","","","","","","","","","","","","","","","","","","","","","","","","","","","","","","NOR DAMIA FATIN BINTI GHAFFAR","C-06-10","Perempuan","MALAM (8.00 MALAM - 10.00 MALAM)","AKTIVITI SANTAI","","","","","","","","","","","","","","",""
"2026/01/19 9:18:02 pm GMT+8","17 tahun","","","","","","","","","","","","","","","","","","","","","","","","","","","","","","","","","","","","","","","","","","","","","","","","","","","","SHAIRAH BINTI ROSLAN","C-11-17","Perempuan","MALAM (8.00 MALAM - 10.00 MALAM)","AKITIVITI SANTAI","","","","",""
"2026/01/19 9:18:22 pm GMT+8","17 tahun","","","","","","","","","","","","","","","","","","","","","","","","","","","","","","","","","","","","","","","","","","","","","","","","","","","","NUR QASEH QAISARA BINTI ABD RAHIM","A-04-10","Perempuan","MALAM (8.00 MALAM - 10.00 MALAM)","AKITIVITI SANTAI","","","","",""
"2026/01/19 9:19:05 pm GMT+8","18 tahun ke atas","","","","","","","","","","","","","","","","","","","","","","","","","","","","","","","","","","","","","","","","","","","","","","","","","","","","","","","","","NUR PUTRI RAMADHANI AKMA BIN MOHD NOOR AZLAN","Perempuan","C-9-13","MALAM ( 8.00 MALAM - 10.00 MALAM)","AKTIVITI SANTAI"
"2026/01/19 9:19:50 pm GMT+8","17 tahun","","","","","","","","","","","","","","","","","","","","","","","","","","","","","","","","","","","","","","","","","","","","","","","","","","","","MOHAMAD AZRUL AZRAI BIN HISHAM","B-13-12","Lelaki","MALAM (8.00 MALAM - 10.00 MALAM)","AKITIVITI SANTAI","","","","",""
"2026/01/19 9:22:52 pm GMT+8","17 tahun","","","","","","","","","","","","","","","","","","","","","","","","","","","","","","","","","","","","","","","","","","","","","","","","","","","","MUHAMMAD ALIFF FURQAN BIN LOKMAN","B-05-05","Lelaki","MALAM (8.00 MALAM - 10.00 MALAM)","AKITIVITI SANTAI","","","","",""
"2026/01/19 10:00:36 pm GMT+8","17 tahun","","","","","","","","","","","","","","","","","","","","","","","","","","","","","","","","","","","","","","","","","","","","","","","","","","","","LUTH MIKHAIL BIN AHMAD NOOR","C-09-20","Lelaki","MALAM (8.00 MALAM - 10.00 MALAM)","AKITIVITI SANTAI","","","","",""
"2026/01/20 3:06:05 pm GMT+8","11 tahun","","","","","","","","","","","","","","","","","","","","","","ABi","C-16-13","Lelaki","PETANG (3.00 PETANG - 6.30 PETANG)","AKTIVITI SANTAI","","","","","","","","","","","","","","","","","","","","","","","","","","","","","","","","","","",""
"2026/01/20 3:09:06 pm GMT+8","15 tahun","","","","","","","","","","","","","","","","","","","","","","","","","","","","","","","","","","","","","","","","","","ARIF DANIEL BIN FAIZUL AZLI","B-13-06","Perempuan","PETANG (3.00 PETANG - 6.30 PETANG)","AKTIVITI SANTAI","","","","","","","","","","","","","","",""
"2026/01/20 3:13:20 pm GMT+8","15 tahun","","","","","","","","","","","","","","","","","","","","","","","","","","","","","","","","","","","","","","","","","","MUHAMAD ARFAN AQIM BIN ARMAN","B-08-10","Lelaki","PETANG (3.00 PETANG - 6.30 PETANG)","AKTIVITI SANTAI","","","","","","","","","","","","","","",""
"2026/01/20 4:24:40 pm GMT+8","15 tahun","","","","","","","","","","","","","","","","","","","","","","","","","","","","","","","","","","","","","","","","","","SITI NUR HASIRA BINTI MUHAMMADUN","B-02-14","Perempuan","PETANG (3.00 PETANG - 6.30 PETANG)","HOMEWORK CLUB","","","","","","","","","","","","","","",""
"2026/01/20 4:46:18 pm GMT+8","11 tahun","","","","","","","","","","","","","","","","","","","","","","SUHAILA HANIFA BINTI MUHAMMADUN","B-02-14","Perempuan","PETANG (3.00 PETANG - 6.30 PETANG)","AKTIVITI SANTAI","","","","","","","","","","","","","","","","","","","","","","","","","","","","","","","","","","",""
"2026/01/20 4:46:44 pm GMT+8","11 tahun","","","","","","","","","","","","","","","","","","","","","","QASEH NUR ZAHRA BIN KAMA","A-07-05","Perempuan","PETANG (3.00 PETANG - 6.30 PETANG)","AKTIVITI SANTAI","","","","","","","","","","","","","","","","","","","","","","","","","","","","","","","","","","",""
"2026/01/20 4:47:40 pm GMT+8","11 tahun","","","","","","","","","","","","","","","","","","","","","","NUR AFIRA RAISYA BIN MUHAMAD FAIZAL","B-10-18","Perempuan","PETANG (3.00 PETANG - 6.30 PETANG)","Makan","","","","","","","","","","","","","","","","","","","","","","","","","","","","","","","","","","",""
"2026/01/20 4:48:20 pm GMT+8","11 tahun","","","","","","","","","","","","","","","","","","","","","","QASEH NUR ZAHRA BIN KAMA","A-07-05","Perempuan","PETANG (3.00 PETANG - 6.30 PETANG)","Makan","","","","","","","","","","","","","","","","","","","","","","","","","","","","","","","","","","",""
"2026/01/20 4:48:54 pm GMT+8","12 tahun","","","","","","","","","","","","","","","","","","","","","","","","","","","NUR SALSABILLA RAMADHANI BINTI ABD RAHIM","A-04-10","Perempuan","PETANG (3.00 PETANG - 6.30 PETANG)","Makan","","","","","","","","","","","","","","","","","","","","","","","","","","","","","",""
"2026/01/20 4:58:04 pm GMT+8","12 tahun","","","","","","","","","","","","","","","","","","","","","","","","","","","ERRYSHA DHAWEYYA BINTI MOHD ROSDI","C-6-16","Perempuan","PETANG (3.00 PETANG - 6.30 PETANG)","AKTIVITI SANTAI","","","","","","","","","","","","","","","","","","","","","","","","","","","","","",""
"2026/01/20 4:59:35 pm GMT+8","10 tahun","","","","","","","","","","","","","","","","","ERRYSYAM AMEER AIMAN BIN ABDULLAH","C-6-16","Lelaki","PETANG (3.00 PETANG - 6.30 PETANG)","AKTIVITI SANTAI","","","","","","","","","","","","","","","","","","","","","","","","","","","","","","","","","","","","","","","",""
"2026/01/20 5:01:34 pm GMT+8","10 tahun","","","","","","","","","","","","","","","","","Muhammad ramadhan","C-10-19","Lelaki","PETANG (3.00 PETANG - 6.30 PETANG)","AKTIVITI SANTAI","","","","","","","","","","","","","","","","","","","","","","","","","","","","","","","","","","","","","","","",""
"2026/01/20 5:08:33 pm GMT+8","7 tahun ke bawah","NUR ZARA AULIA BINTI MUHAMADUN","7 ","B-02-14","Perempuan","PETANG (3.00 PETANG - 6.30 PETANG)","MENONTON TELEVISYEN","","","","","","","","","","","","","","","","","","","","","","","","","","","","","","","","","","","","","","","","","","","","","","","","","","","","","","",""
"2026/01/20 5:09:13 pm GMT+8","8 tahun","","","","","","","MUHAMAD AYAS BN MUHAMADUN","B-02-14","Lelaki","PETANG (3.00 PETANG - 6.30 PETANG)","PERMAINAN KOMPUTER","","","","","","","","","","","","","","","","","","","","","","","","","","","","","","","","","","","","","","","","","","","","","","","","","",""
"2026/01/20 5:16:19 pm GMT+8","10 tahun","","","","","","","","","","","","","","","","","MUHAMMAD HAFIZAN BIN MUHAMAD FAIZAN","B-04-06","Lelaki","PETANG (3.00 PETANG - 6.30 PETANG)","PERMAINAN KOMPUTER","","","","","","","","","","","","","","","","","","","","","","","","","","","","","","","","","","","","","","","",""
"2026/01/20 5:17:41 pm GMT+8","11 tahun","","","","","","","","","","","","","","","","","","","","","","Adam rezky","C-07-04","Lelaki","PETANG (3.00 PETANG - 6.30 PETANG)","PERMAINAN KOMPUTER","","","","","","","","","","","","","","","","","","","","","","","","","","","","","","","","","","",""
"2026/01/20 5:21:13 pm GMT+8","12 tahun","","","","","","","","","","","","","","","","","","","","","","","","","","","MUHAMMAD RAYYAN ADAM","B-17-14","Lelaki","PETANG (3.00 PETANG - 6.30 PETANG)","AKTIVITI SANTAI","","","","","","","","","","","","","","","","","","","","","","","","","","","","","",""
"2026/01/20 5:21:36 pm GMT+8","8 tahun","","","","","","","MUHAMMAD QAYYUM AMSYAR","B-17-14","Lelaki","PETANG (3.00 PETANG - 6.30 PETANG)","AKTIVITI SANTAI","","","","","","","","","","","","","","","","","","","","","","","","","","","","","","","","","","","","","","","","","","","","","","","","","",""
"2026/01/20 5:22:28 pm GMT+8","9 tahun","","","","","","","","","","","","NUR SYAFIQAH MADIHAH BINTI SHAHRILRIZAL","B-04-13","Perempuan","PETANG (3.00 PETANG - 6.30 PETANG)","AKTIVITI SANTAI","","","","","","","","","","","","","","","","","","","","","","","","","","","","","","","","","","","","","","","","","","","","",""
"2026/01/20 5:58:33 pm GMT+8","15 tahun","","","","","","","","","","","","","","","","","","","","","","","","","","","","","","","","","","","","","","","","","","NOR DAMIA FATIN BINTI GHAFFAR","C-06-10","Perempuan","PETANG (3.00 PETANG - 6.30 PETANG)","AKTIVITI SANTAI","","","","","","","","","","","","","","",""
"2026/01/20 8:07:33 pm GMT+8","12 tahun","","","","","","","","","","","","","","","","","","","","","","","","","","","NUR MIZA ILYANA BINTI MAZLI","A-06-08","Perempuan","MALAM (8.00 MALAM - 10.00 MALAM)","KELAS TUISYEN","","","","","","","","","","","","","","","","","","","","","","","","","","","","","",""
"2026/01/20 8:07:58 pm GMT+8","11 tahun","","","","","","","","","","","","","","","","","","","","","","QASEH NUR ZAHRA BIN KAMA","A-07-05","Perempuan","PETANG (3.00 PETANG - 6.30 PETANG)","AKTIVITI SANTAI","","","","","","","","","","","","","","","","","","","","","","","","","","","","","","","","","","",""
"2026/01/20 8:08:16 pm GMT+8","11 tahun","","","","","","","","","","","","","","","","","","","","","","QASEH NUR ZAHRA BIN KAMA","A-07-05","Perempuan","MALAM (8.00 MALAM - 10.00 MALAM)","AKTIVITI SANTAI","","","","","","","","","","","","","","","","","","","","","","","","","","","","","","","","","","",""
"2026/01/20 8:11:21 pm GMT+8","12 tahun","","","","","","","","","","","","","","","","","","","","","","","","","","","NUR SALSABILLA RAMADHANI BINTI ABD RAHIM","A-04-10","Perempuan","MALAM (8.00 MALAM - 10.00 MALAM)","KELAS TUISYEN","","","","","","","","","","","","","","","","","","","","","","","","","","","","","",""
"2026/01/20 8:11:51 pm GMT+8","13 tahun","","","","","","","","","","","","","","","","","","","","","","","","","","","","","","","","QASEH NUR SALINA","A-07-05","Perempuan","MALAM (8.00 MALAM - 10.00 MALAM)","HOMEWORK CLUB","","","","","","","","","","","","","","","","","","","","","","","","",""
"2026/01/20 8:12:41 pm GMT+8","12 tahun","","","","","","","","","","","","","","","","","","","","","","","","","","","NURUL HAWA AMANI BINTI SULAIMAN","C-13-03","Perempuan","MALAM (8.00 MALAM - 10.00 MALAM)","KELAS TUISYEN","","","","","","","","","","","","","","","","","","","","","","","","","","","","","",""
"2026/01/20 8:13:13 pm GMT+8","12 tahun","","","","","","","","","","","","","","","","","","","","","","","","","","","NURATHIRA SYAHIRAH BINTI MOHAMAD","C-13-14","Perempuan","MALAM (8.00 MALAM - 10.00 MALAM)","KELAS TUISYEN","","","","","","","","","","","","","","","","","","","","","","","","","","","","","",""
"2026/01/20 8:16:01 pm GMT+8","12 tahun","","","","","","","","","","","","","","","","","","","","","","","","","","","NUR SOFEA SOLEHAH","C-12-14","Perempuan","MALAM (8.00 MALAM - 10.00 MALAM)","AKTIVITI SANTAI","","","","","","","","","","","","","","","","","","","","","","","","","","","","","",""
"2026/01/20 8:16:44 pm GMT+8","12 tahun","","","","","","","","","","","","","","","","","","","","","","","","","","","MUHAMMAD AZRUL AZIEB BIN HISHAM","B-13-12","Lelaki","MALAM (8.00 MALAM - 10.00 MALAM)","KELAS TUISYEN","","","","","","","","","","","","","","","","","","","","","","","","","","","","","",""
"2026/01/20 8:17:28 pm GMT+8","12 tahun","","","","","","","","","","","","","","","","","","","","","","","","","","","MUHAMMAD TAUFIQ AL AMIN BIN MOHD RIZAN","B-08-08","Lelaki","MALAM (8.00 MALAM - 10.00 MALAM)","AKTIVITI SANTAI","","","","","","","","","","","","","","","","","","","","","","","","","","","","","",""
"2026/01/20 8:19:00 pm GMT+8","12 tahun","","","","","","","","","","","","","","","","","","","","","","","","","","","MUHAMMAD FARISH HAIQAL BIN MOHD FAIRUZ","C-8-14","Lelaki","MALAM (8.00 MALAM - 10.00 MALAM)","PERMAINAN KOMPUTER","","","","","","","","","","","","","","","","","","","","","","","","","","","","","",""
"2026/01/20 8:20:19 pm GMT+8","12 tahun","","","","","","","","","","","","","","","","","","","","","","","","","","","ISMAHANI AFIA BINTI MUHAMAD YAMANI","B-04-15","Perempuan","MALAM (8.00 MALAM - 10.00 MALAM)","KELAS TUISYEN","","","","","","","","","","","","","","","","","","","","","","","","","","","","","",""
"2026/01/20 8:22:30 pm GMT+8","13 tahun","","","","","","","","","","","","","","","","","","","","","","","","","","","","","","","","SITI NUR SUMAYYAH BINTI FAIZAN","B-04-06","Perempuan","MALAM (8.00 MALAM - 10.00 MALAM)","PERMAINAN DALAMAN","","","","","","","","","","","","","","","","","","","","","","","","",""
"2026/01/20 8:28:51 pm GMT+8","12 tahun","","","","","","","","","","","","","","","","","","","","","","","","","","","MUHAMMAD ADAM RAYYAN","C-13-09","Lelaki","MALAM (8.00 MALAM - 10.00 MALAM)","KELAS TUISYEN","","","","","","","","","","","","","","","","","","","","","","","","","","","","","",""
"2026/01/21 3:07:38 pm GMT+8","11 tahun","","","","","","","","","","","","","","","","","","","","","","QASEH NUR ZAHRA BIN KAMA","A-07-05","Perempuan","PETANG (3.00 PETANG - 6.30 PETANG)","AKTIVITI SANTAI","","","","","","","","","","","","","","","","","","","","","","","","","","","","","","","","","","",""
"2026/01/21 3:10:39 pm GMT+8","10 tahun","","","","","","","","","","","","","","","","","MUHAMMAD HAFIZAN BIN MUHAMAD FAIZAN","B-04-06","Lelaki","PETANG (3.00 PETANG - 6.30 PETANG)","PERMAINAN KOMPUTER","","","","","","","","","","","","","","","","","","","","","","","","","","","","","","","","","","","","","","","",""
"2026/01/21 4:11:33 pm GMT+8","12 tahun","","","","","","","","","","","","","","","","","","","","","","","","","","","ERRYSHA DHAWEYYA BINTI MOHD ROSDI","C-6-16","Perempuan","PETANG (3.00 PETANG - 6.30 PETANG)","AKTIVITI SANTAI","","","","","","","","","","","","","","","","","","","","","","","","","","","","","",""
"2026/01/21 4:12:30 pm GMT+8","11 tahun","","","","","","","","","","","","","","","","","","","","","","NADHIRAH SYUHAIDAH BINTI SUKRI","C-07-13","Perempuan","PETANG (3.00 PETANG - 6.30 PETANG)","AKTIVITI SANTAI","","","","","","","","","","","","","","","","","","","","","","","","","","","","","","","","","","",""
"2026/01/21 4:14:32 pm GMT+8","17 tahun","","","","","","","","","","","","","","","","","","","","","","","","","","","","","","","","","","","","","","","","","","","","","","","","","","","","LUTH MIKHAIL BIN AHMAD NOOR","C-09-20","Lelaki","PETANG (3.00 PETANG - 6.30 PETANG)","AKITIVITI SANTAI","","","","",""
"2026/01/21 5:01:12 pm GMT+8","15 tahun","","","","","","","","","","","","","","","","","","","","","","","","","","","","","","","","","","","","","","","","","","SITI NUR HASIRA BINTI MUHAMMADUN","B-02-14","Perempuan","PETANG (3.00 PETANG - 6.30 PETANG)","AKTIVITI SANTAI","","","","","","","","","","","","","","",""
"2026/01/21 5:18:55 pm GMT+8","12 tahun","","","","","","","","","","","","","","","","","","","","","","","","","","","MUHAMMAD RAYYAN ADAM","B-17-14","Lelaki","PETANG (3.00 PETANG - 6.30 PETANG)","AKTIVITI SANTAI","","","","","","","","","","","","","","","","","","","","","","","","","","","","","",""
"2026/01/21 5:23:09 pm GMT+8","11 tahun","","","","","","","","","","","","","","","","","","","","","","MUHAMMAD ADAM RIZKY BIN ABDUL HAFIZ","C-07-04","Lelaki","PETANG (3.00 PETANG - 6.30 PETANG)","PERMAINAN KOMPUTER","","","","","","","","","","","","","","","","","","","","","","","","","","","","","","","","","","",""
"2026/01/21 8:10:34 pm GMT+8","11 tahun","","","","","","","","","","","","","","","","","","","","","","ABi","A-5-6","Lelaki","MALAM (8.00 MALAM - 10.00 MALAM)","AKTIVITI SANTAI","","","","","","","","","","","","","","","","","","","","","","","","","","","","","","","","","","",""
"2026/01/21 8:53:12 pm GMT+8","15 tahun","","","","","","","","","","","","","","","","","","","","","","","","","","","","","","","","","","","","","","","","","","NOR DAMIA FATIN BINTI GHAFFAR","C-06-10","Perempuan","MALAM (8.00 MALAM - 10.00 MALAM)","AKTIVITI SANTAI","","","","","","","","","","","","","","",""
"2026/01/21 8:53:40 pm GMT+8","17 tahun","","","","","","","","","","","","","","","","","","","","","","","","","","","","","","","","","","","","","","","","","","","","","","","","","","","","NUR QASEH QAISARA BINTI ABD RAHIM","A-04-10","Perempuan","MALAM (8.00 MALAM - 10.00 MALAM)","AKITIVITI SANTAI","","","","",""
"2026/01/21 8:54:32 pm GMT+8","15 tahun","","","","","","","","","","","","","","","","","","","","","","","","","","","","","","","","","","","","","","","","","","SITI NUR HASIRA BINTI MUHAMMADUN","B-02-14","Perempuan","MALAM (8.00 MALAM - 10.00 MALAM)","AKTIVITI SANTAI","","","","","","","","","","","","","","",""
"2026/01/21 8:55:31 pm GMT+8","17 tahun","","","","","","","","","","","","","","","","","","","","","","","","","","","","","","","","","","","","","","","","","","","","","","","","","","","","LUTH MIKHAIL BIN AHMAD NOOR","C-09-20","Lelaki","MALAM (8.00 MALAM - 10.00 MALAM)","HOMEWORK CLUB","","","","",""
"2026/01/21 9:05:46 pm GMT+8","17 tahun","","","","","","","","","","","","","","","","","","","","","","","","","","","","","","","","","","","","","","","","","","","","","","","","","","","","MOHAMAD AZRUL AZRAI BIN HISHAM","B-13-12","Lelaki","MALAM (8.00 MALAM - 10.00 MALAM)","AKITIVITI SANTAI","","","","",""
"2026/01/21 9:35:12 pm GMT+8","13 tahun","","","","","","","","","","","","","","","","","","","","","","","","","","","","","","","","MUHAMMAD SAFUANAJMIN BIN JASMI","B-05-12","Lelaki","MALAM (8.00 MALAM - 10.00 MALAM)","AKTIVITI SANTAI","","","","","","","","","","","","","","","","","","","","","","","","",""
"2026/01/22 3:58:29 pm GMT+8","11 tahun","","","","","","","","","","","","","","","","","","","","","","ABi","A-14-14","Lelaki","PETANG (3.00 PETANG - 6.30 PETANG)","AKTIVITI SANTAI","","","","","","","","","","","","","","","","","","","","","","","","","","","","","","","","","","",""
"2026/01/22 4:03:42 pm GMT+8","12 tahun","","","","","","","","","","","","","","","","","","","","","","","","","","","ERRYSHA DHAWEYYA BINTI MOHD ROSDI","C-6-16","Perempuan","PETANG (3.00 PETANG - 6.30 PETANG)","AKTIVITI SANTAI","","","","","","","","","","","","","","","","","","","","","","","","","","","","","",""
"2026/01/22 4:40:17 pm GMT+8","17 tahun","","","","","","","","","","","","","","","","","","","","","","","","","","","","","","","","","","","","","","","","","","","","","","","","","","","","LUTH MIKHAIL BIN AHMAD NOOR","C-09-20","Lelaki","PETANG (3.00 PETANG - 6.30 PETANG)","AKITIVITI SANTAI","","","","",""
"2026/01/22 4:40:44 pm GMT+8","15 tahun","","","","","","","","","","","","","","","","","","","","","","","","","","","","","","","","","","","","","","","","","","MUHAMMAD HARRAZ SAUQI BIN KAMA","A-07-05","Lelaki","PETANG (3.00 PETANG - 6.30 PETANG)","AKTIVITI SANTAI","","","","","","","","","","","","","","",""
"2026/01/22 4:41:37 pm GMT+8","17 tahun","","","","","","","","","","","","","","","","","","","","","","","","","","","","","","","","","","","","","","","","","","","","","","","","","","","","NUR QASEH QAISARA BINTI ABD RAHIM","A-04-10","Perempuan","PETANG (3.00 PETANG - 6.30 PETANG)","HOMEWORK CLUB","","","","",""
"2026/01/22 5:12:01 pm GMT+8","15 tahun","","","","","","","","","","","","","","","","","","","","","","","","","","","","","","","","","","","","","","","","","","NOR DAMIA FATIN BINTI GHAFFAR","C-06-10","Perempuan","PETANG (3.00 PETANG - 6.30 PETANG)","AKTIVITI SANTAI","","","","","","","","","","","","","","",""
"2026/01/22 5:12:38 pm GMT+8","15 tahun","","","","","","","","","","","","","","","","","","","","","","","","","","","","","","","","","","","","","","","","","","SITI NUR HASIRA BINTI MUHAMMADUN","B-02-14","Perempuan","PETANG (3.00 PETANG - 6.30 PETANG)","HOMEWORK CLUB","","","","","","","","","","","","","","",""
"2026/01/22 5:19:16 pm GMT+8","12 tahun","","","","","","","","","","","","","","","","","","","","","","","","","","","MUHAMMAD RAYYAN ADAM","B-17-14","Lelaki","PETANG (3.00 PETANG - 6.30 PETANG)","AKTIVITI SANTAI","","","","","","","","","","","","","","","","","","","","","","","","","","","","","",""
"2026/01/22 8:35:13 pm GMT+8","17 tahun","","","","","","","","","","","","","","","","","","","","","","","","","","","","","","","","","","","","","","","","","","","","","","","","","","","","NUR QASEH QAISARA BINTI ABD RAHIM","A-04-10","Perempuan","MALAM (8.00 MALAM - 10.00 MALAM)","HOMEWORK CLUB","","","","",""
"2026/01/22 8:35:41 pm GMT+8","17 tahun","","","","","","","","","","","","","","","","","","","","","","","","","","","","","","","","","","","","","","","","","","","","","","","","","","","","MOHAMAD AZRUL AZRAI BIN HISHAM","B-13-12","Lelaki","MALAM (8.00 MALAM - 10.00 MALAM)","MENONTON TELEVISYEN","","","","",""
"2026/01/22 8:36:40 pm GMT+8","17 tahun","","","","","","","","","","","","","","","","","","","","","","","","","","","","","","","","","","","","","","","","","","","","","","","","","","","","LUTH MIKHAIL BIN AHMAD NOOR","C-09-20","Lelaki","MALAM (8.00 MALAM - 10.00 MALAM)","HOMEWORK CLUB","","","","",""
"2026/01/22 8:37:16 pm GMT+8","17 tahun","","","","","","","","","","","","","","","","","","","","","","","","","","","","","","","","","","","","","","","","","","","","","","","","","","","","SHAIRAH BINTI ROSLAN","C-11-17","Perempuan","MALAM (8.00 MALAM - 10.00 MALAM)","HOMEWORK CLUB","","","","",""
"2026/01/22 8:38:00 pm GMT+8","15 tahun","","","","","","","","","","","","","","","","","","","","","","","","","","","","","","","","","","","","","","","","","","NOR DAMIA FATIN BINTI GHAFFAR","C-06-10","Perempuan","MALAM (8.00 MALAM - 10.00 MALAM)","HOMEWORK CLUB","","","","","","","","","","","","","","",""
"2026/01/22 8:39:00 pm GMT+8","18 tahun ke atas","","","","","","","","","","","","","","","","","","","","","","","","","","","","","","","","","","","","","","","","","","","","","","","","","","","","","","","","","MAIZATULAKMA LISA AQILAH BINTI ABDULLAH","Perempuan","B-4-16","MALAM ( 8.00 MALAM - 10.00 MALAM)","HOMEWORK CLUB"
"2026/01/22 8:39:24 pm GMT+8","15 tahun","","","","","","","","","","","","","","","","","","","","","","","","","","","","","","","","","","","","","","","","","","MUHAMMAD HARRAZ SAUQI BIN KAMA","A-07-05","Lelaki","MALAM (8.00 MALAM - 10.00 MALAM)","HOMEWORK CLUB","","","","","","","","","","","","","","",""
"2026/01/22 8:40:07 pm GMT+8","17 tahun","","","","","","","","","","","","","","","","","","","","","","","","","","","","","","","","","","","","","","","","","","","","","","","","","","","","MUHAMMAD ALIFF FURQAN BIN LOKMAN","B-05-05","Lelaki","MALAM (8.00 MALAM - 10.00 MALAM)","HOMEWORK CLUB","","","","",""
"2026/01/22 9:08:05 pm GMT+8","13 tahun","","","","","","","","","","","","","","","","","","","","","","","","","","","","","","","","MUHAMMAD SAFUANAJMIN BIN JASMI","B-05-12","Lelaki","MALAM (8.00 MALAM - 10.00 MALAM)","AKTIVITI SANTAI","","","","","","","","","","","","","","","","","","","","","","","","",""
"2026/01/23 3:07:27 pm GMT+8","10 tahun","","","","","","","","","","","","","","","","","MUHAMMAD HAFIZAN BIN MUHAMAD FAIZAN","B-04-06","Lelaki","PETANG (3.00 PETANG - 6.30 PETANG)","PERMAINAN KOMPUTER","","","","","","","","","","","","","","","","","","","","","","","","","","","","","","","","","","","","","","","",""
"2026/01/23 3:08:13 pm GMT+8","11 tahun","","","","","","","","","","","","","","","","","","","","","","QASEH NUR ZAHRA BIN KAMA","A-07-05","Perempuan","PETANG (3.00 PETANG - 6.30 PETANG)","AKTIVITI SANTAI","","","","","","","","","","","","","","","","","","","","","","","","","","","","","","","","","","",""
"2026/01/23 3:41:12 pm GMT+8","11 tahun","","","","","","","","","","","","","","","","","","","","","","ABi","C-10-05","Perempuan","PETANG (3.00 PETANG - 6.30 PETANG)","AKTIVITI SANTAI","","","","","","","","","","","","","","","","","","","","","","","","","","","","","","","","","","",""
"2026/01/23 4:22:02 pm GMT+8","15 tahun","","","","","","","","","","","","","","","","","","","","","","","","","","","","","","","","","","","","","","","","","","MUHAMAD ARFAN AQIM BIN ARMAN","B-08-10","Lelaki","PETANG (3.00 PETANG - 6.30 PETANG)","AKTIVITI SANTAI","","","","","","","","","","","","","","",""
"2026/01/23 4:23:03 pm GMT+8","17 tahun","","","","","","","","","","","","","","","","","","","","","","","","","","","","","","","","","","","","","","","","","","","","","","","","","","","","SHAIRAH BINTI ROSLAN","C-11-17","Perempuan","PETANG (3.00 PETANG - 6.30 PETANG)","AKITIVITI SANTAI","","","","",""
"2026/01/23 4:23:27 pm GMT+8","15 tahun","","","","","","","","","","","","","","","","","","","","","","","","","","","","","","","","","","","","","","","","","","NOR DAMIA FATIN BINTI GHAFFAR","C-06-10","Perempuan","PETANG (3.00 PETANG - 6.30 PETANG)","AKTIVITI SANTAI","","","","","","","","","","","","","","",""
"2026/01/23 4:23:56 pm GMT+8","15 tahun","","","","","","","","","","","","","","","","","","","","","","","","","","","","","","","","","","","","","","","","","","MUHAMMAD HARRAZ SAUQI BIN KAMA","A-07-05","Lelaki","PETANG (3.00 PETANG - 6.30 PETANG)","AKTIVITI SANTAI","","","","","","","","","","","","","","",""
"2026/01/23 5:15:38 pm GMT+8","12 tahun","","","","","","","","","","","","","","","","","","","","","","","","","","","MUHAMMAD RAYYAN ADAM","B-17-14","Lelaki","PETANG (3.00 PETANG - 6.30 PETANG)","AKTIVITI SANTAI","","","","","","","","","","","","","","","","","","","","","","","","","","","","","",""
"2026/01/23 5:16:22 pm GMT+8","15 tahun","","","","","","","","","","","","","","","","","","","","","","","","","","","","","","","","","","","","","","","","","","NUR ALIA HUSNA BINTI ABDUL HADI","C-10-09","Perempuan","PETANG (3.00 PETANG - 6.30 PETANG)","AKTIVITI SANTAI","","","","","","","","","","","","","","",""
"2026/01/23 5:46:40 pm GMT+8","11 tahun","","","","","","","","","","","","","","","","","","","","","","Aqil farhan","A-10-6","Lelaki","PETANG (3.00 PETANG - 6.30 PETANG)","AKTIVITI SANTAI","","","","","","","","","","","","","","","","","","","","","","","","","","","","","","","","","","",""
"2026/01/23 5:58:36 pm GMT+8","11 tahun","","","","","","","","","","","","","","","","","","","","","","NUR AFIRA RAISYA BIN MUHAMAD FAIZAL","B-10-18","Perempuan","PETANG (3.00 PETANG - 6.30 PETANG)","AKTIVITI SANTAI","","","","","","","","","","","","","","","","","","","","","","","","","","","","","","","","","","",""
"2026/01/23 6:00:05 pm GMT+8","11 tahun","","","","","","","","","","","","","","","","","","","","","","NUR ARIANA SAFIYA NABILA BINTI MHD YUSNI","A-05-09","Perempuan","PETANG (3.00 PETANG - 6.30 PETANG)","AKTIVITI SANTAI","","","","","","","","","","","","","","","","","","","","","","","","","","","","","","","","","","",""
"2026/01/23 6:01:09 pm GMT+8","17 tahun","","","","","","","","","","","","","","","","","","","","","","","","","","","","","","","","","","","","","","","","","","","","","","","","","","","","MOHAMAD AZRUL AZRAI BIN HISHAM","B-13-12","Lelaki","PETANG (3.00 PETANG - 6.30 PETANG)","AKITIVITI SANTAI","","","","",""
"2026/01/23 9:32:07 pm GMT+8","13 tahun","","","","","","","","","","","","","","","","","","","","","","","","","","","","","","","","MUHAMMAD SAFUANAJMIN BIN JASMI","B-05-12","Lelaki","PETANG (3.00 PETANG - 6.30 PETANG)","AKTIVITI SANTAI","","","","","","","","","","","","","","","","","","","","","","","","",""
"2026/01/23 9:32:50 pm GMT+8","17 tahun","","","","","","","","","","","","","","","","","","","","","","","","","","","","","","","","","","","","","","","","","","","","","","","","","","","","SHAIRAH BINTI ROSLAN","C-11-17","Perempuan","MALAM (8.00 MALAM - 10.00 MALAM)","KELAS TUISYEN","","","","",""
"2026/01/23 9:33:09 pm GMT+8","17 tahun","","","","","","","","","","","","","","","","","","","","","","","","","","","","","","","","","","","","","","","","","","","","","","","","","","","","MUHAMMAD NAQIB IRHAS BIN RAMLAN","A-01-06","Perempuan","MALAM (8.00 MALAM - 10.00 MALAM)","KELAS TUISYEN","","","","",""
"2026/01/23 9:34:23 pm GMT+8","17 tahun","","","","","","","","","","","","","","","","","","","","","","","","","","","","","","","","","","","","","","","","","","","","","","","","","","","","LUTH MIKHAIL BIN AHMAD NOOR","C-09-20","Lelaki","MALAM (8.00 MALAM - 10.00 MALAM)","KELAS TUISYEN","","","","",""
"2026/01/23 9:35:04 pm GMT+8","17 tahun","","","","","","","","","","","","","","","","","","","","","","","","","","","","","","","","","","","","","","","","","","","","","","","","","","","","MUHAMMAD ALIFF FURQAN BIN LOKMAN","B-05-05","Lelaki","MALAM (8.00 MALAM - 10.00 MALAM)","KELAS TUISYEN","","","","",""
"2026/01/23 9:35:36 pm GMT+8","15 tahun","","","","","","","","","","","","","","","","","","","","","","","","","","","","","","","","","","","","","","","","","","SITI NUR HASIRA BINTI MUHAMMADUN","B-02-14","Perempuan","MALAM (8.00 MALAM - 10.00 MALAM)","KELAS TUISYEN","","","","","","","","","","","","","","",""
"2026/01/23 9:36:26 pm GMT+8","17 tahun","","","","","","","","","","","","","","","","","","","","","","","","","","","","","","","","","","","","","","","","","","","","","","","","","","","","Muhamammad azrul azrai ","B-13-12","Lelaki","MALAM (8.00 MALAM - 10.00 MALAM)","KELAS TUISYEN","","","","",""
"2026/01/26 3:06:08 pm GMT+8","11 tahun","","","","","","","","","","","","","","","","","","","","","","ABi","A-14-14","Lelaki","PETANG (3.00 PETANG - 6.30 PETANG)","AKTIVITI SANTAI","","","","","","","","","","","","","","","","","","","","","","","","","","","","","","","","","","",""
"2026/01/26 3:14:21 pm GMT+8","10 tahun","","","","","","","","","","","","","","","","","MUHAMMAD HAFIZAN BIN MUHAMAD FAIZAN","B-04-06","Lelaki","PETANG (3.00 PETANG - 6.30 PETANG)","PERMAINAN KOMPUTER","","","","","","","","","","","","","","","","","","","","","","","","","","","","","","","","","","","","","","","",""
"2026/01/26 3:35:58 pm GMT+8","15 tahun","","","","","","","","","","","","","","","","","","","","","","","","","","","","","","","","","","","","","","","","","","MUHAMAD ARFAN AQIM BIN ARMAN","B-08-10","Lelaki","PETANG (3.00 PETANG - 6.30 PETANG)","LATIHAN MATEMATIK","","","","","","","","","","","","","","",""
"2026/01/26 3:55:17 pm GMT+8","11 tahun","","","","","","","","","","","","","","","","","","","","","","NUR AFIRA RAISYA BIN MUHAMAD FAIZAL","B-10-18","Perempuan","PETANG (3.00 PETANG - 6.30 PETANG)","AKTIVITI SANTAI","","","","","","","","","","","","","","","","","","","","","","","","","","","","","","","","","","",""
"2026/01/26 3:55:45 pm GMT+8","11 tahun","","","","","","","","","","","","","","","","","","","","","","SUHAILA HANIFA BINTI MUHAMMADUN","B-02-12","Perempuan","PETANG (3.00 PETANG - 6.30 PETANG)","AKTIVITI SANTAI","","","","","","","","","","","","","","","","","","","","","","","","","","","","","","","","","","",""
"2026/01/26 3:57:56 pm GMT+8","11 tahun","","","","","","","","","","","","","","","","","","","","","","SUHAILA HANIFA BINTI MUHAMMADUN","B-02-14","Perempuan","PETANG (3.00 PETANG - 6.30 PETANG)","MENONTON TELEVISYEN","","","","","","","","","","","","","","","","","","","","","","","","","","","","","","","","","","",""
"2026/01/26 4:19:53 pm GMT+8","11 tahun","","","","","","","","","","","","","","","","","","","","","","QASEH NUR ZAHRA BIN KAMA","A-07-05","Perempuan","PETANG (3.00 PETANG - 6.30 PETANG)","AKTIVITI SANTAI","","","","","","","","","","","","","","","","","","","","","","","","","","","","","","","","","","",""
"2026/01/26 4:20:13 pm GMT+8","12 tahun","","","","","","","","","","","","","","","","","","","","","","","","","","","NUR SALSABILLA RAMADHANI BINTI ABD RAHIM","A-04-10","Perempuan","PETANG (3.00 PETANG - 6.30 PETANG)","AKTIVITI SANTAI","","","","","","","","","","","","","","","","","","","","","","","","","","","","","",""
"2026/01/26 5:07:49 pm GMT+8","12 tahun","","","","","","","","","","","","","","","","","","","","","","","","","","","NUR MIZA ILYANA BINTI MAZLI","A-06-08","Perempuan","PETANG (3.00 PETANG - 6.30 PETANG)","AKTIVITI SANTAI","","","","","","","","","","","","","","","","","","","","","","","","","","","","","",""
"2026/01/26 6:25:47 pm GMT+8","17 tahun","","","","","","","","","","","","","","","","","","","","","","","","","","","","","","","","","","","","","","","","","","","","","","","","","","","","LUTH MIKHAIL BIN AHMAD NOOR","C-09-20","Lelaki","PETANG (3.00 PETANG - 6.30 PETANG)","AKITIVITI SANTAI","","","","",""
"2026/01/26 8:02:41 pm GMT+8","11 tahun","","","","","","","","","","","","","","","","","","","","","","QASEH NUR ZAHRA BIN KAMA","A-07-05","Perempuan","MALAM (8.00 MALAM - 10.00 MALAM)","AKTIVITI SANTAI","","","","","","","","","","","","","","","","","","","","","","","","","","","","","","","","","","",""
"2026/01/26 8:06:15 pm GMT+8","11 tahun","","","","","","","","","","","","","","","","","","","","","","Afiq rayqal","A-7-16","Lelaki","MALAM (8.00 MALAM - 10.00 MALAM)","AKTIVITI SANTAI","","","","","","","","","","","","","","","","","","","","","","","","","","","","","","","","","","",""
"2026/01/26 8:06:40 pm GMT+8","13 tahun","","","","","","","","","","","","","","","","","","","","","","","","","","","","","","","","MUHAMMAD SAFUANAJMIN BIN JASMI","B-05-12","Lelaki","MALAM (8.00 MALAM - 10.00 MALAM)","AKTIVITI SANTAI","","","","","","","","","","","","","","","","","","","","","","","","",""
"2026/01/26 8:59:53 pm GMT+8","13 tahun","","","","","","","","","","","","","","","","","","","","","","","","","","","","","","","","QASEH NUR SALINA","A-07-05","Perempuan","MALAM (8.00 MALAM - 10.00 MALAM)","AKTIVITI SANTAI","","","","","","","","","","","","","","","","","","","","","","","","",""
"2026/01/26 9:00:42 pm GMT+8","13 tahun","","","","","","","","","","","","","","","","","","","","","","","","","","","","","","","","MUHAMAD RAMADAN BN MUHAMADUN","B-02-14","Lelaki","PETANG (3.00 PETANG - 6.30 PETANG)","AKTIVITI SANTAI","","","","","","","","","","","","","","","","","","","","","","","","",""
"2026/01/26 9:02:32 pm GMT+8","15 tahun","","","","","","","","","","","","","","","","","","","","","","","","","","","","","","","","","","","","","","","","","","SITI NUR HASIRA BINTI MUHAMMADUN","B-02-14","Perempuan","MALAM (8.00 MALAM - 10.00 MALAM)","HOMEWORK CLUB","","","","","","","","","","","","","","",""
"2026/01/26 9:03:21 pm GMT+8","17 tahun","","","","","","","","","","","","","","","","","","","","","","","","","","","","","","","","","","","","","","","","","","","","","","","","","","","","SHAIRAH BINTI ROSLAN","C-11-17","Perempuan","MALAM (8.00 MALAM - 10.00 MALAM)","HOMEWORK CLUB","","","","",""
"2026/01/26 9:04:06 pm GMT+8","18 tahun ke atas","","","","","","","","","","","","","","","","","","","","","","","","","","","","","","","","","","","","","","","","","","","","","","","","","","","","","","","","","MAIZATULAKMA LISA AQILAH BINTI ABDULLAH","Perempuan","B-4-15","MALAM ( 8.00 MALAM - 10.00 MALAM)","AKTIVITI SANTAI"
"2026/01/26 9:05:09 pm GMT+8","17 tahun","","","","","","","","","","","","","","","","","","","","","","","","","","","","","","","","","","","","","","","","","","","","","","","","","","","","NUR QASEH QAISARA BINTI ABD RAHIM","A-04-10","Perempuan","MALAM (8.00 MALAM - 10.00 MALAM)","HOMEWORK CLUB","","","","",""
"2026/01/26 9:05:41 pm GMT+8","17 tahun","","","","","","","","","","","","","","","","","","","","","","","","","","","","","","","","","","","","","","","","","","","","","","","","","","","","MOHAMAD AZRUL AZRAI BIN HISHAM","B-13-12","Lelaki","MALAM (8.00 MALAM - 10.00 MALAM)","AKITIVITI SANTAI","","","","",""
"2026/01/26 9:06:11 pm GMT+8","17 tahun","","","","","","","","","","","","","","","","","","","","","","","","","","","","","","","","","","","","","","","","","","","","","","","","","","","","LUTH MIKHAIL BIN AHMAD NOOR","C-09-20","Lelaki","MALAM (8.00 MALAM - 10.00 MALAM)","HOMEWORK CLUB","","","","",""
"2026/01/26 9:06:32 pm GMT+8","17 tahun","","","","","","","","","","","","","","","","","","","","","","","","","","","","","","","","","","","","","","","","","","","","","","","","","","","","MUHAMMAD ALIFF FURQAN BIN LOKMAN","B-05-05","Lelaki","MALAM (8.00 MALAM - 10.00 MALAM)","HOMEWORK CLUB","","","","",""
"2026/01/26 9:06:52 pm GMT+8","15 tahun","","","","","","","","","","","","","","","","","","","","","","","","","","","","","","","","","","","","","","","","","","MUHAMMAD HARRAZ SAUQI BIN KAMA","A-07-05","Lelaki","MALAM (8.00 MALAM - 10.00 MALAM)","HOMEWORK CLUB","","","","","","","","","","","","","","",""
"2026/01/26 9:07:09 pm GMT+8","16 tahun","","","","","","","","","","","","","","","","","","","","","","","","","","","","","","","","","","","","","","","","","","","","","","","MOHAMAD AZRUL AZIEM BIN HISHAM","B-13-12","Lelaki","MALAM (8.00 MALAM - 10.00 MALAM)","AKTIVITI SANTAI","","","","","","","","","",""
"2026/01/27 3:07:41 pm GMT+8","7 tahun ke bawah","Uu","7","A-07-05","Lelaki","PETANG (3.00 PETANG - 6.30 PETANG)","AKTIVITI MODUL","","","","","","","","","","","","","","","","","","","","","","","","","","","","","","","","","","","","","","","","","","","","","","","","","","","","","","",""
"2026/01/27 3:08:18 pm GMT+8","11 tahun","","","","","","","","","","","","","","","","","","","","","","ABi","C-01-08","Lelaki","PETANG (3.00 PETANG - 6.30 PETANG)","AKTIVITI SANTAI","","","","","","","","","","","","","","","","","","","","","","","","","","","","","","","","","","",""
"2026/01/27 4:46:45 pm GMT+8","11 tahun","","","","","","","","","","","","","","","","","","","","","","MUHAMMAD AQIL ZIQRI BIN FAIZAL","C-10-05","Lelaki","PETANG (3.00 PETANG - 6.30 PETANG)","MENONTON TELEVISYEN","","","","","","","","","","","","","","","","","","","","","","","","","","","","","","","","","","",""
"2026/01/27 4:47:16 pm GMT+8","10 tahun","","","","","","","","","","","","","","","","","MUHAMMAD FAIDIL HARRAZ BIN FAIZAL","C-10-05","Lelaki","PETANG (3.00 PETANG - 6.30 PETANG)","MENONTON TELEVISYEN","","","","","","","","","","","","","","","","","","","","","","","","","","","","","","","","","","","","","","","",""
"2026/01/27 4:48:51 pm GMT+8","7 tahun ke bawah","ALISHA AZZALIA BINTI FAIZAL","6","C-10-05","Perempuan","PETANG (3.00 PETANG - 6.30 PETANG)","MENONTON TELEVISYEN","","","","","","","","","","","","","","","","","","","","","","","","","","","","","","","","","","","","","","","","","","","","","","","","","","","","","","",""
"2026/01/27 4:50:26 pm GMT+8","7 tahun ke bawah","AIRY ASIAH AZZARA BINTI FAIZAL","5","C-10-05","Perempuan","PETANG (3.00 PETANG - 6.30 PETANG)","MENONTON TELEVISYEN","","","","","","","","","","","","","","","","","","","","","","","","","","","","","","","","","","","","","","","","","","","","","","","","","","","","","","",""
"2026/01/27 4:51:49 pm GMT+8","7 tahun ke bawah","MUHAMMAD FARID FAIQ BIN FAIZAL","4","C-10-05","Lelaki","PETANG (3.00 PETANG - 6.30 PETANG)","MENONTON TELEVISYEN","","","","","","","","","","","","","","","","","","","","","","","","","","","","","","","","","","","","","","","","","","","","","","","","","","","","","","",""
"2026/01/27 4:52:20 pm GMT+8","15 tahun","","","","","","","","","","","","","","","","","","","","","","","","","","","","","","","","","","","","","","","","","","NUR ALIA HUSNA BINTI ABDUL HADI","C-10-09","Perempuan","PETANG (3.00 PETANG - 6.30 PETANG)","AKTIVITI SANTAI","","","","","","","","","","","","","","",""
"2026/01/27 5:20:41 pm GMT+8","10 tahun","","","","","","","","","","","","","","","","","MUHAMMAD HAFIZAN BIN MUHAMAD FAIZAN","B-04-06","Lelaki","PETANG (3.00 PETANG - 6.30 PETANG)","PERMAINAN KOMPUTER","","","","","","","","","","","","","","","","","","","","","","","","","","","","","","","","","","","","","","","",""
"2026/01/27 5:21:53 pm GMT+8","15 tahun","","","","","","","","","","","","","","","","","","","","","","","","","","","","","","","","","","","","","","","","","","MUHAMMAD HARRAZ SAUQI BIN KAMA","A-07-05","Lelaki","PETANG (3.00 PETANG - 6.30 PETANG)","AKTIVITI SANTAI","","","","","","","","","","","","","","",""
"2026/01/27 5:27:47 pm GMT+8","16 tahun","","","","","","","","","","","","","","","","","","","","","","","","","","","","","","","","","","","","","","","","","","","","","","","ADAM ZAKRY BIN ZUL AMALI","B-13-10","Lelaki","PETANG (3.00 PETANG - 6.30 PETANG)","AKTIVITI SANTAI","","","","","","","","","",""
"2026/01/27 8:04:08 pm GMT+8","12 tahun","","","","","","","","","","","","","","","","","","","","","","","","","","","NUR MIZA ILYANA BINTI MAZLI","A-06-08","Perempuan","MALAM (8.00 MALAM - 10.00 MALAM)","KELAS TUISYEN","","","","","","","","","","","","","","","","","","","","","","","","","","","","","",""
"2026/01/27 8:04:30 pm GMT+8","12 tahun","","","","","","","","","","","","","","","","","","","","","","","","","","","NUR SALSABILLA RAMADHANI BINTI ABD RAHIM","A-04-10","Perempuan","MALAM (8.00 MALAM - 10.00 MALAM)","KELAS TUISYEN","","","","","","","","","","","","","","","","","","","","","","","","","","","","","",""
"2026/01/27 8:05:37 pm GMT+8","12 tahun","","","","","","","","","","","","","","","","","","","","","","","","","","","NUR FATHIA ALEEYA BINTI MUHD FAZIHAN","B-14-10","Perempuan","MALAM (8.00 MALAM - 10.00 MALAM)","KELAS TUISYEN","","","","","","","","","","","","","","","","","","","","","","","","","","","","","",""
"2026/01/27 8:06:20 pm GMT+8","12 tahun","","","","","","","","","","","","","","","","","","","","","","","","","","","MUHAMMAD TAUFIQ AL AMIN BIN MOHD RIZAN","B-08-08","Lelaki","MALAM (8.00 MALAM - 10.00 MALAM)","KELAS TUISYEN","","","","","","","","","","","","","","","","","","","","","","","","","","","","","",""
"2026/01/27 8:08:12 pm GMT+8","12 tahun","","","","","","","","","","","","","","","","","","","","","","","","","","","MUHD FARISH HAIQAL BIN MOHD FAIRUZ","C-8-14","Lelaki","MALAM (8.00 MALAM - 10.00 MALAM)","PERMAINAN KOMPUTER","","","","","","","","","","","","","","","","","","","","","","","","","","","","","",""
"2026/01/27 8:08:39 pm GMT+8","12 tahun","","","","","","","","","","","","","","","","","","","","","","","","","","","MUHAMMAD AZRUL AZIEB BIN HISHAM","B-13-12","Lelaki","MALAM (8.00 MALAM - 10.00 MALAM)","KELAS TUISYEN","","","","","","","","","","","","","","","","","","","","","","","","","","","","","",""
"2026/01/27 8:11:36 pm GMT+8","12 tahun","","","","","","","","","","","","","","","","","","","","","","","","","","","NURUL HAWA AMANI BINTI SULAIMAN","C-13-03","Perempuan","MALAM (8.00 MALAM - 10.00 MALAM)","KELAS TUISYEN","","","","","","","","","","","","","","","","","","","","","","","","","","","","","",""
"2026/01/27 8:12:18 pm GMT+8","12 tahun","","","","","","","","","","","","","","","","","","","","","","","","","","","NURATHIRA SYAHIRAH BINTI MOHAMAD","C-13-14","Perempuan","MALAM (8.00 MALAM - 10.00 MALAM)","KELAS TUISYEN","","","","","","","","","","","","","","","","","","","","","","","","","","","","","",""
"2026/01/27 8:12:48 pm GMT+8","12 tahun","","","","","","","","","","","","","","","","","","","","","","","","","","","NUR SOFEA SOLEHAH","C-12-14","Perempuan","MALAM (8.00 MALAM - 10.00 MALAM)","AKTIVITI SANTAI","","","","","","","","","","","","","","","","","","","","","","","","","","","","","",""
"2026/01/27 8:17:57 pm GMT+8","13 tahun","","","","","","","","","","","","","","","","","","","","","","","","","","","","","","","","MUHAMAD RAMADAN BN MUHAMADUN","B-02-14","Lelaki","PETANG (3.00 PETANG - 6.30 PETANG)","AKTIVITI SANTAI","","","","","","","","","","","","","","","","","","","","","","","","",""
"2026/01/27 8:18:23 pm GMT+8","13 tahun","","","","","","","","","","","","","","","","","","","","","","","","","","","","","","","","JOFLERRY JUDE JERRY","C-01-15","Lelaki","MALAM (8.00 MALAM - 10.00 MALAM)","AKTIVITI SANTAI","","","","","","","","","","","","","","","","","","","","","","","","",""
"2026/01/27 8:30:39 pm GMT+8","17 tahun","","","","","","","","","","","","","","","","","","","","","","","","","","","","","","","","","","","","","","","","","","","","","","","","","","","","MOHAMAD AZRUL AZRAI BIN HISHAM","B-13-12","Lelaki","MALAM (8.00 MALAM - 10.00 MALAM)","AKITIVITI SANTAI","","","","",""
"2026/01/27 8:34:47 pm GMT+8","17 tahun","","","","","","","","","","","","","","","","","","","","","","","","","","","","","","","","","","","","","","","","","","","","","","","","","","","","NUR QASEH QAISARA BINTI ABD RAHIM","A-04-10","Perempuan","MALAM (8.00 MALAM - 10.00 MALAM)","AKTIVITI MODUL","","","","",""
"2026/01/27 8:35:37 pm GMT+8","17 tahun","","","","","","","","","","","","","","","","","","","","","","","","","","","","","","","","","","","","","","","","","","","","","","","","","","","","LUTH MIKHAIL BIN AHMAD NOOR","C-09-20","Lelaki","MALAM (8.00 MALAM - 10.00 MALAM)","HOMEWORK CLUB","","","","",""
"2026/01/27 8:46:04 pm GMT+8","13 tahun","","","","","","","","","","","","","","","","","","","","","","","","","","","","","","","","MUHAMMAD SAFUANAJMIN BIN JASMI","B-05-12","Lelaki","PETANG (3.00 PETANG - 6.30 PETANG)","AKTIVITI SANTAI","","","","","","","","","","","","","","","","","","","","","","","","",""
"2026/01/27 8:49:29 pm GMT+8","16 tahun","","","","","","","","","","","","","","","","","","","","","","","","","","","","","","","","","","","","","","","","","","","","","","","ADAM ZAKRY BIN ZUL AMALI","B-13-10","Lelaki","MALAM (8.00 MALAM - 10.00 MALAM)","AKTIVITI SANTAI","","","","","","","","","",""
"2026/01/27 8:50:29 pm GMT+8","15 tahun","","","","","","","","","","","","","","","","","","","","","","","","","","","","","","","","","","","","","","","","","","SITI NUR HASIRA BINTI MUHAMMADUN","B-02-14","Perempuan","MALAM (8.00 MALAM - 10.00 MALAM)","AKTIVITI SANTAI","","","","","","","","","","","","","","",""
"2026/01/28 3:01:31 pm GMT+8","10 tahun","","","","","","","","","","","","","","","","","MUHAMMAD HAFIZAN BIN MUHAMAD FAIZAN","B-04-06","Lelaki","PETANG (3.00 PETANG - 6.30 PETANG)","PERMAINAN KOMPUTER","","","","","","","","","","","","","","","","","","","","","","","","","","","","","","","","","","","","","","","",""
"2026/01/28 3:03:42 pm GMT+8","11 tahun","","","","","","","","","","","","","","","","","","","","","","MUHAMMAD ABIDIN BIN FITRI","A-14-14","Lelaki","PETANG (3.00 PETANG - 6.30 PETANG)","PERMAINAN DALAMAN","","","","","","","","","","","","","","","","","","","","","","","","","","","","","","","","","","",""
"2026/01/28 3:26:40 pm GMT+8","11 tahun","","","","","","","","","","","","","","","","","","","","","","MAHAMMAD TAUFIQ DAUD BIN ABDULLAH","B-16-6","Lelaki","PETANG (3.00 PETANG - 6.30 PETANG)","PERMAINAN KOMPUTER","","","","","","","","","","","","","","","","","","","","","","","","","","","","","","","","","","",""
"2026/01/28 3:49:13 pm GMT+8","11 tahun","","","","","","","","","","","","","","","","","","","","","","QASEH NUR ZAHRA BIN KAMA","A-07-05","Perempuan","PETANG (3.00 PETANG - 6.30 PETANG)","AKTIVITI SANTAI","","","","","","","","","","","","","","","","","","","","","","","","","","","","","","","","","","",""
"2026/01/28 4:15:54 pm GMT+8","12 tahun","","","","","","","","","","","","","","","","","","","","","","","","","","","ERRYSHA DHAWEYYA BINTI MOHD ROSDI","C-6-16","Perempuan","PETANG (3.00 PETANG - 6.30 PETANG)","AKTIVITI SANTAI","","","","","","","","","","","","","","","","","","","","","","","","","","","","","",""
"2026/01/28 5:17:20 pm GMT+8","12 tahun","","","","","","","","","","","","","","","","","","","","","","","","","","","MUHAMMAD RAYYAN ADAM","B-17-14","Lelaki","PETANG (3.00 PETANG - 6.30 PETANG)","AKTIVITI SANTAI","","","","","","","","","","","","","","","","","","","","","","","","","","","","","",""
"2026/01/28 7:31:55 pm GMT+8","17 tahun","","","","","","","","","","","","","","","","","","","","","","","","","","","","","","","","","","","","","","","","","","","","","","","","","","","","NUR QASEH QAISARA BINTI ABD RAHIM","A-04-10","Perempuan","PETANG (3.00 PETANG - 6.30 PETANG)","AKITIVITI SANTAI","","","","",""
"2026/01/28 8:35:57 pm GMT+8","13 tahun","","","","","","","","","","","","","","","","","","","","","","","","","","","","","","","","MUHAMMAD SAFUANAJMIN BIN JASMI","B-05-12","Lelaki","MALAM (8.00 MALAM - 10.00 MALAM)","AKTIVITI SANTAI","","","","","","","","","","","","","","","","","","","","","","","","",""
"2026/01/29 2:55:17 pm GMT+8","15 tahun","","","","","","","","","","","","","","","","","","","","","","","","","","","","","","","","","","","","","","","","","","MUHAMMAD HARRAZ SAUQI BIN KAMA","A-07-05","Lelaki","PETANG (3.00 PETANG - 6.30 PETANG)","AKTIVITI SANTAI","","","","","","","","","","","","","","",""
"2026/01/29 2:56:03 pm GMT+8","16 tahun","","","","","","","","","","","","","","","","","","","","","","","","","","","","","","","","","","","","","","","","","","","","","","","ADAM ZAKRY BIN ZUL AMALI","B-13-10","Lelaki","PETANG (3.00 PETANG - 6.30 PETANG)","HOMEWORK CLUB","","","","","","","","","",""
"2026/01/29 3:14:33 pm GMT+8","11 tahun","","","","","","","","","","","","","","","","","","","","","","QASEH NUR ZAHRA BIN KAMA","A-07-05","Perempuan","PETANG (3.00 PETANG - 6.30 PETANG)","AKTIVITI SANTAI","","","","","","","","","","","","","","","","","","","","","","","","","","","","","","","","","","",""
"2026/01/29 3:14:55 pm GMT+8","12 tahun","","","","","","","","","","","","","","","","","","","","","","","","","","","NUR SALSABILLA RAMADHANI BINTI ABD RAHIM","A-04-10","Perempuan","PETANG (3.00 PETANG - 6.30 PETANG)","AKTIVITI SANTAI","","","","","","","","","","","","","","","","","","","","","","","","","","","","","",""
"2026/01/29 3:31:39 pm GMT+8","12 tahun","","","","","","","","","","","","","","","","","","","","","","","","","","","ERRYSHA DHAWEYYA BINTI MOHD ROSDI","C-6-16","Perempuan","PETANG (3.00 PETANG - 6.30 PETANG)","AKTIVITI SANTAI","","","","","","","","","","","","","","","","","","","","","","","","","","","","","",""
"2026/01/29 5:16:13 pm GMT+8","15 tahun","","","","","","","","","","","","","","","","","","","","","","","","","","","","","","","","","","","","","","","","","","SITI NUR HASIRA BINTI MUHAMMADUN","B-02-14","Perempuan","PETANG (3.00 PETANG - 6.30 PETANG)","AKTIVITI SANTAI","","","","","","","","","","","","","","",""
"2026/01/29 5:18:20 pm GMT+8","12 tahun","","","","","","","","","","","","","","","","","","","","","","","","","","","MUHAMMAD RAYYAN ADAM","B-17-14","Lelaki","PETANG (3.00 PETANG - 6.30 PETANG)","AKTIVITI SANTAI","","","","","","","","","","","","","","","","","","","","","","","","","","","","","",""
"2026/01/29 5:58:24 pm GMT+8","11 tahun","","","","","","","","","","","","","","","","","","","","","","MUHAMMAD ABIDIN BIN FITRI","A-14-14","Lelaki","PETANG (3.00 PETANG - 6.30 PETANG)","AKTIVITI SANTAI","","","","","","","","","","","","","","","","","","","","","","","","","","","","","","","","","","",""
"2026/01/29 8:01:48 pm GMT+8","15 tahun","","","","","","","","","","","","","","","","","","","","","","","","","","","","","","","","","","","","","","","","","","NOR DAMIA FATIN BINTI GHAFFAR","C-06-10","Perempuan","PETANG (3.00 PETANG - 6.30 PETANG)","AKTIVITI SANTAI","","","","","","","","","","","","","","",""
"2026/01/29 8:02:02 pm GMT+8","15 tahun","","","","","","","","","","","","","","","","","","","","","","","","","","","","","","","","","","","","","","","","","","NOR DAMIA FATIN BINTI GHAFFAR","C-06-10","Perempuan","MALAM (8.00 MALAM - 10.00 MALAM)","AKTIVITI SANTAI","","","","","","","","","","","","","","",""
"2026/01/29 8:07:52 pm GMT+8","13 tahun","","","","","","","","","","","","","","","","","","","","","","","","","","","","","","","","QASEH NUR SALINA","A-07-05","Perempuan","PETANG (3.00 PETANG - 6.30 PETANG)","HOMEWORK CLUB","","","","","","","","","","","","","","","","","","","","","","","","",""
"2026/01/29 8:16:46 pm GMT+8","16 tahun","","","","","","","","","","","","","","","","","","","","","","","","","","","","","","","","","","","","","","","","","","","","","","","ADAM ZAKRY BIN ZUL AMALI","B-13-10","Lelaki","MALAM (8.00 MALAM - 10.00 MALAM)","KELAS TUISYEN","","","","","","","","","",""
"2026/01/29 8:17:14 pm GMT+8","17 tahun","","","","","","","","","","","","","","","","","","","","","","","","","","","","","","","","","","","","","","","","","","","","","","","","","","","","MUHAMMAD ALIFF FURQAN BIN LOKMAN","B-05-05","Lelaki","MALAM (8.00 MALAM - 10.00 MALAM)","AKITIVITI SANTAI","","","","",""
"2026/01/29 8:17:52 pm GMT+8","17 tahun","","","","","","","","","","","","","","","","","","","","","","","","","","","","","","","","","","","","","","","","","","","","","","","","","","","","MOHAMAD AZRUL AZRAI BIN HISHAM","B-13-12","Lelaki","MALAM (8.00 MALAM - 10.00 MALAM)","KELAS TUISYEN","","","","",""
"2026/01/29 8:18:43 pm GMT+8","16 tahun","","","","","","","","","","","","","","","","","","","","","","","","","","","","","","","","","","","","","","","","","","","","","","","MOHAMAD AZRUL AZIEM BIN HISHAM","B-13-12","Lelaki","MALAM (8.00 MALAM - 10.00 MALAM)","KELAS TUISYEN","","","","","","","","","",""
"2026/01/29 8:20:01 pm GMT+8","17 tahun","","","","","","","","","","","","","","","","","","","","","","","","","","","","","","","","","","","","","","","","","","","","","","","","","","","","MUHAMMAD NAQIB IRHAS BIN RAMLAN","A-01-06","Lelaki","MALAM (8.00 MALAM - 10.00 MALAM)","KELAS TUISYEN","","","","",""
"2026/01/30 3:23:47 pm GMT+8","11 tahun","","","","","","","","","","","","","","","","","","","","","","QASEH NUR ZAHRA BIN KAMA","A-07-05","Perempuan","PETANG (3.00 PETANG - 6.30 PETANG)","AKTIVITI SANTAI","","","","","","","","","","","","","","","","","","","","","","","","","","","","","","","","","","",""
"2026/01/30 3:31:22 pm GMT+8","10 tahun","","","","","","","","","","","","","","","","","MUHAMMAD HAFIZAN BIN MUHAMAD FAIZAN","B-04-06","Lelaki","PETANG (3.00 PETANG - 6.30 PETANG)","PERMAINAN KOMPUTER","","","","","","","","","","","","","","","","","","","","","","","","","","","","","","","","","","","","","","","",""
"2026/01/30 3:36:07 pm GMT+8","11 tahun","","","","","","","","","","","","","","","","","","","","","","Nur Aneesa Ilyana Binti Mazli","A-6-08","Perempuan","PETANG (3.00 PETANG - 6.30 PETANG)","AKTIVITI SANTAI","","","","","","","","","","","","","","","","","","","","","","","","","","","","","","","","","","",""
"2026/01/30 3:37:35 pm GMT+8","11 tahun","","","","","","","","","","","","","","","","","","","","","","ALISHA HUMAIRAH BINTI MUHAMAD HUZAIMI","A-1-16","Perempuan","PETANG (3.00 PETANG - 6.30 PETANG)","AKTIVITI SANTAI","","","","","","","","","","","","","","","","","","","","","","","","","","","","","","","","","","",""
"2026/01/30 4:00:34 pm GMT+8","11 tahun","","","","","","","","","","","","","","","","","","","","","","MUHAMMAD ABIDIN BIN FITRI","A-14-14","Lelaki","PETANG (3.00 PETANG - 6.30 PETANG)","AKTIVITI SANTAI","","","","","","","","","","","","","","","","","","","","","","","","","","","","","","","","","","",""
"2026/01/30 4:06:48 pm GMT+8","12 tahun","","","","","","","","","","","","","","","","","","","","","","","","","","","ERRYSHA","C-6-16","Perempuan","PETANG (3.00 PETANG - 6.30 PETANG)","AKTIVITI SANTAI","","","","","","","","","","","","","","","","","","","","","","","","","","","","","",""
"2026/01/30 4:25:54 pm GMT+8","15 tahun","","","","","","","","","","","","","","","","","","","","","","","","","","","","","","","","","","","","","","","","","","MUHAMAD ARFAN AQIM BIN ARMAN","B-08-10","Lelaki","PETANG (3.00 PETANG - 6.30 PETANG)","AKTIVITI SANTAI","","","","","","","","","","","","","","",""
"2026/01/30 5:21:57 pm GMT+8","12 tahun","","","","","","","","","","","","","","","","","","","","","","","","","","","MUHAMMAD RAYYAN ADAM","B-17-14","Lelaki","PETANG (3.00 PETANG - 6.30 PETANG)","AKTIVITI SANTAI","","","","","","","","","","","","","","","","","","","","","","","","","","","","","",""
"2026/01/30 5:26:29 pm GMT+8","13 tahun","","","","","","","","","","","","","","","","","","","","","","","","","","","","","","","","MUHAMMAD SHAHIR HAIKAL BIN ROSLAN","C-11-17","Lelaki","PETANG (3.00 PETANG - 6.30 PETANG)","AKTIVITI SANTAI","","","","","","","","","","","","","","","","","","","","","","","","",""
"2026/01/30 5:30:04 pm GMT+8","12 tahun","","","","","","","","","","","","","","","","","","","","","","","","","","","ERRYSHA","C-6-16","Perempuan","PETANG (3.00 PETANG - 6.30 PETANG)","AKTIVITI SANTAI","","","","","","","","","","","","","","","","","","","","","","","","","","","","","",""
"2026/01/30 6:50:15 pm GMT+8","15 tahun","","","","","","","","","","","","","","","","","","","","","","","","","","","","","","","","","","","","","","","","","","NOR DAMIA FATIN BINTI GHAFFAR","C-06-10","Perempuan","PETANG (3.00 PETANG - 6.30 PETANG)","AKTIVITI SANTAI","","","","","","","","","","","","","","",""
"2026/01/30 6:50:36 pm GMT+8","17 tahun","","","","","","","","","","","","","","","","","","","","","","","","","","","","","","","","","","","","","","","","","","","","","","","","","","","","SHAIRAH BINTI ROSLAN","C-11-17","Perempuan","PETANG (3.00 PETANG - 6.30 PETANG)","AKITIVITI SANTAI","","","","",""
"2026/01/30 9:51:49 pm GMT+8","18 tahun ke atas","","","","","","","","","","","","","","","","","","","","","","","","","","","","","","","","","","","","","","","","","","","","","","","","","","","","","","","","","MUHAMMAD AMMAR SAUQI BIN KAMA","Lelaki","A-7-15","MALAM ( 8.00 MALAM - 10.00 MALAM)","AKTIVITI SANTAI"
"2026/01/30 9:52:28 pm GMT+8","18 tahun ke atas","","","","","","","","","","","","","","","","","","","","","","","","","","","","","","","","","","","","","","","","","","","","","","","","","","","","","","","","","MUHAMAD FITRI ASHARI BIN MUHAMAD FAIZAN","Lelaki","B-4-6","MALAM ( 8.00 MALAM - 10.00 MALAM)","AKTIVITI SANTAI"
"2026/01/30 9:52:50 pm GMT+8","18 tahun ke atas","","","","","","","","","","","","","","","","","","","","","","","","","","","","","","","","","","","","","","","","","","","","","","","","","","","","","","","","","MAIZATULAKMA LISA AQILAH BINTI ABDULLAH","Perempuan","B-4-16","MALAM ( 8.00 MALAM - 10.00 MALAM)","AKTIVITI SANTAI"
"2026/01/30 9:53:24 pm GMT+8","18 tahun ke atas","","","","","","","","","","","","","","","","","","","","","","","","","","","","","","","","","","","","","","","","","","","","","","","","","","","","","","","","","MUHD IRFAN BIN ABDUL RAFI","Lelaki","B-7-3","MALAM ( 8.00 MALAM - 10.00 MALAM)","AKTIVITI SANTAI"
"2026/01/30 9:54:31 pm GMT+8","18 tahun ke atas","","","","","","","","","","","","","","","","","","","","","","","","","","","","","","","","","","","","","","","","","","","","","","","","","","","","","","","","","SITI KHAIRUNNISYA DHAMIRAH BT ARMAN","Perempuan","B-8-10","MALAM ( 8.00 MALAM - 10.00 MALAM)","LATIHAN MATEMATIK"
"2026/01/30 9:55:44 pm GMT+8","18 tahun ke atas","","","","","","","","","","","","","","","","","","","","","","","","","","","","","","","","","","","","","","","","","","","","","","","","","","","","","","","","","AMMAR DANISH RAFAEIN BIN AHMAD ISMAIL","Lelaki","C-10-11","MALAM ( 8.00 MALAM - 10.00 MALAM)","AKTIVITI SANTAI"
"2026/01/30 9:56:23 pm GMT+8","18 tahun ke atas","","","","","","","","","","","","","","","","","","","","","","","","","","","","","","","","","","","","","","","","","","","","","","","","","","","","","","","","","NUR PUTRI RAMADHANI AKMA BIN MOHD NOOR AZLAN","Perempuan","C-9-13","MALAM ( 8.00 MALAM - 10.00 MALAM)","AKTIVITI SANTAI"
"2026/01/30 9:57:06 pm GMT+8","18 tahun ke atas","","","","","","","","","","","","","","","","","","","","","","","","","","","","","","","","","","","","","","","","","","","","","","","","","","","","","","","","","Thiran a/l Vijayanathan","Lelaki","A-16-18","MALAM ( 8.00 MALAM - 10.00 MALAM)","AKTIVITI SANTAI"
"2026/01/30 9:57:48 pm GMT+8","17 tahun","","","","","","","","","","","","","","","","","","","","","","","","","","","","","","","","","","","","","","","","","","","","","","","","","","","","MUHAMMAD NAQIB IRHAS BIN RAMLAN","A-01-06","Lelaki","MALAM (8.00 MALAM - 10.00 MALAM)","AKITIVITI SANTAI","","","","",""
"2026/01/30 9:58:09 pm GMT+8","17 tahun","","","","","","","","","","","","","","","","","","","","","","","","","","","","","","","","","","","","","","","","","","","","","","","","","","","","NUR QASEH QAISARA BINTI ABD RAHIM","A-04-10","Perempuan","MALAM (8.00 MALAM - 10.00 MALAM)","AKITIVITI SANTAI","","","","",""
"2026/01/30 9:58:53 pm GMT+8","17 tahun","","","","","","","","","","","","","","","","","","","","","","","","","","","","","","","","","","","","","","","","","","","","","","","","","","","","LUTH MIKHAIL BIN AHMAD NOOR","C-09-20","Lelaki","MALAM (8.00 MALAM - 10.00 MALAM)","AKITIVITI SANTAI","","","","",""
"2026/01/30 9:59:30 pm GMT+8","17 tahun","","","","","","","","","","","","","","","","","","","","","","","","","","","","","","","","","","","","","","","","","","","","","","","","","","","","SHAIRAH BINTI ROSLAN","C-11-17","Perempuan","MALAM (8.00 MALAM - 10.00 MALAM)","AKITIVITI SANTAI","","","","",""
"2026/01/30 10:00:03 pm GMT+8","17 tahun","","","","","","","","","","","","","","","","","","","","","","","","","","","","","","","","","","","","","","","","","","","","","","","","","","","","MUHAMMAD ALIFF FURQAN BIN LOKMAN","B-05-05","Lelaki","MALAM (8.00 MALAM - 10.00 MALAM)","AKITIVITI SANTAI","","","","",""
"2026/01/30 10:00:38 pm GMT+8","13 tahun","","","","","","","","","","","","","","","","","","","","","","","","","","","","","","","","QASEH NUR SALINA","A-07-05","Perempuan","MALAM (8.00 MALAM - 10.00 MALAM)","AKTIVITI SANTAI","","","","","","","","","","","","","","","","","","","","","","","","",""
"2026/01/30 10:01:31 pm GMT+8","15 tahun","","","","","","","","","","","","","","","","","","","","","","","","","","","","","","","","","","","","","","","","","","NUR ALIA HUSNA BINTI ABDUL HADI","C-10-09","Perempuan","MALAM (8.00 MALAM - 10.00 MALAM)","AKTIVITI SANTAI","","","","","","","","","","","","","","",""
"2026/01/30 10:01:56 pm GMT+8","15 tahun","","","","","","","","","","","","","","","","","","","","","","","","","","","","","","","","","","","","","","","","","","SITI NUR HASIRA BINTI MUHAMMADUN","B-02-14","Perempuan","MALAM (8.00 MALAM - 10.00 MALAM)","AKTIVITI SANTAI","","","","","","","","","","","","","","",""
"2026/01/30 10:02:45 pm GMT+8","15 tahun","","","","","","","","","","","","","","","","","","","","","","","","","","","","","","","","","","","","","","","","","","MUHAMMAD HARRAZ SAUQI BIN KAMA","A-07-05","Perempuan","MALAM (8.00 MALAM - 10.00 MALAM)","AKTIVITI SANTAI","","","","","","","","","","","","","","",""
"2026/01/30 10:03:14 pm GMT+8","15 tahun","","","","","","","","","","","","","","","","","","","","","","","","","","","","","","","","","","","","","","","","","","MUHAMAD ARFAN AQIM BIN ARMAN","B-08-10","Lelaki","MALAM (8.00 MALAM - 10.00 MALAM)","AKTIVITI SANTAI","","","","","","","","","","","","","","",""
"2026/01/30 10:03:34 pm GMT+8","13 tahun","","","","","","","","","","","","","","","","","","","","","","","","","","","","","","","","MUHAMAD RAMADAN BN MUHAMADUN","B-02-14","Perempuan","MALAM (8.00 MALAM - 10.00 MALAM)","AKTIVITI SANTAI","","","","","","","","","","","","","","","","","","","","","","","","",""
"2026/01/30 10:04:52 pm GMT+8","13 tahun","","","","","","","","","","","","","","","","","","","","","","","","","","","","","","","","Muhammad shahir hsikal","C-11-17","Lelaki","MALAM (8.00 MALAM - 10.00 MALAM)","AKTIVITI MODUL","","","","","","","","","","","","","","","","","","","","","","","","",""
"2026/01/30 10:07:40 pm GMT+8","15 tahun","","","","","","","","","","","","","","","","","","","","","","","","","","","","","","","","","","","","","","","","","","NOR DAMIA FATIN BINTI GHAFFAR","C-06-10","Perempuan","MALAM (8.00 MALAM - 10.00 MALAM)","AKTIVITI SANTAI","","","","","","","","","","","","","","",""
"2026/01/30 10:09:29 pm GMT+8","16 tahun","","","","","","","","","","","","","","","","","","","","","","","","","","","","","","","","","","","","","","","","","","","","","","","ADAM ZAKRY BIN ZUL AMALI","B-13-10","Lelaki","MALAM (8.00 MALAM - 10.00 MALAM)","AKTIVITI SANTAI","","","","","","","","","",""
"2026/01/30 10:10:14 pm GMT+8","17 tahun","","","","","","","","","","","","","","","","","","","","","","","","","","","","","","","","","","","","","","","","","","","","","","","","","","","","MUHAMMAD NAQIB IRHAS BIN RAMLAN","A-01-06","Lelaki","MALAM (8.00 MALAM - 10.00 MALAM)","AKITIVITI SANTAI","","","","",""
"2026/01/30 10:10:52 pm GMT+8","14 tahun","","","","","","","","","","","","","","","","","","","","","","","","","","","","","","","","","","","","","MUHAMMAD AZRUL AZFAR BIN HISHAM","B-13-12","Lelaki","MALAM (8.00 MALAM - 10.00 MALAM)","AKTIVITI SANTAI","","","","","","","","","","","","","","","","","","","",""
"2026/01/30 10:11:27 pm GMT+8","17 tahun","","","","","","","","","","","","","","","","","","","","","","","","","","","","","","","","","","","","","","","","","","","","","","","","","","","","MUHAMMAD ALIFF FURQAN BIN LOKMAN","B-05-05","Lelaki","MALAM (8.00 MALAM - 10.00 MALAM)","AKITIVITI SANTAI","","","","",""
"2026/01/30 10:13:00 pm GMT+8","13 tahun","","","","","","","","","","","","","","","","","","","","","","","","","","","","","","","","MUHAMMAD SHAHIR HAIKAL BIN ROSLAN","C-11-17","Lelaki","MALAM (8.00 MALAM - 10.00 MALAM)","AKTIVITI SANTAI","","","","","","","","","","","","","","","","","","","","","","","","",""
"2026/01/30 10:13:27 pm GMT+8","13 tahun","","","","","","","","","","","","","","","","","","","","","","","","","","","","","","","","MUHAMAD RAMADAN BN MUHAMADUN","B-02-14","Lelaki","PETANG (3.00 PETANG - 6.30 PETANG)","AKTIVITI SANTAI","","","","","","","","","","","","","","","","","","","","","","","","",""
"2026/01/30 10:14:00 pm GMT+8","15 tahun","","","","","","","","","","","","","","","","","","","","","","","","","","","","","","","","","","","","","","","","","","MUHAMAD ARFAN AQIM BIN ARMAN","B-08-10","Lelaki","MALAM (8.00 MALAM - 10.00 MALAM)","AKTIVITI SANTAI","","","","","","","","","","","","","","",""
"2026/02/02 3:01:08 pm GMT+8","13 tahun","","","","","","","","","","","","","","","","","","","","","","","","","","","","","","","","QASEH NUR SALINA","A-07-05","Perempuan","PETANG (3.00 PETANG - 6.30 PETANG)","AKTIVITI SANTAI","","","","","","","","","","","","","","","","","","","","","","","","",""
"2026/02/02 3:01:51 pm GMT+8","11 tahun","","","","","","","","","","","","","","","","","","","","","","QASEH NUR ZAHRA BIN KAMA","A-07-05","Perempuan","PETANG (3.00 PETANG - 6.30 PETANG)","AKTIVITI SANTAI","","","","","","","","","","","","","","","","","","","","","","","","","","","","","","","","","","",""
"2026/02/02 3:02:11 pm GMT+8","11 tahun","","","","","","","","","","","","","","","","","","","","","","NUR AFIRA RAISYA BIN MUHAMAD FAIZAL","B-10-18","Perempuan","PETANG (3.00 PETANG - 6.30 PETANG)","AKTIVITI SANTAI","","","","","","","","","","","","","","","","","","","","","","","","","","","","","","","","","","",""
"2026/02/02 3:02:36 pm GMT+8","9 tahun","","","","","","","","","","","","NUR SYAFIQAH MADIHAH BINTI SHAHRILRIZAL","B-04-13","Perempuan","PETANG (3.00 PETANG - 6.30 PETANG)","AKTIVITI SANTAI","","","","","","","","","","","","","","","","","","","","","","","","","","","","","","","","","","","","","","","","","","","","",""
"2026/02/02 3:03:01 pm GMT+8","11 tahun","","","","","","","","","","","","","","","","","","","","","","SUHAILA HANIFA BINTI MUHAMMADUN","B-02-14","Perempuan","PETANG (3.00 PETANG - 6.30 PETANG)","AKTIVITI SANTAI","","","","","","","","","","","","","","","","","","","","","","","","","","","","","","","","","","",""
"2026/02/02 3:04:42 pm GMT+8","13 tahun","","","","","","","","","","","","","","","","","","","","","","","","","","","","","","","","MUHAMAD RAMADAN BN MUHAMADUN","B-02-14","Lelaki","PETANG (3.00 PETANG - 6.30 PETANG)","AKTIVITI SANTAI","","","","","","","","","","","","","","","","","","","","","","","","",""
"2026/02/02 3:07:37 pm GMT+8","10 tahun","","","","","","","","","","","","","","","","","MUHAMMAD HAFIZAN BIN MUHAMAD FAIZAN","B-04-06","Lelaki","PETANG (3.00 PETANG - 6.30 PETANG)","PERMAINAN KOMPUTER","","","","","","","","","","","","","","","","","","","","","","","","","","","","","","","","","","","","","","","",""
"2026/02/02 3:08:14 pm GMT+8","12 tahun","","","","","","","","","","","","","","","","","","","","","","","","","","","MUHAMMAD SYAKIR MUKHRIZ BIN SHAHRILRIZAL","B-4-13","Lelaki","PETANG (3.00 PETANG - 6.30 PETANG)","MENONTON TELEVISYEN","","","","","","","","","","","","","","","","","","","","","","","","","","","","","",""
"2026/02/02 3:20:01 pm GMT+8","17 tahun","","","","","","","","","","","","","","","","","","","","","","","","","","","","","","","","","","","","","","","","","","","","","","","","","","","","MOHAMAD AZRUL AZRAI BIN HISHAM","B-13-12","Lelaki","PETANG (3.00 PETANG - 6.30 PETANG)","AKITIVITI SANTAI","","","","",""
"2026/02/02 3:42:35 pm GMT+8","11 tahun","","","","","","","","","","","","","","","","","","","","","","MUHAMMAD ABIDIN BIN FITRI","A-14-14","Lelaki","PETANG (3.00 PETANG - 6.30 PETANG)","AKTIVITI SANTAI","","","","","","","","","","","","","","","","","","","","","","","","","","","","","","","","","","",""
"2026/02/02 4:08:07 pm GMT+8","13 tahun","","","","","","","","","","","","","","","","","","","","","","","","","","","","","","","","Aiman","A-11-6-","Lelaki","PETANG (3.00 PETANG - 6.30 PETANG)","AKTIVITI SANTAI","","","","","","","","","","","","","","","","","","","","","","","","",""
"2026/02/02 4:11:55 pm GMT+8","15 tahun","","","","","","","","","","","","","","","","","","","","","","","","","","","","","","","","","","","","","","","","","","NOR DAMIA FATIN BINTI GHAFFAR","C-06-10","Perempuan","PETANG (3.00 PETANG - 6.30 PETANG)","AKTIVITI SANTAI","","","","","","","","","","","","","","",""
"2026/02/02 4:14:36 pm GMT+8","15 tahun","","","","","","","","","","","","","","","","","","","","","","","","","","","","","","","","","","","","","","","","","","SITI NUR HASIRA BINTI MUHAMMADUN","B-02-14","Perempuan","PETANG (3.00 PETANG - 6.30 PETANG)","AKTIVITI SANTAI","","","","","","","","","","","","","","",""
"2026/02/02 4:51:10 pm GMT+8","15 tahun","","","","","","","","","","","","","","","","","","","","","","","","","","","","","","","","","","","","","","","","","","MUHAMAD ARFAN AQIM BIN ARMAN","B-08-10","Lelaki","PETANG (3.00 PETANG - 6.30 PETANG)","AKTIVITI SANTAI","","","","","","","","","","","","","","",""
"2026/02/02 4:51:38 pm GMT+8","15 tahun","","","","","","","","","","","","","","","","","","","","","","","","","","","","","","","","","","","","","","","","","","MUHAMMAD HARRAZ SAUQI BIN KAMA","A-07-05","Lelaki","PETANG (3.00 PETANG - 6.30 PETANG)","LATIHAN MATEMATIK","","","","","","","","","","","","","","",""
"2026/02/02 4:52:01 pm GMT+8","16 tahun","","","","","","","","","","","","","","","","","","","","","","","","","","","","","","","","","","","","","","","","","","","","","","","ADAM ZAKRY BIN ZUL AMALI","B-13-10","Lelaki","PETANG (3.00 PETANG - 6.30 PETANG)","MENONTON TELEVISYEN","","","","","","","","","",""
"2026/02/02 4:54:11 pm GMT+8","7 tahun ke bawah","Nur zada fakihah","3 tahun","B-02-14","Perempuan","PETANG (3.00 PETANG - 6.30 PETANG)","AKTIVITI SANTAI","","","","","","","","","","","","","","","","","","","","","","","","","","","","","","","","","","","","","","","","","","","","","","","","","","","","","","",""
"2026/02/02 4:56:39 pm GMT+8","7 tahun ke bawah","QASEH NUR HIDAYAH BINTI KAMA","4 tahun","A-07-05","Perempuan","PETANG (3.00 PETANG - 6.30 PETANG)","AKTIVITI SANTAI","","","","","","","","","","","","","","","","","","","","","","","","","","","","","","","","","","","","","","","","","","","","","","","","","","","","","","",""
"2026/02/02 5:24:32 pm GMT+8","17 tahun","","","","","","","","","","","","","","","","","","","","","","","","","","","","","","","","","","","","","","","","","","","","","","","","","","","","MUHAMMAD ALIFF FURQAN BIN LOKMAN","B-05-05","Lelaki","PETANG (3.00 PETANG - 6.30 PETANG)","HOMEWORK CLUB","","","","",""
"2026/02/02 5:24:55 pm GMT+8","17 tahun","","","","","","","","","","","","","","","","","","","","","","","","","","","","","","","","","","","","","","","","","","","","","","","","","","","","LUTH MIKHAIL BIN AHMAD NOOR","C-09-20","Lelaki","PETANG (3.00 PETANG - 6.30 PETANG)","HOMEWORK CLUB","","","","",""
"2026/02/02 5:30:52 pm GMT+8","16 tahun","","","","","","","","","","","","","","","","","","","","","","","","","","","","","","","","","","","","","","","","","","","","","","","MOHAMAD AZRUL AZIEM BIN HISHAM","B-13-12","Lelaki","PETANG (3.00 PETANG - 6.30 PETANG)","PERMAINAN DALAMAN","","","","","","","","","",""
"2026/02/02 8:02:37 pm GMT+8","15 tahun","","","","","","","","","","","","","","","","","","","","","","","","","","","","","","","","","","","","","","","","","","NOR DAMIA FATIN BINTI GHAFFAR","C-06-10","Perempuan","MALAM (8.00 MALAM - 10.00 MALAM)","AKTIVITI SANTAI","","","","","","","","","","","","","","",""
"2026/02/02 8:03:15 pm GMT+8","13 tahun","","","","","","","","","","","","","","","","","","","","","","","","","","","","","","","","QASEH NUR SALINA","A-07-05","Perempuan","MALAM (8.00 MALAM - 10.00 MALAM)","AKTIVITI SANTAI","","","","","","","","","","","","","","","","","","","","","","","","",""
"2026/02/02 8:03:41 pm GMT+8","11 tahun","","","","","","","","","","","","","","","","","","","","","","QASEH NUR ZAHRA BIN KAMA","A-07-05","Perempuan","MALAM (8.00 MALAM - 10.00 MALAM)","AKTIVITI SANTAI","","","","","","","","","","","","","","","","","","","","","","","","","","","","","","","","","","",""
"2026/02/02 8:12:30 pm GMT+8","13 tahun","","","","","","","","","","","","","","","","","","","","","","","","","","","","","","","","MUHAMMAD SAFUANAJMIN BIN JASMI","B-05-12","Lelaki","PETANG (3.00 PETANG - 6.30 PETANG)","AKTIVITI SANTAI","","","","","","","","","","","","","","","","","","","","","","","","",""
"2026/02/02 8:45:39 pm GMT+8","13 tahun","","","","","","","","","","","","","","","","","","","","","","","","","","","","","","","","MUHAMAD RAMADAN BN MUHAMADUN","B-02-14","Lelaki","MALAM (8.00 MALAM - 10.00 MALAM)","AKTIVITI SANTAI","","","","","","","","","","","","","","","","","","","","","","","","",""
"2026/02/02 9:01:52 pm GMT+8","17 tahun","","","","","","","","","","","","","","","","","","","","","","","","","","","","","","","","","","","","","","","","","","","","","","","","","","","","MOHAMAD AZRUL AZRAI BIN HISHAM","B-13-12","Lelaki","MALAM (8.00 MALAM - 10.00 MALAM)","AKITIVITI SANTAI","","","","",""
"2026/02/02 9:38:34 pm GMT+8","17 tahun","","","","","","","","","","","","","","","","","","","","","","","","","","","","","","","","","","","","","","","","","","","","","","","","","","","","LUTH MIKHAIL BIN AHMAD NOOR","C-09-20","Lelaki","MALAM (8.00 MALAM - 10.00 MALAM)","AKITIVITI SANTAI","","","","",""
"2026/02/03 3:03:54 pm GMT+8","12 tahun","","","","","","","","","","","","","","","","","","","","","","","","","","","ERRYSHA DHAWEYYA BINTI MOHD ROSDI","C-6-16","Perempuan","PETANG (3.00 PETANG - 6.30 PETANG)","AKTIVITI SANTAI","","","","","","","","","","","","","","","","","","","","","","","","","","","","","",""
"2026/02/03 3:04:11 pm GMT+8","13 tahun","","","","","","","","","","","","","","","","","","","","","","","","","","","","","","","","QASEH NUR SALINA","A-07-05","Perempuan","PETANG (3.00 PETANG - 6.30 PETANG)","AKTIVITI SANTAI","","","","","","","","","","","","","","","","","","","","","","","","",""
"2026/02/03 3:04:33 pm GMT+8","12 tahun","","","","","","","","","","","","","","","","","","","","","","","","","","","NUR SALSABILLA RAMADHANI BINTI ABD RAHIM","A-04-10","Perempuan","PETANG (3.00 PETANG - 6.30 PETANG)","AKTIVITI SANTAI","","","","","","","","","","","","","","","","","","","","","","","","","","","","","",""
"2026/02/03 3:06:05 pm GMT+8","10 tahun","","","","","","","","","","","","","","","","","Ramadhan","C-10-19","Lelaki","PETANG (3.00 PETANG - 6.30 PETANG)","AKTIVITI SANTAI","","","","","","","","","","","","","","","","","","","","","","","","","","","","","","","","","","","","","","","",""
"2026/02/03 3:07:02 pm GMT+8","10 tahun","","","","","","","","","","","","","","","","","Errysyam","C-6-16","Lelaki","PETANG (3.00 PETANG - 6.30 PETANG)","PERMAINAN DALAMAN","","","","","","","","","","","","","","","","","","","","","","","","","","","","","","","","","","","","","","","",""
"2026/02/03 3:09:13 pm GMT+8","12 tahun","","","","","","","","","","","","","","","","","","","","","","","","","","","NUR SALSABILLA RAMADHANI BINTI ABD RAHIM","A-04-10","Perempuan","PETANG (3.00 PETANG - 6.30 PETANG)","Main badminton","","","","","","","","","","","","","","","","","","","","","","","","","","","","","",""
"2026/02/03 3:19:41 pm GMT+8","11 tahun","","","","","","","","","","","","","","","","","","","","","","SUHAILA HANIFA BINTI MUHAMMADUN","B-02-14","Perempuan","PETANG (3.00 PETANG - 6.30 PETANG)","AKTIVITI SANTAI","","","","","","","","","","","","","","","","","","","","","","","","","","","","","","","","","","",""
"2026/02/03 3:20:28 pm GMT+8","7 tahun ke bawah","NUR ZARA AULIA BINTI MUHAMADUN","5 tahun","B-02-14","Perempuan","PETANG (3.00 PETANG - 6.30 PETANG)","AKTIVITI SANTAI","","","","","","","","","","","","","","","","","","","","","","","","","","","","","","","","","","","","","","","","","","","","","","","","","","","","","","",""
"2026/02/03 3:27:54 pm GMT+8","15 tahun","","","","","","","","","","","","","","","","","","","","","","","","","","","","","","","","","","","","","","","","","","MUHAMMAD HARRAZ SAUQI BIN KAMA","A-07-05","Lelaki","PETANG (3.00 PETANG - 6.30 PETANG)","AKTIVITI SANTAI","","","","","","","","","","","","","","",""
"2026/02/03 3:29:04 pm GMT+8","17 tahun","","","","","","","","","","","","","","","","","","","","","","","","","","","","","","","","","","","","","","","","","","","","","","","","","","","","MUHAMMAD NAQIB IRHAS BIN RAMLAN","A-01-06","Lelaki","PETANG (3.00 PETANG - 6.30 PETANG)","AKITIVITI SANTAI","","","","",""
"2026/02/03 3:46:20 pm GMT+8","10 tahun","","","","","","","","","","","","","","","","","MUHAMMAD HAFIZAN BIN MUHAMAD FAIZAN","B-04-06","Lelaki","PETANG (3.00 PETANG - 6.30 PETANG)","PERMAINAN KOMPUTER","","","","","","","","","","","","","","","","","","","","","","","","","","","","","","","","","","","","","","","",""
"2026/02/03 3:58:59 pm GMT+8","10 tahun","","","","","","","","","","","","","","","","","Muhammad hafiy bin razi","C 6 5","Lelaki","PETANG (3.00 PETANG - 6.30 PETANG)","PERMAINAN DALAMAN","","","","","","","","","","","","","","","","","","","","","","","","","","","","","","","","","","","","","","","",""
"2026/02/03 4:09:36 pm GMT+8","16 tahun","","","","","","","","","","","","","","","","","","","","","","","","","","","","","","","","","","","","","","","","","","","","","","","ADAM ZAKRY BIN ZUL AMALI","B-13-10","Lelaki","PETANG (3.00 PETANG - 6.30 PETANG)","AKTIVITI SANTAI","","","","","","","","","",""
"2026/02/03 4:10:07 pm GMT+8","15 tahun","","","","","","","","","","","","","","","","","","","","","","","","","","","","","","","","","","","","","","","","","","MUHAMAD ARFAN AQIM BIN ARMAN","B-08-10","Lelaki","PETANG (3.00 PETANG - 6.30 PETANG)","MENONTON TELEVISYEN","","","","","","","","","","","","","","",""
"2026/02/03 4:12:46 pm GMT+8","17 tahun","","","","","","","","","","","","","","","","","","","","","","","","","","","","","","","","","","","","","","","","","","","","","","","","","","","","LUTH MIKHAIL BIN AHMAD NOOR","C-09-20","Lelaki","PETANG (3.00 PETANG - 6.30 PETANG)","AKITIVITI SANTAI","","","","",""
"2026/02/03 4:21:20 pm GMT+8","11 tahun","","","","","","","","","","","","","","","","","","","","","","Muhammad khasyi qaiser","B-15-08","Lelaki","PETANG (3.00 PETANG - 6.30 PETANG)","AKTIVITI SANTAI","","","","","","","","","","","","","","","","","","","","","","","","","","","","","","","","","","",""
"2026/02/03 4:22:09 pm GMT+8","12 tahun","","","","","","","","","","","","","","","","","","","","","","","","","","","MUHAMMAD SYAKIR MUKHRIZ BIN SHAHRILRIZAL","B-4-13","Lelaki","PETANG (3.00 PETANG - 6.30 PETANG)","PERMAINAN DALAMAN","","","","","","","","","","","","","","","","","","","","","","","","","","","","","",""
"2026/02/03 4:30:06 pm GMT+8","15 tahun","","","","","","","","","","","","","","","","","","","","","","","","","","","","","","","","","","","","","","","","","","ARIF DANIEL BIN FAIZUL AZLI","B-13-06","Lelaki","PETANG (3.00 PETANG - 6.30 PETANG)","AKTIVITI SANTAI","","","","","","","","","","","","","","",""
"2026/02/03 4:31:11 pm GMT+8","7 tahun ke bawah","Mawar nur sofea binti solehin","5 tahun","B105","Perempuan","PETANG (3.00 PETANG - 6.30 PETANG)","AKTIVITI SANTAI","","","","","","","","","","","","","","","","","","","","","","","","","","","","","","","","","","","","","","","","","","","","","","","","","","","","","","",""
"2026/02/03 4:33:19 pm GMT+8","12 tahun","","","","","","","","","","","","","","","","","","","","","","","","","","","Muhammad shakir zaid","B-7-11","Lelaki","PETANG (3.00 PETANG - 6.30 PETANG)","PERMAINAN KOMPUTER","","","","","","","","","","","","","","","","","","","","","","","","","","","","","",""
"2026/02/03 4:35:06 pm GMT+8","8 tahun","","","","","","","MUHAMMAD AL-MUKMIN BIN GHAFFAR","C-06-10","Lelaki","PETANG (3.00 PETANG - 6.30 PETANG)","PERMAINAN KOMPUTER","","","","","","","","","","","","","","","","","","","","","","","","","","","","","","","","","","","","","","","","","","","","","","","","","",""
"2026/02/03 4:36:38 pm GMT+8","11 tahun","","","","","","","","","","","","","","","","","","","","","","MAHD TAUFIQ DAUD BIN ABDULLAH","B-16-6","Lelaki","PETANG (3.00 PETANG - 6.30 PETANG)","PERMAINAN KOMPUTER","","","","","","","","","","","","","","","","","","","","","","","","","","","","","","","","","","",""
"2026/02/03 4:38:13 pm GMT+8","11 tahun","","","","","","","","","","","","","","","","","","","","","","Muhamat nabil imran bin shaheran","B-2-12","Lelaki","PETANG (3.00 PETANG - 6.30 PETANG)","PERMAINAN KOMPUTER","","","","","","","","","","","","","","","","","","","","","","","","","","","","","","","","","","",""
"2026/02/03 4:54:09 pm GMT+8","11 tahun","","","","","","","","","","","","","","","","","","","","","","Adam zulkarnain bin ABDULLA ","B-8-14","Lelaki","PETANG (3.00 PETANG - 6.30 PETANG)","PERMAINAN KOMPUTER","","","","","","","","","","","","","","","","","","","","","","","","","","","","","","","","","","",""
"2026/02/03 4:54:55 pm GMT+8","15 tahun","","","","","","","","","","","","","","","","","","","","","","","","","","","","","","","","","","","","","","","","","","SITI NUR HASIRA BINTI MUHAMMADUN","B-02-14","Perempuan","PETANG (3.00 PETANG - 6.30 PETANG)","AKTIVITI SANTAI","","","","","","","","","","","","","","",""
"2026/02/03 5:05:55 pm GMT+8","2 tahun","Zada faqihah binti muhammadun","2 ","B-02-14","Perempuan","PETANG (3.00 PETANG - 6.30 PETANG)","AKTIVITI SANTAI","","","","","","","","","","","","","","","","","","","","","","","","","","","","","","","","","","","","","","","","","","","","","","","","","","","","","","",""
"2026/02/03 5:19:43 pm GMT+8","12 tahun","","","","","","","","","","","","","","","","","","","","","","","","","","","MUHAMMAD RAYYAN ADAM","B-17-14","Lelaki","PETANG (3.00 PETANG - 6.30 PETANG)","AKTIVITI SANTAI","","","","","","","","","","","","","","","","","","","","","","","","","","","","","",""
"2026/02/03 5:40:01 pm GMT+8","16 tahun","","","","","","","","","","","","","","","","","","","","","","","","","","","","","","","","","","","","","","","","","","","","","","","MOHAMAD AZRUL AZIEM BIN HISHAM","B-13-12","Lelaki","PETANG (3.00 PETANG - 6.30 PETANG)","AKTIVITI SANTAI","","","","","","","","","",""
"2026/02/03 5:49:26 pm GMT+8","11 tahun","","","","","","","","","","","","","","","","","","","","","","ALISHA HUMAIRAH","A-1-16","Perempuan","PETANG (3.00 PETANG - 6.30 PETANG)","AKTIVITI SANTAI","","","","","","","","","","","","","","","","","","","","","","","","","","","","","","","","","","",""
"2026/02/03 8:08:24 pm GMT+8","17 tahun","","","","","","","","","","","","","","","","","","","","","","","","","","","","","","","","","","","","","","","","","","","","","","","","","","","","LUTH MIKHAIL BIN AHMAD NOOR","C-09-20","Lelaki","MALAM (8.00 MALAM - 10.00 MALAM)","AKITIVITI SANTAI","","","","",""
"2026/02/03 8:11:11 pm GMT+8","12 tahun","","","","","","","","","","","","","","","","","","","","","","","","","","","MUHAMMAD TAUFIQ AL AMIN BIN MOHD RIZAN","B-08-08","Lelaki","MALAM (8.00 MALAM - 10.00 MALAM)","KELAS TUISYEN","","","","","","","","","","","","","","","","","","","","","","","","","","","","","",""
"2026/02/03 8:12:39 pm GMT+8","12 tahun","","","","","","","","","","","","","","","","","","","","","","","","","","","MUHD FARISH HAIQAL BIN MOHD FAIRUZ","C-8-14","Lelaki","MALAM (8.00 MALAM - 10.00 MALAM)","PERMAINAN KOMPUTER","","","","","","","","","","","","","","","","","","","","","","","","","","","","","",""
"2026/02/03 8:13:15 pm GMT+8","12 tahun","","","","","","","","","","","","","","","","","","","","","","","","","","","MUHAMMAD AZRUL AZIEB BIN HISHAM","B-13-12","Lelaki","MALAM (8.00 MALAM - 10.00 MALAM)","KELAS TUISYEN","","","","","","","","","","","","","","","","","","","","","","","","","","","","","",""
"2026/02/03 8:13:56 pm GMT+8","12 tahun","","","","","","","","","","","","","","","","","","","","","","","","","","","MUHAMMAD ADAM RAYYAN","C-13-09","Lelaki","MALAM (8.00 MALAM - 10.00 MALAM)","KELAS TUISYEN","","","","","","","","","","","","","","","","","","","","","","","","","","","","","",""
"2026/02/03 8:14:47 pm GMT+8","12 tahun","","","","","","","","","","","","","","","","","","","","","","","","","","","NURUL HAWA AMANI BINTI SULAIMAN","C-13-03","Perempuan","MALAM (8.00 MALAM - 10.00 MALAM)","KELAS TUISYEN","","","","","","","","","","","","","","","","","","","","","","","","","","","","","",""
"2026/02/03 8:15:15 pm GMT+8","12 tahun","","","","","","","","","","","","","","","","","","","","","","","","","","","NURATHIRA SYAHIRAH BINTI MOHAMAD","C-13-14","Perempuan","MALAM (8.00 MALAM - 10.00 MALAM)","KELAS TUISYEN","","","","","","","","","","","","","","","","","","","","","","","","","","","","","",""
"2026/02/03 8:16:14 pm GMT+8","12 tahun","","","","","","","","","","","","","","","","","","","","","","","","","","","NUR FATHIA ALEEYA BINTI MUHD FAZIHAN","B-14-10","Perempuan","MALAM (8.00 MALAM - 10.00 MALAM)","AKTIVITI SANTAI","","","","","","","","","","","","","","","","","","","","","","","","","","","","","",""
"2026/02/03 8:17:24 pm GMT+8","12 tahun","","","","","","","","","","","","","","","","","","","","","","","","","","","NUR SOFEA SOLEHAH","C-12-14","Perempuan","MALAM (8.00 MALAM - 10.00 MALAM)","AKTIVITI SANTAI","","","","","","","","","","","","","","","","","","","","","","","","","","","","","",""
"2026/02/03 8:21:45 pm GMT+8","12 tahun","","","","","","","","","","","","","","","","","","","","","","","","","","","NUR SALSABILLA RAMADHANI BINTI ABD RAHIM","A-04-10","Perempuan","MALAM (8.00 MALAM - 10.00 MALAM)","KELAS TUISYEN","","","","","","","","","","","","","","","","","","","","","","","","","","","","","",""
"2026/02/03 8:22:07 pm GMT+8","12 tahun","","","","","","","","","","","","","","","","","","","","","","","","","","","NUR MIZA ILYANA BINTI MAZLI","A-06-08","Perempuan","MALAM (8.00 MALAM - 10.00 MALAM)","KELAS TUISYEN","","","","","","","","","","","","","","","","","","","","","","","","","","","","","",""
"2026/02/03 8:30:00 pm GMT+8","12 tahun","","","","","","","","","","","","","","","","","","","","","","","","","","","ISMAHANI AFIA BINTI MUHAMAD YAMANI","B-04-15","Perempuan","MALAM (8.00 MALAM - 10.00 MALAM)","KELAS TUISYEN","","","","","","","","","","","","","","","","","","","","","","","","","","","","","",""
"2026/02/03 9:53:04 pm GMT+8","15 tahun","","","","","","","","","","","","","","","","","","","","","","","","","","","","","","","","","","","","","","","","","","MUHAMAD ARFAN AQIM BIN ARMAN","B-08-10","Lelaki","MALAM (8.00 MALAM - 10.00 MALAM)","AKTIVITI SANTAI","","","","","","","","","","","","","","",""
"2026/02/03 9:53:23 pm GMT+8","17 tahun","","","","","","","","","","","","","","","","","","","","","","","","","","","","","","","","","","","","","","","","","","","","","","","","","","","","NUR QASEH QAISARA BINTI ABD RAHIM","A-04-10","Perempuan","MALAM (8.00 MALAM - 10.00 MALAM)","AKITIVITI SANTAI","","","","",""
"2026/02/04 3:02:46 pm GMT+8","12 tahun","","","","","","","","","","","","","","","","","","","","","","","","","","","ERRYSHA DHAWEYYADHAWEYYA BINTI MOHD ROSDI","C-6‐16","Perempuan","PETANG (3.00 PETANG - 6.30 PETANG)","AKTIVITI SANTAI","","","","","","","","","","","","","","","","","","","","","","","","","","","","","",""
"2026/02/04 3:05:15 pm GMT+8","10 tahun","","","","","","","","","","","","","","","","","Errysyam","C-6-16","Lelaki","PETANG (3.00 PETANG - 6.30 PETANG)","PERMAINAN DALAMAN","","","","","","","","","","","","","","","","","","","","","","","","","","","","","","","","","","","","","","","",""
"2026/02/04 3:05:55 pm GMT+8","11 tahun","","","","","","","","","","","","","","","","","","","","","","QASEH NUR ZAHRA BIN KAMA","A-07-05","Perempuan","PETANG (3.00 PETANG - 6.30 PETANG)","AKTIVITI SANTAI","","","","","","","","","","","","","","","","","","","","","","","","","","","","","","","","","","",""
"2026/02/04 3:07:06 pm GMT+8","15 tahun","","","","","","","","","","","","","","","","","","","","","","","","","","","","","","","","","","","","","","","","","","MUHAMAD ARFAN AQIM BIN ARMAN","B-08-10","Lelaki","PETANG (3.00 PETANG - 6.30 PETANG)","AKTIVITI SANTAI","","","","","","","","","","","","","","",""
"2026/02/04 3:23:53 pm GMT+8","12 tahun","","","","","","","","","","","","","","","","","","","","","","","","","","","Rasyidi","C-4-9","Lelaki","PETANG (3.00 PETANG - 6.30 PETANG)","AKTIVITI MODUL","","","","","","","","","","","","","","","","","","","","","","","","","","","","","",""
"2026/02/04 3:34:02 pm GMT+8","11 tahun","","","","","","","","","","","","","","","","","","","","","","SUHAILA HANIFA BINTI MUHAMMADUN","B-02-14","Perempuan","PETANG (3.00 PETANG - 6.30 PETANG)","AKTIVITI SANTAI","","","","","","","","","","","","","","","","","","","","","","","","","","","","","","","","","","",""
"2026/02/04 3:34:32 pm GMT+8","7 tahun ke bawah","NUR ZARA AULIA BINTI MUHAMADUN","6","B-02-14","Perempuan","PETANG (3.00 PETANG - 6.30 PETANG)","","","","","","","","","","","","","","","","","","","","","","","","","","","","","","","","","","","","","","","","","","","","","","","","","","","","","","","",""
"2026/02/04 3:51:39 pm GMT+8","15 tahun","","","","","","","","","","","","","","","","","","","","","","","","","","","","","","","","","","","","","","","","","","MUHAMMAD HARRAZ SAUQI BIN KAMA","A-07-05","Lelaki","PETANG (3.00 PETANG - 6.30 PETANG)","AKTIVITI SANTAI","","","","","","","","","","","","","","",""
"2026/02/04 3:56:43 pm GMT+8","11 tahun","","","","","","","","","","","","","","","","","","","","","","NADHIRAH SYUHAIDAH BINTI SUKRI","C-07-13","Perempuan","PETANG (3.00 PETANG - 6.30 PETANG)","PERMAINAN DALAMAN","","","","","","","","","","","","","","","","","","","","","","","","","","","","","","","","","","",""
"2026/02/04 3:57:53 pm GMT+8","11 tahun","","","","","","","","","","","","","","","","","","","","","","ALISHA HUMAIRAH","A-1-16","Perempuan","PETANG (3.00 PETANG - 6.30 PETANG)","AKTIVITI SANTAI","","","","","","","","","","","","","","","","","","","","","","","","","","","","","","","","","","",""
"2026/02/04 5:28:36 pm GMT+8","17 tahun","","","","","","","","","","","","","","","","","","","","","","","","","","","","","","","","","","","","","","","","","","","","","","","","","","","","NUR QASEH QAISARA BINTI ABD RAHIM","A-04-10","Perempuan","PETANG (3.00 PETANG - 6.30 PETANG)","AKITIVITI SANTAI","","","","",""
"2026/02/04 8:03:45 pm GMT+8","15 tahun","","","","","","","","","","","","","","","","","","","","","","","","","","","","","","","","","","","","","","","","","","SITI NUR HASIRA BINTI MUHAMMADUN","B-02-14","Perempuan","MALAM (8.00 MALAM - 10.00 MALAM)","KELAS TUISYEN","","","","","","","","","","","","","","",""
"2026/02/04 8:05:43 pm GMT+8","16 tahun","","","","","","","","","","","","","","","","","","","","","","","","","","","","","","","","","","","","","","","","","","","","","","","ADAM ZAKRY BIN ZUL AMALI","B-13-10","Lelaki","MALAM (8.00 MALAM - 10.00 MALAM)","KELAS TUISYEN","","","","","","","","","",""
"2026/02/04 8:06:33 pm GMT+8","17 tahun","","","","","","","","","","","","","","","","","","","","","","","","","","","","","","","","","","","","","","","","","","","","","","","","","","","","MUHAMMAD NAQIB IRHAS BIN RAMLAN","A-01-06","Lelaki","MALAM (8.00 MALAM - 10.00 MALAM)","KELAS TUISYEN","","","","",""
"2026/02/04 8:06:56 pm GMT+8","17 tahun","","","","","","","","","","","","","","","","","","","","","","","","","","","","","","","","","","","","","","","","","","","","","","","","","","","","NUR QASEH QAISARA BINTI ABD RAHIM","A-04-10","Perempuan","MALAM (8.00 MALAM - 10.00 MALAM)","KELAS TUISYEN","","","","",""
"2026/02/04 8:16:26 pm GMT+8","13 tahun","","","","","","","","","","","","","","","","","","","","","","","","","","","","","","","","QASEH NUR SALINA","A-07-05","Perempuan","MALAM (8.00 MALAM - 10.00 MALAM)","AKTIVITI SANTAI","","","","","","","","","","","","","","","","","","","","","","","","",""
"2026/02/04 8:33:24 pm GMT+8","13 tahun","","","","","","","","","","","","","","","","","","","","","","","","","","","","","","","","MUHAMMAD SHAHIR HAIKAL BIN ROSLAN","C-11-17","Lelaki","MALAM (8.00 MALAM - 10.00 MALAM)","AKTIVITI SANTAI","","","","","","","","","","","","","","","","","","","","","","","","",""
"2026/02/04 8:35:05 pm GMT+8","17 tahun","","","","","","","","","","","","","","","","","","","","","","","","","","","","","","","","","","","","","","","","","","","","","","","","","","","","SHAIRAH BINTI ROSLAN","C-11-17","Perempuan","MALAM (8.00 MALAM - 10.00 MALAM)","KELAS TUISYEN","","","","",""
"2026/02/04 8:36:21 pm GMT+8","18 tahun ke atas","","","","","","","","","","","","","","","","","","","","","","","","","","","","","","","","","","","","","","","","","","","","","","","","","","","","","","","","","NUR PUTRI RAMADHANI AKMA BIN MOHD NOOR AZLAN","Perempuan","C913","MALAM ( 8.00 MALAM - 10.00 MALAM)","AKTIVITI SANTAI"
"2026/02/04 9:32:43 pm GMT+8","14 tahun","","","","","","","","","","","","","","","","","","","","","","","","","","","","","","","","","","","","","MUHAMMAD ARIQ ARYAN BIN HAIDZIR SHAM","C-07-14","Lelaki","MALAM (8.00 MALAM - 10.00 MALAM)","HOMEWORK CLUB","","","","","","","","","","","","","","","","","","","",""
"2026/02/04 9:56:24 pm GMT+8","17 tahun","","","","","","","","","","","","","","","","","","","","","","","","","","","","","","","","","","","","","","","","","","","","","","","","","","","","LUTH MIKHAIL BIN AHMAD NOOR","C-09-20","Lelaki","MALAM (8.00 MALAM - 10.00 MALAM)","KELAS TUISYEN","","","","",""
"2026/02/09 3:01:03 pm GMT+8","15 tahun","","","","","","","","","","","","","","","","","","","","","","","","","","","","","","","","","","","","","","","","","","ARIF DANIEL BIN FAIZUL AZLI","B-13-06","Lelaki","PETANG (3.00 PETANG - 6.30 PETANG)","AKTIVITI SANTAI","","","","","","","","","","","","","","",""
"2026/02/09 3:13:13 pm GMT+8","15 tahun","","","","","","","","","","","","","","","","","","","","","","","","","","","","","","","","","","","","","","","","","","SITI NUR HASIRA BINTI MUHAMMADUN","B-02-14","Perempuan","PETANG (3.00 PETANG - 6.30 PETANG)","AKTIVITI SANTAI","","","","","","","","","","","","","","",""
"2026/02/09 3:27:44 pm GMT+8","12 tahun","","","","","","","","","","","","","","","","","","","","","","","","","","","NUR SALSABILLA RAMADHANI BINTI ABD RAHIM","A-04-10","Perempuan","PETANG (3.00 PETANG - 6.30 PETANG)","AKTIVITI SANTAI","","","","","","","","","","","","","","","","","","","","","","","","","","","","","",""
"2026/02/09 3:28:13 pm GMT+8","11 tahun","","","","","","","","","","","","","","","","","","","","","","NUR AFIRA RAISYA BIN MUHAMAD FAIZAL","B-10-18","Perempuan","PETANG (3.00 PETANG - 6.30 PETANG)","AKTIVITI SANTAI","","","","","","","","","","","","","","","","","","","","","","","","","","","","","","","","","","",""
"2026/02/09 3:28:38 pm GMT+8","11 tahun","","","","","","","","","","","","","","","","","","","","","","SUHAILA HANIFA BINTI MUHAMMADUN","B-02-14","Perempuan","PETANG (3.00 PETANG - 6.30 PETANG)","AKTIVITI SANTAI","","","","","","","","","","","","","","","","","","","","","","","","","","","","","","","","","","",""
"2026/02/09 3:29:15 pm GMT+8","7 tahun ke bawah","NUR ZARA AULIA BINTI MUHAMADUN","5 tahun","B-02-14","Perempuan","PETANG (3.00 PETANG - 6.30 PETANG)","AKTIVITI SANTAI","","","","","","","","","","","","","","","","","","","","","","","","","","","","","","","","","","","","","","","","","","","","","","","","","","","","","","",""
"2026/02/09 3:29:40 pm GMT+8","11 tahun","","","","","","","","","","","","","","","","","","","","","","QASEH NUR ZAHRA BIN KAMA","A-07-05","Perempuan","PETANG (3.00 PETANG - 6.30 PETANG)","AKTIVITI SANTAI","","","","","","","","","","","","","","","","","","","","","","","","","","","","","","","","","","",""
"2026/02/09 3:31:53 pm GMT+8","16 tahun","","","","","","","","","","","","","","","","","","","","","","","","","","","","","","","","","","","","","","","","","","","","","","","ADAM ZAKRY BIN ZUL AMALI","B-13-10","Lelaki","PETANG (3.00 PETANG - 6.30 PETANG)","AKTIVITI SANTAI","","","","","","","","","",""
"2026/02/09 3:32:14 pm GMT+8","15 tahun","","","","","","","","","","","","","","","","","","","","","","","","","","","","","","","","","","","","","","","","","","MUHAMMAD HARRAZ SAUQI BIN KAMA","A-07-05","Lelaki","PETANG (3.00 PETANG - 6.30 PETANG)","AKTIVITI SANTAI","","","","","","","","","","","","","","",""
"2026/02/09 3:40:35 pm GMT+8","14 tahun","","","","","","","","","","","","","","","","","","","","","","","","","","","","","","","","","","","","","ARIF ZULKARNAIN BIN FAIZUL AZLI","B-13-06","Lelaki","PETANG (3.00 PETANG - 6.30 PETANG)","AKTIVITI SANTAI","","","","","","","","","","","","","","","","","","","",""
"2026/02/09 3:41:18 pm GMT+8","15 tahun","","","","","","","","","","","","","","","","","","","","","","","","","","","","","","","","","","","","","","","","","","Muhd nur ishak","C-08-17","Lelaki","PETANG (3.00 PETANG - 6.30 PETANG)","AKTIVITI SANTAI","","","","","","","","","","","","","","",""
"2026/02/09 4:14:25 pm GMT+8","15 tahun","","","","","","","","","","","","","","","","","","","","","","","","","","","","","","","","","","","","","","","","","","MUHAMAD ARFAN AQIM BIN ARMAN","B-08-10","Lelaki","PETANG (3.00 PETANG - 6.30 PETANG)","AKTIVITI SANTAI","","","","","","","","","","","","","","",""
"2026/02/09 4:15:20 pm GMT+8","15 tahun","","","","","","","","","","","","","","","","","","","","","","","","","","","","","","","","","","","","","","","","","","MUHAMMAD HARRAZ SAUQI BIN KAMA","A-07-05","Lelaki","PETANG (3.00 PETANG - 6.30 PETANG)","AKTIVITI SANTAI","","","","","","","","","","","","","","",""
"2026/02/09 4:15:37 pm GMT+8","16 tahun","","","","","","","","","","","","","","","","","","","","","","","","","","","","","","","","","","","","","","","","","","","","","","","ADAM ZAKRY BIN ZUL AMALI","B-13-10","Lelaki","PETANG (3.00 PETANG - 6.30 PETANG)","AKTIVITI SANTAI","","","","","","","","","",""
"2026/02/09 4:25:38 pm GMT+8","17 tahun","","","","","","","","","","","","","","","","","","","","","","","","","","","","","","","","","","","","","","","","","","","","","","","","","","","","LUTH MIKHAIL BIN AHMAD NOOR","C-09-20","Lelaki","PETANG (3.00 PETANG - 6.30 PETANG)","AKITIVITI SANTAI","","","","",""
"2026/02/09 5:19:12 pm GMT+8","12 tahun","","","","","","","","","","","","","","","","","","","","","","","","","","","MUHAMMAD RAYYAN ADAM","B-17-14","Lelaki","PETANG (3.00 PETANG - 6.30 PETANG)","AKTIVITI SANTAI","","","","","","","","","","","","","","","","","","","","","","","","","","","","","",""
"2026/02/09 8:00:52 pm GMT+8","11 tahun","","","","","","","","","","","","","","","","","","","","","","QASEH NUR ZAHRA BIN KAMA","A-07-05","Perempuan","MALAM (8.00 MALAM - 10.00 MALAM)","AKTIVITI SANTAI","","","","","","","","","","","","","","","","","","","","","","","","","","","","","","","","","","",""
"2026/02/09 8:01:13 pm GMT+8","12 tahun","","","","","","","","","","","","","","","","","","","","","","","","","","","NUR SALSABILLA RAMADHANI BINTI ABD RAHIM","A-04-10","Perempuan","MALAM (8.00 MALAM - 10.00 MALAM)","HOMEWORK CLUB","","","","","","","","","","","","","","","","","","","","","","","","","","","","","",""
"2026/02/09 8:01:56 pm GMT+8","11 tahun","","","","","","","","","","","","","","","","","","","","","","Nur Aneesa Ilyana","A-6-08","Perempuan","MALAM (8.00 MALAM - 10.00 MALAM)","AKTIVITI SANTAI","","","","","","","","","","","","","","","","","","","","","","","","","","","","","","","","","","",""
"2026/02/09 8:02:15 pm GMT+8","9 tahun","","","","","","","","","","","","NUR AAIRA ILYANA BINTI MAZLI","A-06-08","Perempuan","MALAM (8.00 MALAM - 10.00 MALAM)","HOMEWORK CLUB","","","","","","","","","","","","","","","","","","","","","","","","","","","","","","","","","","","","","","","","","","","","",""
"2026/02/09 8:02:50 pm GMT+8","13 tahun","","","","","","","","","","","","","","","","","","","","","","","","","","","","","","","","QASEH NUR SALINA","A-07-05","Perempuan","MALAM (8.00 MALAM - 10.00 MALAM)","AKTIVITI SANTAI","","","","","","","","","","","","","","","","","","","","","","","","",""
"2026/02/09 8:03:24 pm GMT+8","7 tahun ke bawah","QASEH NUR HIDAYAH BINTI KAMA","4 tahun","A-07-05","Perempuan","MALAM (8.00 MALAM - 10.00 MALAM)","AKTIVITI SANTAI","","","","","","","","","","","","","","","","","","","","","","","","","","","","","","","","","","","","","","","","","","","","","","","","","","","","","","",""
"2026/02/09 8:17:55 pm GMT+8","11 tahun","","","","","","","","","","","","","","","","","","","","","","SUHAILA HANIFA BINTI MUHAMMADUN","B-02-14","Perempuan","MALAM (8.00 MALAM - 10.00 MALAM)","MENONTON TELEVISYEN","","","","","","","","","","","","","","","","","","","","","","","","","","","","","","","","","","",""
"2026/02/09 8:19:26 pm GMT+8","15 tahun","","","","","","","","","","","","","","","","","","","","","","","","","","","","","","","","","","","","","","","","","","SITI NUR HASIRA BINTI MUHAMMADUN","B-02-14","Perempuan","MALAM (8.00 MALAM - 10.00 MALAM)","AKTIVITI SANTAI","","","","","","","","","","","","","","",""
"2026/02/09 8:25:35 pm GMT+8","13 tahun","","","","","","","","","","","","","","","","","","","","","","","","","","","","","","","","MUHAMAD RAMADAN BN MUHAMADUN","B-02-14","Lelaki","MALAM (8.00 MALAM - 10.00 MALAM)","AKTIVITI SANTAI","","","","","","","","","","","","","","","","","","","","","","","","",""
"2026/02/09 8:29:44 pm GMT+8","13 tahun","","","","","","","","","","","","","","","","","","","","","","","","","","","","","","","","MUHAMMAD SHAHIR HAIKAL BIN ROSLAN","C-11-17","Lelaki","MALAM (8.00 MALAM - 10.00 MALAM)","AKTIVITI SANTAI","","","","","","","","","","","","","","","","","","","","","","","","",""
"2026/02/09 9:10:43 pm GMT+8","15 tahun","","","","","","","","","","","","","","","","","","","","","","","","","","","","","","","","","","","","","","","","","","MUHAMMAD HARRAZ SAUQI BIN KAMA","A-07-05","Lelaki","MALAM (8.00 MALAM - 10.00 MALAM)","AKTIVITI SANTAI","","","","","","","","","","","","","","",""
"2026/02/09 9:11:34 pm GMT+8","17 tahun","","","","","","","","","","","","","","","","","","","","","","","","","","","","","","","","","","","","","","","","","","","","","","","","","","","","MUHAMMAD NAQIB IRHAS BIN RAMLAN","A-01-06","Lelaki","MALAM (8.00 MALAM - 10.00 MALAM)","PERMAINAN DALAMAN","","","","",""
"2026/02/09 9:20:41 pm GMT+8","13 tahun","","","","","","","","","","","","","","","","","","","","","","","","","","","","","","","","Aiman","A-11-06","Lelaki","MALAM (8.00 MALAM - 10.00 MALAM)","AKTIVITI SANTAI","","","","","","","","","","","","","","","","","","","","","","","","",""
"2026/02/09 9:21:05 pm GMT+8","13 tahun","","","","","","","","","","","","","","","","","","","","","","","","","","","","","","","","MOHAMMAD ZHARR RAYYAN BIN HALIM","C-14-07","Lelaki","PETANG (3.00 PETANG - 6.30 PETANG)","AKTIVITI SANTAI","","","","","","","","","","","","","","","","","","","","","","","","",""
"2026/02/09 9:44:14 pm GMT+8","17 tahun","","","","","","","","","","","","","","","","","","","","","","","","","","","","","","","","","","","","","","","","","","","","","","","","","","","","MOHAMAD AZRUL AZRAI BIN HISHAM","B-13-12","Lelaki","MALAM (8.00 MALAM - 10.00 MALAM)","AKITIVITI SANTAI","","","","",""
"2026/02/09 9:45:09 pm GMT+8","17 tahun","","","","","","","","","","","","","","","","","","","","","","","","","","","","","","","","","","","","","","","","","","","","","","","","","","","","LUTH MIKHAIL BIN AHMAD NOOR","C-09-20","Lelaki","MALAM (8.00 MALAM - 10.00 MALAM)","AKITIVITI SANTAI","","","","",""
"2026/02/10 3:00:15 pm GMT+8","12 tahun","","","","","","","","","","","","","","","","","","","","","","","","","","","NUR SALSABILLA RAMADHANI BINTI ABD RAHIM","A-04-10","Perempuan","PETANG (3.00 PETANG - 6.30 PETANG)","AKTIVITI MODUL","","","","","","","","","","","","","","","","","","","","","","","","","","","","","",""
"2026/02/10 3:00:53 pm GMT+8","11 tahun","","","","","","","","","","","","","","","","","","","","","","QASEH NUR ZAHRA BIN KAMA","A-07-05","Perempuan","PETANG (3.00 PETANG - 6.30 PETANG)","AKTIVITI SANTAI","","","","","","","","","","","","","","","","","","","","","","","","","","","","","","","","","","",""
"2026/02/10 3:01:44 pm GMT+8","11 tahun","","","","","","","","","","","","","","","","","","","","","","Nur Aneesa Ilyana","A-06-08","Perempuan","PETANG (3.00 PETANG - 6.30 PETANG)","AKTIVITI SANTAI","","","","","","","","","","","","","","","","","","","","","","","","","","","","","","","","","","",""
"2026/02/10 3:03:29 pm GMT+8","10 tahun","","","","","","","","","","","","","","","","","MUHAMMAD HAFIZAN BIN MUHAMAD FAIZAN","B-04-06","Lelaki","PETANG (3.00 PETANG - 6.30 PETANG)","PERMAINAN KOMPUTER","","","","","","","","","","","","","","","","","","","","","","","","","","","","","","","","","","","","","","","",""
"2026/02/10 3:18:35 pm GMT+8","12 tahun","","","","","","","","","","","","","","","","","","","","","","","","","","","NUR KHAIRUNNIK AZZALEA BINTI AZLAN SHAH","B-15-08","Perempuan","PETANG (3.00 PETANG - 6.30 PETANG)","AKTIVITI SANTAI","","","","","","","","","","","","","","","","","","","","","","","","","","","","","",""
"2026/02/10 3:20:34 pm GMT+8","16 tahun","","","","","","","","","","","","","","","","","","","","","","","","","","","","","","","","","","","","","","","","","","","","","","","ADAM ZAKRY BIN ZUL AMALI","B-13-10","Lelaki","PETANG (3.00 PETANG - 6.30 PETANG)","AKTIVITI SANTAI","","","","","","","","","",""
"2026/02/10 3:50:14 pm GMT+8","17 tahun","","","","","","","","","","","","","","","","","","","","","","","","","","","","","","","","","","","","","","","","","","","","","","","","","","","","NUR QASEH QAISARA BINTI ABD RAHIM","A-04-10","Perempuan","PETANG (3.00 PETANG - 6.30 PETANG)","AKITIVITI SANTAI","","","","",""
"2026/02/10 3:54:02 pm GMT+8","15 tahun","","","","","","","","","","","","","","","","","","","","","","","","","","","","","","","","","","","","","","","","","","MUHAMMAD HARRAZ SAUQI BIN KAMA","A-07-05","Lelaki","PETANG (3.00 PETANG - 6.30 PETANG)","AKTIVITI SANTAI","","","","","","","","","","","","","","",""
"2026/02/10 4:21:27 pm GMT+8","15 tahun","","","","","","","","","","","","","","","","","","","","","","","","","","","","","","","","","","","","","","","","","","MUHAMAD ARFAN AQIM BIN ARMAN","B-08-10","Lelaki","PETANG (3.00 PETANG - 6.30 PETANG)","AKTIVITI SANTAI","","","","","","","","","","","","","","",""
"2026/02/10 4:24:48 pm GMT+8","17 tahun","","","","","","","","","","","","","","","","","","","","","","","","","","","","","","","","","","","","","","","","","","","","","","","","","","","","LUTH MIKHAIL BIN AHMAD NOOR","C-09-20","Lelaki","PETANG (3.00 PETANG - 6.30 PETANG)","AKITIVITI SANTAI","","","","",""
"2026/02/10 5:14:30 pm GMT+8","11 tahun","","","","","","","","","","","","","","","","","","","","","","SUHAILA HANIFA BINTI MUHAMMADUN","B-02-14","Perempuan","PETANG (3.00 PETANG - 6.30 PETANG)","AKTIVITI SANTAI","","","","","","","","","","","","","","","","","","","","","","","","","","","","","","","","","","",""
"2026/02/10 5:14:50 pm GMT+8","12 tahun","","","","","","","","","","","","","","","","","","","","","","","","","","","NUR SALSABILLA RAMADHANI BINTI ABD RAHIM","A-04-10","Perempuan","PETANG (3.00 PETANG - 6.30 PETANG)","AKTIVITI SANTAI","","","","","","","","","","","","","","","","","","","","","","","","","","","","","",""
"2026/02/10 5:15:19 pm GMT+8","11 tahun","","","","","","","","","","","","","","","","","","","","","","NUR AFIRA RAISYA BIN MUHAMAD FAIZAL","B-10-18","Perempuan","PETANG (3.00 PETANG - 6.30 PETANG)","AKTIVITI SANTAI","","","","","","","","","","","","","","","","","","","","","","","","","","","","","","","","","","",""
"2026/02/10 5:17:02 pm GMT+8","7 tahun ke bawah","SITI NUR HAFIZAH","1 TAHUN","B-4-6","Perempuan","PETANG (3.00 PETANG - 6.30 PETANG)","AKTIVITI SANTAI","","","","","","","","","","","","","","","","","","","","","","","","","","","","","","","","","","","","","","","","","","","","","","","","","","","","","","",""
"2026/02/10 5:32:55 pm GMT+8","12 tahun","","","","","","","","","","","","","","","","","","","","","","","","","","","MUHAMMAD RAYYAN ADAM","B-17-14","Lelaki","PETANG (3.00 PETANG - 6.30 PETANG)","AKTIVITI SANTAI","","","","","","","","","","","","","","","","","","","","","","","","","","","","","",""
"2026/02/10 5:51:07 pm GMT+8","17 tahun","","","","","","","","","","","","","","","","","","","","","","","","","","","","","","","","","","","","","","","","","","","","","","","","","","","","MUHAMMAD ALIFF FURQAN BIN LOKMAN","B-05-05","Lelaki","PETANG (3.00 PETANG - 6.30 PETANG)","AKITIVITI SANTAI","","","","",""
"2026/02/10 8:01:22 pm GMT+8","13 tahun","","","","","","","","","","","","","","","","","","","","","","","","","","","","","","","","MUHAMAD RAMADAN BN MUHAMADUN","B-02-14","Lelaki","MALAM (8.00 MALAM - 10.00 MALAM)","AKTIVITI SANTAI","","","","","","","","","","","","","","","","","","","","","","","","",""
"2026/02/10 8:01:42 pm GMT+8","13 tahun","","","","","","","","","","","","","","","","","","","","","","","","","","","","","","","","QASEH NUR SALINA","A-07-05","Perempuan","MALAM (8.00 MALAM - 10.00 MALAM)","AKTIVITI SANTAI","","","","","","","","","","","","","","","","","","","","","","","","",""
"2026/02/10 8:02:01 pm GMT+8","11 tahun","","","","","","","","","","","","","","","","","","","","","","QASEH NUR ZAHRA BIN KAMA","A-07-05","Perempuan","MALAM (8.00 MALAM - 10.00 MALAM)","AKTIVITI MODUL","","","","","","","","","","","","","","","","","","","","","","","","","","","","","","","","","","",""
"2026/02/10 8:02:54 pm GMT+8","11 tahun","","","","","","","","","","","","","","","","","","","","","","Nur Aneesa Ilyana Binti Mazli","A-06-08","Perempuan","MALAM (8.00 MALAM - 10.00 MALAM)","HOMEWORK CLUB","","","","","","","","","","","","","","","","","","","","","","","","","","","","","","","","","","",""
"2026/02/10 8:03:11 pm GMT+8","9 tahun","","","","","","","","","","","","NUR AAIRA ILYANA BINTI MAZLI","A-06-08","Perempuan","MALAM (8.00 MALAM - 10.00 MALAM)","AKTIVITI SANTAI","","","","","","","","","","","","","","","","","","","","","","","","","","","","","","","","","","","","","","","","","","","","",""
"2026/02/10 8:04:34 pm GMT+8","12 tahun","","","","","","","","","","","","","","","","","","","","","","","","","","","NUR MIZA ILYANA BINTI MAZLI","A-06-08","Perempuan","MALAM (8.00 MALAM - 10.00 MALAM)","HOMEWORK CLUB","","","","","","","","","","","","","","","","","","","","","","","","","","","","","",""
"2026/02/10 8:05:06 pm GMT+8","17 tahun","","","","","","","","","","","","","","","","","","","","","","","","","","","","","","","","","","","","","","","","","","","","","","","","","","","","NUR QASEH QAISARA BINTI ABD RAHIM","A-04-10","Perempuan","MALAM (8.00 MALAM - 10.00 MALAM)","AKITIVITI SANTAI","","","","",""
"2026/02/10 8:05:59 pm GMT+8","12 tahun","","","","","","","","","","","","","","","","","","","","","","","","","","","SARAH KHAIRINA DHAMIRAH BT ARMAN","B-08-10","Perempuan","MALAM (8.00 MALAM - 10.00 MALAM)","KELAS TUISYEN","","","","","","","","","","","","","","","","","","","","","","","","","","","","","",""
"2026/02/10 8:06:22 pm GMT+8","15 tahun","","","","","","","","","","","","","","","","","","","","","","","","","","","","","","","","","","","","","","","","","","MUHAMAD ARFAN AQIM BIN ARMAN","B-08-10","Lelaki","MALAM (8.00 MALAM - 10.00 MALAM)","AKTIVITI SANTAI","","","","","","","","","","","","","","",""
"2026/02/10 8:08:57 pm GMT+8","17 tahun","","","","","","","","","","","","","","","","","","","","","","","","","","","","","","","","","","","","","","","","","","","","","","","","","","","","LUTH MIKHAIL BIN AHMAD NOOR","C-09-20","Lelaki","MALAM (8.00 MALAM - 10.00 MALAM)","AKITIVITI SANTAI","","","","",""
"2026/02/10 8:11:08 pm GMT+8","12 tahun","","","","","","","","","","","","","","","","","","","","","","","","","","","MUHAMMAD ADAM RAYYAN","C-13-09","Lelaki","MALAM (8.00 MALAM - 10.00 MALAM)","KELAS TUISYEN","","","","","","","","","","","","","","","","","","","","","","","","","","","","","",""
"2026/02/10 8:25:57 pm GMT+8","12 tahun","","","","","","","","","","","","","","","","","","","","","","","","","","","MUHAMMAD AZRUL AZIEB BIN HISHAM","B-13-12","Lelaki","MALAM (8.00 MALAM - 10.00 MALAM)","KELAS TUISYEN","","","","","","","","","","","","","","","","","","","","","","","","","","","","","",""
"2026/02/10 8:26:34 pm GMT+8","12 tahun","","","","","","","","","","","","","","","","","","","","","","","","","","","MUHAMMAD TAUFIQ AL AMIN BIN MOHD RIZAN","B-08-08","Lelaki","MALAM (8.00 MALAM - 10.00 MALAM)","KELAS TUISYEN","","","","","","","","","","","","","","","","","","","","","","","","","","","","","",""
"2026/02/10 8:28:13 pm GMT+8","12 tahun","","","","","","","","","","","","","","","","","","","","","","","","","","","MUHAMMDAD FARISH HAIQAL BIN MOHD FAIRUZ","C-81-14","Lelaki","MALAM (8.00 MALAM - 10.00 MALAM)","PERMAINAN KOMPUTER","","","","","","","","","","","","","","","","","","","","","","","","","","","","","",""
"2026/02/10 8:28:53 pm GMT+8","12 tahun","","","","","","","","","","","","","","","","","","","","","","","","","","","NUR SOFEA SOLEHAH","C-12-14","Perempuan","MALAM (8.00 MALAM - 10.00 MALAM)","AKTIVITI SANTAI","","","","","","","","","","","","","","","","","","","","","","","","","","","","","",""
"2026/02/10 8:29:33 pm GMT+8","12 tahun","","","","","","","","","","","","","","","","","","","","","","","","","","","NUR FATHIA ALEEYA BINTI MUHD FAZIHAN","B-14-10","Perempuan","MALAM (8.00 MALAM - 10.00 MALAM)","AKTIVITI SANTAI","","","","","","","","","","","","","","","","","","","","","","","","","","","","","",""
"2026/02/10 8:30:59 pm GMT+8","11 tahun","","","","","","","","","","","","","","","","","","","","","","ISMAHANI AFIA BINTI MUAHAMAD YAMANI","B-04-15","Perempuan","MALAM (8.00 MALAM - 10.00 MALAM)","AKTIVITI SANTAI","","","","","","","","","","","","","","","","","","","","","","","","","","","","","","","","","","",""
"2026/02/10 8:31:19 pm GMT+8","12 tahun","","","","","","","","","","","","","","","","","","","","","","","","","","","NUR SALSABILLA RAMADHANI BINTI ABD RAHIM","A-04-10","Perempuan","MALAM (8.00 MALAM - 10.00 MALAM)","KELAS TUISYEN","","","","","","","","","","","","","","","","","","","","","","","","","","","","","",""
"2026/02/10 8:39:01 pm GMT+8","17 tahun","","","","","","","","","","","","","","","","","","","","","","","","","","","","","","","","","","","","","","","","","","","","","","","","","","","","MOHAMAD AZRUL AZRAI BIN HISHAM","B-13-12","Lelaki","MALAM (8.00 MALAM - 10.00 MALAM)","AKITIVITI SANTAI","","","","",""
"2026/02/10 8:39:23 pm GMT+8","15 tahun","","","","","","","","","","","","","","","","","","","","","","","","","","","","","","","","","","","","","","","","","","MUHAMMAD HARRAZ SAUQI BIN KAMA","A-07-05","Lelaki","MALAM (8.00 MALAM - 10.00 MALAM)","AKTIVITI SANTAI","","","","","","","","","","","","","","",""
"2026/02/10 8:44:55 pm GMT+8","13 tahun","","","","","","","","","","","","","","","","","","","","","","","","","","","","","","","","MUHAMMAD SHAHIR HAIKAL BIN ROSLAN","C-11-17","Lelaki","MALAM (8.00 MALAM - 10.00 MALAM)","AKTIVITI SANTAI","","","","","","","","","","","","","","","","","","","","","","","","",""
"2026/02/10 9:11:31 pm GMT+8","13 tahun","","","","","","","","","","","","","","","","","","","","","","","","","","","","","","","","MUHAMAD QHAIRIL BIN MOHD KHAIRUL ANUAR","B-13-19","Lelaki","PETANG (3.00 PETANG - 6.30 PETANG)","AKTIVITI SANTAI","","","","","","","","","","","","","","","","","","","","","","","","",""
"2026/02/11 3:00:38 pm GMT+8","11 tahun","","","","","","","","","","","","","","","","","","","","","","QASEH NUR ZAHRA BIN KAMA","A-07-05","Perempuan","PETANG (3.00 PETANG - 6.30 PETANG)","AKTIVITI SANTAI","","","","","","","","","","","","","","","","","","","","","","","","","","","","","","","","","","",""
"2026/02/11 3:01:31 pm GMT+8","7 tahun ke bawah","NUR ZARA AULIA BINTI MUHAMADUN","Umur 5 tahun","B-02-14","Perempuan","PETANG (3.00 PETANG - 6.30 PETANG)","AKTIVITI SANTAI","","","","","","","","","","","","","","","","","","","","","","","","","","","","","","","","","","","","","","","","","","","","","","","","","","","","","","",""
"2026/02/11 3:31:26 pm GMT+8","11 tahun","","","","","","","","","","","","","","","","","","","","","","NADHIRAH SYUHAIDAH BINTI SUKRI","C-07-13","Perempuan","PETANG (3.00 PETANG - 6.30 PETANG)","PERMAINAN DALAMAN","","","","","","","","","","","","","","","","","","","","","","","","","","","","","","","","","","",""
"2026/02/11 3:35:22 pm GMT+8","11 tahun","","","","","","","","","","","","","","","","","","","","","","SUHAILA HANIFA BINTI MUHAMMADUN","B-02-14","Perempuan","PETANG (3.00 PETANG - 6.30 PETANG)","AKTIVITI SANTAI","","","","","","","","","","","","","","","","","","","","","","","","","","","","","","","","","","",""
"2026/02/11 3:37:55 pm GMT+8","12 tahun","","","","","","","","","","","","","","","","","","","","","","","","","","","NUR KHAIRUNNNIL AZZALEA BINTI AZLAN SHAH","B-15-08","Perempuan","PETANG (3.00 PETANG - 6.30 PETANG)","AKTIVITI SANTAI","","","","","","","","","","","","","","","","","","","","","","","","","","","","","",""
"2026/02/11 3:43:38 pm GMT+8","11 tahun","","","","","","","","","","","","","","","","","","","","","","Nur Aneesa Ilyana Binti Mazli","A-06-08","Perempuan","PETANG (3.00 PETANG - 6.30 PETANG)","AKTIVITI SANTAI","","","","","","","","","","","","","","","","","","","","","","","","","","","","","","","","","","",""
"2026/02/11 3:52:24 pm GMT+8","12 tahun","","","","","","","","","","","","","","","","","","","","","","","","","","","ERRYSHA DHAWEYYA BINTI MOHD ROSDI","C-6-16","Perempuan","PETANG (3.00 PETANG - 6.30 PETANG)","AKTIVITI SANTAI","","","","","","","","","","","","","","","","","","","","","","","","","","","","","",""
"2026/02/11 3:56:13 pm GMT+8","11 tahun","","","","","","","","","","","","","","","","","","","","","","NUR AFIRA RAISYA BIN MUHAMAD FAIZAL","B-10-18","Perempuan","PETANG (3.00 PETANG - 6.30 PETANG)","AKTIVITI SANTAI","","","","","","","","","","","","","","","","","","","","","","","","","","","","","","","","","","",""
"2026/02/11 4:10:10 pm GMT+8","15 tahun","","","","","","","","","","","","","","","","","","","","","","","","","","","","","","","","","","","","","","","","","","MUHAMMAD HARRAZ SAUQI BIN KAMA","A-07-05","Lelaki","PETANG (3.00 PETANG - 6.30 PETANG)","AKTIVITI SANTAI","","","","","","","","","","","","","","",""
"2026/02/11 4:52:50 pm GMT+8","12 tahun","","","","","","","","","","","","","","","","","","","","","","","","","","","NUR SALSABILLA RAMADHANI BINTI ABD RAHIM","A-04-10","Perempuan","PETANG (3.00 PETANG - 6.30 PETANG)","AKTIVITI SANTAI","","","","","","","","","","","","","","","","","","","","","","","","","","","","","",""
"2026/02/11 5:22:41 pm GMT+8","12 tahun","","","","","","","","","","","","","","","","","","","","","","","","","","","MUHAMMAD RAYYAN ADAM","B-17-14","Lelaki","PETANG (3.00 PETANG - 6.30 PETANG)","AKTIVITI SANTAI","","","","","","","","","","","","","","","","","","","","","","","","","","","","","",""
"2026/02/11 6:15:57 pm GMT+8","17 tahun","","","","","","","","","","","","","","","","","","","","","","","","","","","","","","","","","","","","","","","","","","","","","","","","","","","","NUR QASEH QAISARA BINTI ABD RAHIM","A-04-10","Perempuan","PETANG (3.00 PETANG - 6.30 PETANG)","AKTIVITI MODUL","","","","",""
"2026/02/11 8:01:03 pm GMT+8","13 tahun","","","","","","","","","","","","","","","","","","","","","","","","","","","","","","","","MUHAMAD RAMADAN BN MUHAMADUN","B-02-14","Lelaki","MALAM (8.00 MALAM - 10.00 MALAM)","AKTIVITI SANTAI","","","","","","","","","","","","","","","","","","","","","","","","",""
"2026/02/11 8:01:33 pm GMT+8","8 tahun","","","","","","","MUHAMAD AYAS BN MUHAMADUN","B-02-14","Lelaki","MALAM (8.00 MALAM - 10.00 MALAM)","MENONTON TELEVISYEN","","","","","","","","","","","","","","","","","","","","","","","","","","","","","","","","","","","","","","","","","","","","","","","","","",""
"2026/02/11 8:07:28 pm GMT+8","13 tahun","","","","","","","","","","","","","","","","","","","","","","","","","","","","","","","","QASEH NUR SALINA","A-07-05","Perempuan","MALAM (8.00 MALAM - 10.00 MALAM)","HOMEWORK CLUB","","","","","","","","","","","","","","","","","","","","","","","","",""
"2026/02/11 8:08:04 pm GMT+8","7 tahun ke bawah","QASEH NUR HIDAYAH BINTI KAMA","4 tahun","A-07-05","Perempuan","MALAM (8.00 MALAM - 10.00 MALAM)","AKTIVITI SANTAI","","","","","","","","","","","","","","","","","","","","","","","","","","","","","","","","","","","","","","","","","","","","","","","","","","","","","","",""
"2026/02/11 8:18:07 pm GMT+8","13 tahun","","","","","","","","","","","","","","","","","","","","","","","","","","","","","","","","MUHAMAD QHAIRIL BIN MOHD KHAIRUL ANUAR","B-13-19","Lelaki","PETANG (3.00 PETANG - 6.30 PETANG)","AKTIVITI SANTAI","","","","","","","","","","","","","","","","","","","","","","","","",""
"2026/02/11 8:19:41 pm GMT+8","15 tahun","","","","","","","","","","","","","","","","","","","","","","","","","","","","","","","","","","","","","","","","","","SITI NUR HASIRA BINTI MUHAMMADUN","B-02-14","Perempuan","MALAM (8.00 MALAM - 10.00 MALAM)","AKTIVITI SANTAI","","","","","","","","","","","","","","",""
"2026/02/11 8:21:06 pm GMT+8","13 tahun","","","","","","","","","","","","","","","","","","","","","","","","","","","","","","","","MUHAMMAD SHAHIR HAIKAL BIN ROSLAN","C-11-17","Lelaki","MALAM (8.00 MALAM - 10.00 MALAM)","AKTIVITI SANTAI","","","","","","","","","","","","","","","","","","","","","","","","",""
"2026/02/11 8:27:15 pm GMT+8","11 tahun","","","","","","","","","","","","","","","","","","","","","","MUHAMMAD AQIL AMRULLAH BIN MUHAMMAD AZEMI","C-11-01","Lelaki","MALAM (8.00 MALAM - 10.00 MALAM)","AKTIVITI SANTAI","","","","","","","","","","","","","","","","","","","","","","","","","","","","","","","","","","",""
"2026/02/11 8:29:20 pm GMT+8","16 tahun","","","","","","","","","","","","","","","","","","","","","","","","","","","","","","","","","","","","","","","","","","","","","","","ADAM ZAKRY BIN ZUL AMALI","B-13-10","Lelaki","MALAM (8.00 MALAM - 10.00 MALAM)","AKTIVITI SANTAI","","","","","","","","","",""
"2026/02/11 8:29:58 pm GMT+8","17 tahun","","","","","","","","","","","","","","","","","","","","","","","","","","","","","","","","","","","","","","","","","","","","","","","","","","","","LUTH MIKHAIL BIN AHMAD NOOR","C-09-20","Lelaki","MALAM (8.00 MALAM - 10.00 MALAM)","AKITIVITI SANTAI","","","","",""
"2026/02/11 9:10:04 pm GMT+8","15 tahun","","","","","","","","","","","","","","","","","","","","","","","","","","","","","","","","","","","","","","","","","","NOR DAMIA FATIN BINTI GHAFFAR","C-06-10","Perempuan","MALAM (8.00 MALAM - 10.00 MALAM)","AKTIVITI SANTAI","","","","","","","","","","","","","","",""
"2026/02/11 9:22:30 pm GMT+8","17 tahun","","","","","","","","","","","","","","","","","","","","","","","","","","","","","","","","","","","","","","","","","","","","","","","","","","","","NUR QASEH QAISARA BINTI ABD RAHIM","A-04-10","Perempuan","MALAM (8.00 MALAM - 10.00 MALAM)","AKITIVITI SANTAI","","","","",""
"2026/02/12 3:04:38 pm GMT+8","8 tahun","","","","","","","MUHAMAD AYAS BN MUHAMADUN","B-02-14","Lelaki","PETANG (3.00 PETANG - 6.30 PETANG)","PERMAINAN KOMPUTER","","","","","","","","","","","","","","","","","","","","","","","","","","","","","","","","","","","","","","","","","","","","","","","","","",""
"2026/02/12 3:06:37 pm GMT+8","11 tahun","","","","","","","","","","","","","","","","","","","","","","NUR AFIRA RAISYA BIN MUHAMAD FAIZAL","B-10-18","Perempuan","PETANG (3.00 PETANG - 6.30 PETANG)","AKTIVITI SANTAI","","","","","","","","","","","","","","","","","","","","","","","","","","","","","","","","","","",""
"2026/02/12 3:07:30 pm GMT+8","11 tahun","","","","","","","","","","","","","","","","","","","","","","SUHAILA HANIFA BINTI MUHAMMADUN","B-02-14","Perempuan","PETANG (3.00 PETANG - 6.30 PETANG)","AKTIVITI SANTAI","","","","","","","","","","","","","","","","","","","","","","","","","","","","","","","","","","",""
"2026/02/12 3:08:12 pm GMT+8","7 tahun ke bawah","NUR ZARA AULIA BINTI MUHAMADUN","5","B-02-14","Perempuan","PETANG (3.00 PETANG - 6.30 PETANG)","AKTIVITI SANTAI","","","","","","","","","","","","","","","","","","","","","","","","","","","","","","","","","","","","","","","","","","","","","","","","","","","","","","",""
"2026/02/12 3:55:25 pm GMT+8","15 tahun","","","","","","","","","","","","","","","","","","","","","","","","","","","","","","","","","","","","","","","","","","MUHAMAD ARFAN AQIM BIN ARMAN","B-08-10","Lelaki","PETANG (3.00 PETANG - 6.30 PETANG)","AKTIVITI SANTAI","","","","","","","","","","","","","","",""
"2026/02/12 4:13:29 pm GMT+8","12 tahun","","","","","","","","","","","","","","","","","","","","","","","","","","","ERRYSHA DHAWEYYA BINTI MOHD ROSDI","C-6-16","Perempuan","PETANG (3.00 PETANG - 6.30 PETANG)","AKTIVITI SANTAI","","","","","","","","","","","","","","","","","","","","","","","","","","","","","",""
"2026/02/12 4:15:16 pm GMT+8","10 tahun","","","","","","","","","","","","","","","","","Muhammad ramadhan","C-10-19","Lelaki","PETANG (3.00 PETANG - 6.30 PETANG)","AKTIVITI SANTAI","","","","","","","","","","","","","","","","","","","","","","","","","","","","","","","","","","","","","","","",""
"2026/02/12 4:33:16 pm GMT+8","16 tahun","","","","","","","","","","","","","","","","","","","","","","","","","","","","","","","","","","","","","","","","","","","","","","","ADAM ZAKRY BIN ZUL AMALI","B-13-10","Lelaki","PETANG (3.00 PETANG - 6.30 PETANG)","AKTIVITI SANTAI","","","","","","","","","",""
"2026/02/12 4:35:09 pm GMT+8","15 tahun","","","","","","","","","","","","","","","","","","","","","","","","","","","","","","","","","","","","","","","","","","MUHAMMAD HARRAZ SAUQI BIN KAMA","A-07-05","Lelaki","PETANG (3.00 PETANG - 6.30 PETANG)","AKTIVITI SANTAI","","","","","","","","","","","","","","",""
"2026/02/12 5:15:39 pm GMT+8","10 tahun","","","","","","","","","","","","","","","","","MUHAMMAD HAFIZAN BIN MUHAMAD FAIZAN","B-04-06","Lelaki","PETANG (3.00 PETANG - 6.30 PETANG)","PERMAINAN KOMPUTER","","","","","","","","","","","","","","","","","","","","","","","","","","","","","","","","","","","","","","","",""
"2026/02/12 5:20:27 pm GMT+8","12 tahun","","","","","","","","","","","","","","","","","","","","","","","","","","","MUHAMMAD RAYYAN ADAM","B-17-14","Lelaki","PETANG (3.00 PETANG - 6.30 PETANG)","AKTIVITI SANTAI","","","","","","","","","","","","","","","","","","","","","","","","","","","","","",""
"2026/02/12 6:24:29 pm GMT+8","15 tahun","","","","","","","","","","","","","","","","","","","","","","","","","","","","","","","","","","","","","","","","","","SITI NUR HASIRA BINTI MUHAMMADUN","B-02-14","Perempuan","PETANG (3.00 PETANG - 6.30 PETANG)","AKTIVITI SANTAI","","","","","","","","","","","","","","",""
"2026/02/12 6:25:21 pm GMT+8","17 tahun","","","","","","","","","","","","","","","","","","","","","","","","","","","","","","","","","","","","","","","","","","","","","","","","","","","","NUR QASEH QAISARA BINTI ABD RAHIM","A-04-10","Perempuan","PETANG (3.00 PETANG - 6.30 PETANG)","AKITIVITI SANTAI","","","","",""
"2026/02/12 8:00:28 pm GMT+8","13 tahun","","","","","","","","","","","","","","","","","","","","","","","","","","","","","","","","QASEH NUR SALINA","A-07-05","Perempuan","MALAM (8.00 MALAM - 10.00 MALAM)","AKTIVITI SANTAI","","","","","","","","","","","","","","","","","","","","","","","","",""
"2026/02/12 8:01:06 pm GMT+8","7 tahun ke bawah","QASEH NUR HIDAYAH BINTI KAMA","4 tahun ","A-07-05","Perempuan","MALAM (8.00 MALAM - 10.00 MALAM)","AKTIVITI SANTAI","","","","","","","","","","","","","","","","","","","","","","","","","","","","","","","","","","","","","","","","","","","","","","","","","","","","","","",""
"2026/02/12 8:02:25 pm GMT+8","13 tahun","","","","","","","","","","","","","","","","","","","","","","","","","","","","","","","","MUHAMMAD SAFUANAJMIN BIN JASMI","B-05-12","Lelaki","PETANG (3.00 PETANG - 6.30 PETANG)","AKTIVITI SANTAI","","","","","","","","","","","","","","","","","","","","","","","","",""
"2026/02/12 8:03:25 pm GMT+8","13 tahun","","","","","","","","","","","","","","","","","","","","","","","","","","","","","","","","MUHAMAD RAMADAN BN MUHAMADUN","B-02-14","Lelaki","MALAM (8.00 MALAM - 10.00 MALAM)","AKTIVITI SANTAI","","","","","","","","","","","","","","","","","","","","","","","","",""
"2026/02/12 8:03:47 pm GMT+8","8 tahun","","","","","","","MUHAMAD AYAS BN MUHAMADUN","B-02-14","Lelaki","MALAM (8.00 MALAM - 10.00 MALAM)","AKTIVITI SANTAI","","","","","","","","","","","","","","","","","","","","","","","","","","","","","","","","","","","","","","","","","","","","","","","","","",""
"2026/02/12 8:04:22 pm GMT+8","7 tahun ke bawah","NUR ZARA AULIA BINTI MUHAMADUN","4 tahun","B-02-14","Perempuan","MALAM (8.00 MALAM - 10.00 MALAM)","AKTIVITI SANTAI","","","","","","","","","","","","","","","","","","","","","","","","","","","","","","","","","","","","","","","","","","","","","","","","","","","","","","",""
"2026/02/12 8:05:41 pm GMT+8","7 tahun ke bawah","NUR ZADA FAQIHA BINTI MUHAMMADUN","2 tahun","B-2-14","Perempuan","MALAM (8.00 MALAM - 10.00 MALAM)","AKTIVITI SANTAI","","","","","","","","","","","","","","","","","","","","","","","","","","","","","","","","","","","","","","","","","","","","","","","","","","","","","","",""
"2026/02/12 8:06:01 pm GMT+8","11 tahun","","","","","","","","","","","","","","","","","","","","","","QASEH NUR ZAHRA BIN KAMA","A-07-05","Perempuan","PETANG (3.00 PETANG - 6.30 PETANG)","LATIHAN MATEMATIK","","","","","","","","","","","","","","","","","","","","","","","","","","","","","","","","","","",""
"2026/02/12 8:06:20 pm GMT+8","11 tahun","","","","","","","","","","","","","","","","","","","","","","QASEH NUR ZAHRA BIN KAMA","A-07-05","Perempuan","MALAM (8.00 MALAM - 10.00 MALAM)","AKTIVITI SANTAI","","","","","","","","","","","","","","","","","","","","","","","","","","","","","","","","","","",""
"2026/02/12 8:07:16 pm GMT+8","11 tahun","","","","","","","","","","","","","","","","","","","","","","Nur Aneesa Ilyana Binti Mazli","A-06-08","Perempuan","MALAM (8.00 MALAM - 10.00 MALAM)","AKTIVITI SANTAI","","","","","","","","","","","","","","","","","","","","","","","","","","","","","","","","","","",""
"2026/02/12 8:07:34 pm GMT+8","9 tahun","","","","","","","","","","","","NUR AAIRA ILYANA BINTI MAZLI","A-06-08","Perempuan","MALAM (8.00 MALAM - 10.00 MALAM)","AKTIVITI SANTAI","","","","","","","","","","","","","","","","","","","","","","","","","","","","","","","","","","","","","","","","","","","","",""
"2026/02/12 8:08:08 pm GMT+8","12 tahun","","","","","","","","","","","","","","","","","","","","","","","","","","","NUR SALSABILLA RAMADHANI BINTI ABD RAHIM","A-04-10","Perempuan","MALAM (8.00 MALAM - 10.00 MALAM)","AKTIVITI SANTAI","","","","","","","","","","","","","","","","","","","","","","","","","","","","","",""
"2026/02/12 8:08:43 pm GMT+8","12 tahun","","","","","","","","","","","","","","","","","","","","","","","","","","","NUR KHAIRUNNIL AZZALEA BINTI AZLAN SHAH","B-15-08","Perempuan","MALAM (8.00 MALAM - 10.00 MALAM)","AKTIVITI SANTAI","","","","","","","","","","","","","","","","","","","","","","","","","","","","","",""
"2026/02/12 8:14:31 pm GMT+8","13 tahun","","","","","","","","","","","","","","","","","","","","","","","","","","","","","","","","MUHAMMAD SHAHIR HAIKAL BIN ROSLAN","C-11-17","Lelaki","MALAM (8.00 MALAM - 10.00 MALAM)","AKTIVITI SANTAI","","","","","","","","","","","","","","","","","","","","","","","","",""
"2026/02/12 8:48:38 pm GMT+8","13 tahun","","","","","","","","","","","","","","","","","","","","","","","","","","","","","","","","MUHAMAD QHAIRIL BIN MOHD KHAIRUL ANUAR","B-13-19","Lelaki","PETANG (3.00 PETANG - 6.30 PETANG)","AKTIVITI SANTAI","","","","","","","","","","","","","","","","","","","","","","","","",""
"2026/02/12 9:10:51 pm GMT+8","9 tahun","","","","","","","","","","","","MUHAMMAD AFIQ HARRAZ BIN MOHD KHAIRULNIZAM","C-09-15","Lelaki","MALAM (8.00 MALAM - 10.00 MALAM)","PERMAINAN KOMPUTER","","","","","","","","","","","","","","","","","","","","","","","","","","","","","","","","","","","","","","","","","","","","",""
"2026/02/13 2:59:44 pm GMT+8","11 tahun","","","","","","","","","","","","","","","","","","","","","","QASEH NUR ZAHRA BIN KAMA","A-07-05","Perempuan","PETANG (3.00 PETANG - 6.30 PETANG)","AKTIVITI SANTAI","","","","","","","","","","","","","","","","","","","","","","","","","","","","","","","","","","",""
"2026/02/13 3:01:38 pm GMT+8","11 tahun","","","","","","","","","","","","","","","","","","","","","","Nur Aneesa Ilyana Binti","A-06-08","Perempuan","PETANG (3.00 PETANG - 6.30 PETANG)","AKTIVITI SANTAI","","","","","","","","","","","","","","","","","","","","","","","","","","","","","","","","","","",""
"2026/02/13 3:02:08 pm GMT+8","9 tahun","","","","","","","","","","","","NUR AAIRA ILYANA BINTI MAZLI","A-06-08","Perempuan","PETANG (3.00 PETANG - 6.30 PETANG)","AKTIVITI SANTAI","","","","","","","","","","","","","","","","","","","","","","","","","","","","","","","","","","","","","","","","","","","","",""
"2026/02/13 3:03:17 pm GMT+8","12 tahun","","","","","","","","","","","","","","","","","","","","","","","","","","","NUR KHAIRUNNIL AZZALEA BINTI AZLAN SHAH","B-15-08","Perempuan","PETANG (3.00 PETANG - 6.30 PETANG)","AKTIVITI SANTAI","","","","","","","","","","","","","","","","","","","","","","","","","","","","","",""
"2026/02/13 3:19:25 pm GMT+8","15 tahun","","","","","","","","","","","","","","","","","","","","","","","","","","","","","","","","","","","","","","","","","","NOR DAMIA FATIN BINTI GHAFFAR","C-06-10","Perempuan","PETANG (3.00 PETANG - 6.30 PETANG)","AKTIVITI SANTAI","","","","","","","","","","","","","","",""
"2026/02/13 3:37:03 pm GMT+8","15 tahun","","","","","","","","","","","","","","","","","","","","","","","","","","","","","","","","","","","","","","","","","","SITI NUR HASIRA BINTI MUHAMMADUN","B-02-14","Perempuan","PETANG (3.00 PETANG - 6.30 PETANG)","AKTIVITI SANTAI","","","","","","","","","","","","","","",""
"2026/02/13 3:59:28 pm GMT+8","15 tahun","","","","","","","","","","","","","","","","","","","","","","","","","","","","","","","","","","","","","","","","","","MUHAMMAD HARRAZ SAUQI BIN KAMA","A-07-05","Lelaki","PETANG (3.00 PETANG - 6.30 PETANG)","AKTIVITI SANTAI","","","","","","","","","","","","","","",""
"2026/02/13 3:59:58 pm GMT+8","17 tahun","","","","","","","","","","","","","","","","","","","","","","","","","","","","","","","","","","","","","","","","","","","","","","","","","","","","MOHAMAD AZRUL AZRAI BIN HISHAM","B-13-12","Lelaki","PETANG (3.00 PETANG - 6.30 PETANG)","AKITIVITI SANTAI","","","","",""
"2026/02/13 4:03:02 pm GMT+8","12 tahun","","","","","","","","","","","","","","","","","","","","","","","","","","","MUHAMMAD AZRUL AZIEB BIN HISHAM","B-13-12","Lelaki","PETANG (3.00 PETANG - 6.30 PETANG)","AKTIVITI SANTAI","","","","","","","","","","","","","","","","","","","","","","","","","","","","","",""
"2026/02/13 4:14:45 pm GMT+8","18 tahun ke atas","","","","","","","","","","","","","","","","","","","","","","","","","","","","","","","","","","","","","","","","","","","","","","","","","","","","","","","","","NURFATIN UMAIRAH BINTI ABD RAHIM","Perempuan","A-04-10","PETANG (3.00 PETANG - 6.30 PETANG","AKTIVITI SANTAI"
"2026/02/13 4:15:11 pm GMT+8","12 tahun","","","","","","","","","","","","","","","","","","","","","","","","","","","NUR SALSABILLA RAMADHANI BINTI ABD RAHIM","A-04-10","Perempuan","PETANG (3.00 PETANG - 6.30 PETANG)","AKTIVITI SANTAI","","","","","","","","","","","","","","","","","","","","","","","","","","","","","",""
"2026/02/13 4:16:19 pm GMT+8","18 tahun ke atas","","","","","","","","","","","","","","","","","","","","","","","","","","","","","","","","","","","","","","","","","","","","","","","","","","","","","","","","","MUHAMMAD IDHAM BIN ROSLAN","Lelaki","B-14-03","PETANG (3.00 PETANG - 6.30 PETANG","AKTIVITI SANTAI"
"2026/02/13 4:16:49 pm GMT+8","12 tahun","","","","","","","","","","","","","","","","","","","","","","","","","","","MUHAMMAD TAUFIQ AL AMIN BIN MOHD RIZAN","B-08-08","Lelaki","PETANG (3.00 PETANG - 6.30 PETANG)","AKTIVITI SANTAI","","","","","","","","","","","","","","","","","","","","","","","","","","","","","",""
"2026/02/13 4:19:21 pm GMT+8","16 tahun","","","","","","","","","","","","","","","","","","","","","","","","","","","","","","","","","","","","","","","","","","","","","","","Nur Nadhirah Nabilah Bt Nagdir","C-8-17","Perempuan","PETANG (3.00 PETANG - 6.30 PETANG)","HOMEWORK CLUB","","","","","","","","","",""
"2026/02/13 4:20:45 pm GMT+8","12 tahun","","","","","","","","","","","","","","","","","","","","","","","","","","","NURUL HAWA AMANI BINTI SULAIMAN","C-13-03","Perempuan","MALAM (8.00 MALAM - 10.00 MALAM)","KELAS TUISYEN","","","","","","","","","","","","","","","","","","","","","","","","","","","","","",""
"2026/02/13 5:19:14 pm GMT+8","12 tahun","","","","","","","","","","","","","","","","","","","","","","","","","","","MUHAMMAD RAYYAN ADAM","B-17-14","Lelaki","PETANG (3.00 PETANG - 6.30 PETANG)","AKTIVITI SANTAI","","","","","","","","","","","","","","","","","","","","","","","","","","","","","",""
"2026/02/13 5:19:30 pm GMT+8","8 tahun","","","","","","","MUHAMMAD QAYYUM AMSYAR","B-17-14","Lelaki","PETANG (3.00 PETANG - 6.30 PETANG)","AKTIVITI SANTAI","","","","","","","","","","","","","","","","","","","","","","","","","","","","","","","","","","","","","","","","","","","","","","","","","",""
"2026/02/13 5:29:32 pm GMT+8","11 tahun","","","","","","","","","","","","","","","","","","","","","","MUHAMMAD ADAM RIZKY BIN ABDUL HAFIZ","C-07-04","Lelaki","PETANG (3.00 PETANG - 6.30 PETANG)","PERMAINAN DALAMAN","","","","","","","","","","","","","","","","","","","","","","","","","","","","","","","","","","",""
"2026/02/13 5:57:36 pm GMT+8","14 tahun","","","","","","","","","","","","","","","","","","","","","","","","","","","","","","","","","","","","","MUHAMMAD ARIQ ARYAN BIN HAIDZIR SHAM","C-07-14","Lelaki","PETANG (3.00 PETANG - 6.30 PETANG)","LATIHAN MATEMATIK","","","","","","","","","","","","","","","","","","","",""
"2026/02/13 8:19:27 pm GMT+8","13 tahun","","","","","","","","","","","","","","","","","","","","","","","","","","","","","","","","MUHAMAD RAMADAN BN MUHAMADUN","B-02-14","Lelaki","MALAM (8.00 MALAM - 10.00 MALAM)","AKTIVITI SANTAI","","","","","","","","","","","","","","","","","","","","","","","","",""
"2026/02/13 8:25:51 pm GMT+8","13 tahun","","","","","","","","","","","","","","","","","","","","","","","","","","","","","","","","MUHAMMAD SHAHIR HAIKAL BIN ROSLAN","C-11-17","Lelaki","MALAM (8.00 MALAM - 10.00 MALAM)","AKTIVITI SANTAI","","","","","","","","","","","","","","","","","","","","","","","","",""
"2026/02/13 8:26:20 pm GMT+8","13 tahun","","","","","","","","","","","","","","","","","","","","","","","","","","","","","","","","MUHAMMAD SAFUANAJMIN BIN JASMI","B-05-12","Lelaki","PETANG (3.00 PETANG - 6.30 PETANG)","AKTIVITI SANTAI","","","","","","","","","","","","","","","","","","","","","","","","",""
"2026/02/13 8:36:47 pm GMT+8","13 tahun","","","","","","","","","","","","","","","","","","","","","","","","","","","","","","","","QASEH NUR SALINA","A-07-05","Perempuan","MALAM (8.00 MALAM - 10.00 MALAM)","AKTIVITI SANTAI","","","","","","","","","","","","","","","","","","","","","","","","",""
"2026/02/13 8:38:06 pm GMT+8","13 tahun","","","","","","","","","","","","","","","","","","","","","","","","","","","","","","","","MUHAMAD QHAIRIL BIN MOHD KHAIRUL ANUAR","B-13-19","Lelaki","PETANG (3.00 PETANG - 6.30 PETANG)","AKTIVITI SANTAI","","","","","","","","","","","","","","","","","","","","","","","","",""
"2026/02/13 8:56:22 pm GMT+8","18 tahun ke atas","","","","","","","","","","","","","","","","","","","","","","","","","","","","","","","","","","","","","","","","","","","","","","","","","","","","","","","","","NUR PUTRI RAMADHANI AKMA BIN MOHD NOOR AZLAN","Perempuan","C9-13","MALAM ( 8.00 MALAM - 10.00 MALAM)","AKTIVITI SANTAI"
"2026/02/13 8:57:33 pm GMT+8","15 tahun","","","","","","","","","","","","","","","","","","","","","","","","","","","","","","","","","","","","","","","","","","NOR DAMIA FATIN BINTI GHAFFAR","C-06-10","Perempuan","MALAM (8.00 MALAM - 10.00 MALAM)","AKTIVITI SANTAI","","","","","","","","","","","","","","",""
"2026/02/13 9:01:35 pm GMT+8","17 tahun","","","","","","","","","","","","","","","","","","","","","","","","","","","","","","","","","","","","","","","","","","","","","","","","","","","","NUR QASEH QAISARA BINTI ABD RAHIM","A-04-10","Perempuan","MALAM (8.00 MALAM - 10.00 MALAM)","KELAS TUISYEN","","","","",""
"2026/02/13 9:03:30 pm GMT+8","17 tahun","","","","","","","","","","","","","","","","","","","","","","","","","","","","","","","","","","","","","","","","","","","","","","","","","","","","MUHAMMAD NAQIB IRHAS BIN RAMLAN","A-01-06","Lelaki","MALAM (8.00 MALAM - 10.00 MALAM)","KELAS TUISYEN","","","","",""
"2026/02/13 9:04:51 pm GMT+8","17 tahun","","","","","","","","","","","","","","","","","","","","","","","","","","","","","","","","","","","","","","","","","","","","","","","","","","","","MOHAMAD AZRUL AZRAI BIN HISHAM","B-13-12","Lelaki","MALAM (8.00 MALAM - 10.00 MALAM)","KELAS TUISYEN","","","","",""
"2026/02/13 9:05:36 pm GMT+8","17 tahun","","","","","","","","","","","","","","","","","","","","","","","","","","","","","","","","","","","","","","","","","","","","","","","","","","","","SHAIRAH BINTI ROSLAN","C-11-17","Perempuan","MALAM (8.00 MALAM - 10.00 MALAM)","KELAS TUISYEN","","","","",""
"2026/02/13 9:06:36 pm GMT+8","17 tahun","","","","","","","","","","","","","","","","","","","","","","","","","","","","","","","","","","","","","","","","","","","","","","","","","","","","NUR NADHIRAH NABILAH BINTI NAGDIR","C-08-17","Perempuan","MALAM (8.00 MALAM - 10.00 MALAM)","KELAS TUISYEN","","","","",""
"2026/02/13 9:07:09 pm GMT+8","17 tahun","","","","","","","","","","","","","","","","","","","","","","","","","","","","","","","","","","","","","","","","","","","","","","","","","","","","LUTH MIKHAIL BIN AHMAD NOOR","C-09-20","Lelaki","MALAM (8.00 MALAM - 10.00 MALAM)","KELAS TUISYEN","","","","",""
"2026/02/13 9:07:54 pm GMT+8","17 tahun","","","","","","","","","","","","","","","","","","","","","","","","","","","","","","","","","","","","","","","","","","","","","","","","","","","","MUHAMMAD ALIFF FURQAN BIN LOKMAN","B-05-05","Lelaki","MALAM (8.00 MALAM - 10.00 MALAM)","KELAS TUISYEN","","","","",""
"2026/02/13 9:09:57 pm GMT+8","11 tahun","","","","","","","","","","","","","","","","","","","","","","SUHAILA HANIFA BINTI MUHAMMADUN","B-02-14","Perempuan","MALAM (8.00 MALAM - 10.00 MALAM)","AKTIVITI SANTAI","","","","","","","","","","","","","","","","","","","","","","","","","","","","","","","","","","",""
"2026/02/13 9:11:19 pm GMT+8","13 tahun","","","","","","","","","","","","","","","","","","","","","","","","","","","","","","","","SITI NUR SUMAYYAH BINTI FAIZAN","B-04-06","Perempuan","MALAM (8.00 MALAM - 10.00 MALAM)","HOMEWORK CLUB","","","","","","","","","","","","","","","","","","","","","","","","",""
"2026/02/13 9:12:02 pm GMT+8","7 tahun ke bawah","Siti nur hafizah","2 tahun","B-4-6","Perempuan","MALAM (8.00 MALAM - 10.00 MALAM)","PERMAINAN DALAMAN","","","","","","","","","","","","","","","","","","","","","","","","","","","","","","","","","","","","","","","","","","","","","","","","","","","","","","",""
"2026/02/13 9:40:11 pm GMT+8","13 tahun","","","","","","","","","","","","","","","","","","","","","","","","","","","","","","","","FARIZ ZIKRY BIN FAIZA","C-11-05","Lelaki","PETANG (3.00 PETANG - 6.30 PETANG)","AKTIVITI SANTAI","","","","","","","","","","","","","","","","","","","","","","","","",""
"2026/02/13 9:42:54 pm GMT+8","15 tahun","","","","","","","","","","","","","","","","","","","","","","","","","","","","","","","","","","","","","","","","","","SITI NUR HASIRA BINTI MUHAMMADUN","B-02-14","Perempuan","MALAM (8.00 MALAM - 10.00 MALAM)","KELAS TUISYEN","","","","","","","","","","","","","","",""
"2026/02/13 9:59:49 pm GMT+8","15 tahun","","","","","","","","","","","","","","","","","","","","","","","","","","","","","","","","","","","","","","","","","","MUHAMMAD HARRAZ SAUQI BIN KAMA","A-07-05","Lelaki","MALAM (8.00 MALAM - 10.00 MALAM)","KELAS TUISYEN","","","","","","","","","","","","","","",""
"2026/02/13 10:00:59 pm GMT+8","15 tahun","","","","","","","","","","","","","","","","","","","","","","","","","","","","","","","","","","","","","","","","","","SITI NUR HASIRA BINTI MUHAMMADUN","C-02-14","Perempuan","MALAM (8.00 MALAM - 10.00 MALAM)","KELAS TUISYEN","","","","","","","","","","","","","","",""
"2026/02/14 8:25:17 am GMT+8","11 tahun","","","","","","","","","","","","","","","","","","","","","","SUHAILA HANIFA BINTI MUHAMMADUN","B-02-14","Perempuan","PETANG (3.00 PETANG - 6.30 PETANG)","AKTIVITI SANTAI","","","","","","","","","","","","","","","","","","","","","","","","","","","","","","","","","","",""
"2026/02/14 8:26:38 am GMT+8","7 tahun ke bawah","NUR ZARA AULIA BINTI MUHAMADUN","5","B-02-14","Perempuan","8:00 pagi -11 tenga hari","AKTIVITI SANTAI","","","","","","","","","","","","","","","","","","","","","","","","","","","","","","","","","","","","","","","","","","","","","","","","","","","","","","",""
"2026/02/16 3:02:26 pm GMT+8","12 tahun","","","","","","","","","","","","","","","","","","","","","","","","","","","NUR KHAIRUNNIL AZZALEA BINTI AZLAN SHAH","B-15-08","Perempuan","PETANG (3.00 PETANG - 6.30 PETANG)","AKTIVITI SANTAI","","","","","","","","","","","","","","","","","","","","","","","","","","","","","",""
"2026/02/16 3:03:12 pm GMT+8","11 tahun","","","","","","","","","","","","","","","","","","","","","","Nur Aneesa Ilyana Binti Mazli","A-06-08","Perempuan","PETANG (3.00 PETANG - 6.30 PETANG)","AKTIVITI SANTAI","","","","","","","","","","","","","","","","","","","","","","","","","","","","","","","","","","",""
"2026/02/16 3:03:33 pm GMT+8","9 tahun","","","","","","","","","","","","NUR AAIRA ILYANA BINTI MAZLI","A-06-08","Perempuan","PETANG (3.00 PETANG - 6.30 PETANG)","AKTIVITI SANTAI","","","","","","","","","","","","","","","","","","","","","","","","","","","","","","","","","","","","","","","","","","","","",""
"2026/02/16 3:03:57 pm GMT+8","12 tahun","","","","","","","","","","","","","","","","","","","","","","","","","","","NUR SALSABILLA RAMADHANI BINTI ABD RAHIM","A-04-10","Perempuan","PETANG (3.00 PETANG - 6.30 PETANG)","AKTIVITI SANTAI","","","","","","","","","","","","","","","","","","","","","","","","","","","","","",""
"2026/02/16 3:04:21 pm GMT+8","11 tahun","","","","","","","","","","","","","","","","","","","","","","SUHAILA HANIFA BINTI MUHAMMADUN","B-02-14","Perempuan","PETANG (3.00 PETANG - 6.30 PETANG)","AKTIVITI SANTAI","","","","","","","","","","","","","","","","","","","","","","","","","","","","","","","","","","",""
"2026/02/16 3:05:19 pm GMT+8","11 tahun","","","","","","","","","","","","","","","","","","","","","","ALISHA HUMAIRAH","A-1-16","Perempuan","PETANG (3.00 PETANG - 6.30 PETANG)","AKTIVITI SANTAI","","","","","","","","","","","","","","","","","","","","","","","","","","","","","","","","","","",""
"2026/02/16 3:11:55 pm GMT+8","11 tahun","","","","","","","","","","","","","","","","","","","","","","QASEH NUR ZAHRA BIN KAMA","A-07-05","Perempuan","PETANG (3.00 PETANG - 6.30 PETANG)","AKTIVITI SANTAI","","","","","","","","","","","","","","","","","","","","","","","","","","","","","","","","","","",""
"2026/02/16 3:22:14 pm GMT+8","11 tahun","","","","","","","","","","","","","","","","","","","","","","MUHAMMAD ABIDIN BIN FITRI","A-14-14","Lelaki","PETANG (3.00 PETANG - 6.30 PETANG)","AKTIVITI SANTAI","","","","","","","","","","","","","","","","","","","","","","","","","","","","","","","","","","",""
"2026/02/16 3:46:22 pm GMT+8","13 tahun","","","","","","","","","","","","","","","","","","","","","","","","","","","","","","","","QASEH NUR SALINA","A-07-05","Perempuan","PETANG (3.00 PETANG - 6.30 PETANG)","AKTIVITI MODUL","","","","","","","","","","","","","","","","","","","","","","","","",""
"2026/02/16 3:47:04 pm GMT+8","7 tahun ke bawah","NUR ZARA AULIA BINTI MUHAMADUN","5","B-02-14","Perempuan","PETANG (3.00 PETANG - 6.30 PETANG)","AKTIVITI SANTAI","","","","","","","","","","","","","","","","","","","","","","","","","","","","","","","","","","","","","","","","","","","","","","","","","","","","","","",""
"2026/02/16 3:47:37 pm GMT+8","7 tahun ke bawah","Nur zada fakihah","3","B-02-14","Perempuan","PETANG (3.00 PETANG - 6.30 PETANG)","AKTIVITI SANTAI","","","","","","","","","","","","","","","","","","","","","","","","","","","","","","","","","","","","","","","","","","","","","","","","","","","","","","",""
"2026/02/16 4:12:30 pm GMT+8","17 tahun","","","","","","","","","","","","","","","","","","","","","","","","","","","","","","","","","","","","","","","","","","","","","","","","","","","","MOHAMAD AZRUL AZRAI BIN HISHAM","B-17-06","Lelaki","PETANG (3.00 PETANG - 6.30 PETANG)","AKITIVITI SANTAI","","","","",""
"2026/02/16 4:12:59 pm GMT+8","17 tahun","","","","","","","","","","","","","","","","","","","","","","","","","","","","","","","","","","","","","","","","","","","","","","","","","","","","LUTH MIKHAIL BIN AHMAD NOOR","C-09-20","Lelaki","PETANG (3.00 PETANG - 6.30 PETANG)","AKITIVITI SANTAI","","","","",""
"2026/02/16 4:15:00 pm GMT+8","15 tahun","","","","","","","","","","","","","","","","","","","","","","","","","","","","","","","","","","","","","","","","","","SITI NUR HASIRA BINTI MUHAMMADUN","B-02-14","Perempuan","PETANG (3.00 PETANG - 6.30 PETANG)","AKTIVITI SANTAI","","","","","","","","","","","","","","",""
"2026/02/16 5:23:14 pm GMT+8","12 tahun","","","","","","","","","","","","","","","","","","","","","","","","","","","MUHAMMAD RAYYAN ADAM","B-17-14","Lelaki","PETANG (3.00 PETANG - 6.30 PETANG)","AKTIVITI SANTAI","","","","","","","","","","","","","","","","","","","","","","","","","","","","","",""
"2026/02/16 5:31:08 pm GMT+8","13 tahun","","","","","","","","","","","","","","","","","","","","","","","","","","","","","","","","MOHAMAD AIDIL NAJWAN BIN MOHD EZUAN","C-16-09","Lelaki","PETANG (3.00 PETANG - 6.30 PETANG)","AKTIVITI SANTAI","","","","","","","","","","","","","","","","","","","","","","","","",""
"2026/02/16 5:31:45 pm GMT+8","13 tahun","","","","","","","","","","","","","","","","","","","","","","","","","","","","","","","","SYUKRAN HAMDANI BIN HUSAIN","C-08-04","Lelaki","PETANG (3.00 PETANG - 6.30 PETANG)","AKTIVITI SANTAI","","","","","","","","","","","","","","","","","","","","","","","","",""
"2026/02/16 5:35:11 pm GMT+8","13 tahun","","","","","","","","","","","","","","","","","","","","","","","","","","","","","","","","MUHAMMAD SHAHIR HAIKAL BIN ROSLAN","C-11-17","Lelaki","PETANG (3.00 PETANG - 6.30 PETANG)","AKTIVITI SANTAI","","","","","","","","","","","","","","","","","","","","","","","","",""
"2026/02/16 5:36:10 pm GMT+8","12 tahun","","","","","","","","","","","","","","","","","","","","","","","","","","","Muhammad Haziq Safwan","C-11-17","Lelaki","PETANG (3.00 PETANG - 6.30 PETANG)","AKTIVITI SANTAI","","","","","","","","","","","","","","","","","","","","","","","","","","","","","",""
"2026/02/16 8:06:05 pm GMT+8","12 tahun","","","","","","","","","","","","","","","","","","","","","","","","","","","NUR SALSABILLA RAMADHANI BINTI ABD RAHIM","A-04-10","Perempuan","MALAM (8.00 MALAM - 10.00 MALAM)","KELAS TUISYEN","","","","","","","","","","","","","","","","","","","","","","","","","","","","","",""
"2026/02/16 8:06:34 pm GMT+8","12 tahun","","","","","","","","","","","","","","","","","","","","","","","","","","","NUR MIZA ILYANA BINTI MAZLI","A-06-08","Perempuan","MALAM (8.00 MALAM - 10.00 MALAM)","KELAS TUISYEN","","","","","","","","","","","","","","","","","","","","","","","","","","","","","",""
"2026/02/16 8:07:41 pm GMT+8","11 tahun","","","","","","","","","","","","","","","","","","","","","","SUHAILA HANIFA BINTI MUHAMMADUN","B-02-14","Perempuan","MALAM (8.00 MALAM - 10.00 MALAM)","AKTIVITI SANTAI","","","","","","","","","","","","","","","","","","","","","","","","","","","","","","","","","","",""
"2026/02/16 8:11:30 pm GMT+8","12 tahun","","","","","","","","","","","","","","","","","","","","","","","","","","","NURUL HAWA AMANI BINTI SULAIMAN","C-13-03","Perempuan","MALAM (8.00 MALAM - 10.00 MALAM)","KELAS TUISYEN","","","","","","","","","","","","","","","","","","","","","","","","","","","","","",""
"2026/02/16 8:12:08 pm GMT+8","12 tahun","","","","","","","","","","","","","","","","","","","","","","","","","","","NUR SOFEA SOLEHAH","C-12-14","Perempuan","MALAM (8.00 MALAM - 10.00 MALAM)","AKTIVITI SANTAI","","","","","","","","","","","","","","","","","","","","","","","","","","","","","",""
"2026/02/16 8:12:56 pm GMT+8","12 tahun","","","","","","","","","","","","","","","","","","","","","","","","","","","NUR FATHIA ALEEYA BINTI MUHD FAZIHAN","B-14-10","Perempuan","MALAM (8.00 MALAM - 10.00 MALAM)","AKTIVITI SANTAI","","","","","","","","","","","","","","","","","","","","","","","","","","","","","",""
"2026/02/16 8:13:35 pm GMT+8","12 tahun","","","","","","","","","","","","","","","","","","","","","","","","","","","MUHAMMAD TAUFIQ AL AMIN BIN MOHD RIZAN","B-08-08","Lelaki","MALAM (8.00 MALAM - 10.00 MALAM)","KELAS TUISYEN","","","","","","","","","","","","","","","","","","","","","","","","","","","","","",""
"2026/02/16 8:14:26 pm GMT+8","12 tahun","","","","","","","","","","","","","","","","","","","","","","","","","","","MUHAMMAD AZRUL AZIEB BIN HISHAM","B-13-12","Lelaki","MALAM (8.00 MALAM - 10.00 MALAM)","KELAS TUISYEN","","","","","","","","","","","","","","","","","","","","","","","","","","","","","",""
"2026/02/16 8:15:36 pm GMT+8","12 tahun","","","","","","","","","","","","","","","","","","","","","","","","","","","MUHD FARISH HAIQAL BIN MOHD FAIRUZ","C-8-14","Lelaki","MALAM (8.00 MALAM - 10.00 MALAM)","PERMAINAN KOMPUTER","","","","","","","","","","","","","","","","","","","","","","","","","","","","","",""
"2026/02/16 8:37:04 pm GMT+8","13 tahun","","","","","","","","","","","","","","","","","","","","","","","","","","","","","","","","QASEH NUR SALINA","A-07-05","Perempuan","MALAM (8.00 MALAM - 10.00 MALAM)","HOMEWORK CLUB","","","","","","","","","","","","","","","","","","","","","","","","",""
"2026/02/16 8:37:31 pm GMT+8","13 tahun","","","","","","","","","","","","","","","","","","","","","","","","","","","","","","","","SITI NUR SUMAYYAH BINTI FAIZAN","B-04-06","Perempuan","MALAM (8.00 MALAM - 10.00 MALAM)","HOMEWORK CLUB","","","","","","","","","","","","","","","","","","","","","","","","",""
"2026/02/16 8:48:18 pm GMT+8","13 tahun","","","","","","","","","","","","","","","","","","","","","","","","","","","","","","","","MUHAMAD RAMADAN BN MUHAMADUN","B-02-14","Lelaki","PETANG (3.00 PETANG - 6.30 PETANG)","AKTIVITI SANTAI","","","","","","","","","","","","","","","","","","","","","","","","",""
"2026/02/16 8:48:57 pm GMT+8","13 tahun","","","","","","","","","","","","","","","","","","","","","","","","","","","","","","","","MUHAMAD RAMADAN BN MUHAMADUN","B-02-14","Lelaki","MALAM (8.00 MALAM - 10.00 MALAM)","AKTIVITI SANTAI","","","","","","","","","","","","","","","","","","","","","","","","",""
"2026/02/20 12:01:11 pm GMT+8","13 tahun","","","","","","","","","","","","","","","","","","","","","","","","","","","","","","","","MUHAMAD RAMADAN BN MUHAMADUN","B-02-14","Lelaki","PETANG (3.00 PETANG - 6.30 PETANG)","AKTIVITI SANTAI","","","","","","","","","","","","","","","","","","","","","","","","",""
"2026/02/20 12:28:43 pm GMT+8","13 tahun","","","","","","","","","","","","","","","","","","","","","","","","","","","","","","","","JOFLERRY JUDE JERRY","C-01-15","Lelaki","PETANG (3.00 PETANG - 6.30 PETANG)","AKTIVITI SANTAI","","","","","","","","","","","","","","","","","","","","","","","","",""
"2026/02/20 12:50:12 pm GMT+8","11 tahun","","","","","","","","","","","","","","","","","","","","","","SUHAILA HANIFA BINTI MUHAMMADUN","B-02-14","Perempuan","PETANG (3.00 PETANG - 6.30 PETANG)","AKTIVITI SANTAI","","","","","","","","","","","","","","","","","","","","","","","","","","","","","","","","","","",""
"2026/02/20 12:50:40 pm GMT+8","7 tahun ke bawah","NUR ZARA AULIA BINTI MUHAMADUN","5","B-02-14","Perempuan","PETANG (3.00 PETANG - 6.30 PETANG)","AKTIVITI SANTAI","","","","","","","","","","","","","","","","","","","","","","","","","","","","","","","","","","","","","","","","","","","","","","","","","","","","","","",""
"2026/02/20 2:01:00 pm GMT+8","13 tahun","","","","","","","","","","","","","","","","","","","","","","","","","","","","","","","","QASEH NUR SALINA","A-07-05","Perempuan","PETANG (3.00 PETANG - 6.30 PETANG)","AKTIVITI SANTAI","","","","","","","","","","","","","","","","","","","","","","","","",""
"2026/02/20 2:01:27 pm GMT+8","11 tahun","","","","","","","","","","","","","","","","","","","","","","QASEH NUR ZAHRA BIN KAMA","A-07-05","Perempuan","PETANG (3.00 PETANG - 6.30 PETANG)","AKTIVITI SANTAI","","","","","","","","","","","","","","","","","","","","","","","","","","","","","","","","","","",""
"2026/02/20 2:02:30 pm GMT+8","11 tahun","","","","","","","","","","","","","","","","","","","","","","Nur Aneesa Ilyana Binti Mazli","A-06-08","Perempuan","PETANG (3.00 PETANG - 6.30 PETANG)","AKTIVITI SANTAI","","","","","","","","","","","","","","","","","","","","","","","","","","","","","","","","","","",""
"2026/02/20 2:02:47 pm GMT+8","9 tahun","","","","","","","","","","","","NUR AAIRA ILYANA BINTI MAZLI","A-06-08","Perempuan","PETANG (3.00 PETANG - 6.30 PETANG)","AKTIVITI SANTAI","","","","","","","","","","","","","","","","","","","","","","","","","","","","","","","","","","","","","","","","","","","","",""
"2026/02/20 2:03:04 pm GMT+8","12 tahun","","","","","","","","","","","","","","","","","","","","","","","","","","","NUR SALSABILLA RAMADHANI BINTI ABD RAHIM","A-04-10","Perempuan","PETANG (3.00 PETANG - 6.30 PETANG)","AKTIVITI SANTAI","","","","","","","","","","","","","","","","","","","","","","","","","","","","","",""
"2026/02/20 2:03:54 pm GMT+8","13 tahun","","","","","","","","","","","","","","","","","","","","","","","","","","","","","","","","MOHAMMAD ZHARR RAYYAN BIN HALIM","C-14-07","Lelaki","PETANG (3.00 PETANG - 6.30 PETANG)","AKTIVITI SANTAI","","","","","","","","","","","","","","","","","","","","","","","","",""
"2026/02/20 2:05:31 pm GMT+8","13 tahun","","","","","","","","","","","","","","","","","","","","","","","","","","","","","","","","MUHAMMAD AIMAN","A-11-6","Lelaki","PETANG (3.00 PETANG - 6.30 PETANG)","AKTIVITI SANTAI","","","","","","","","","","","","","","","","","","","","","","","","",""
"2026/02/20 2:58:15 pm GMT+8","8 tahun","","","","","","","MUHAMAD AYAS BN MUHAMADUN","B-02-14","Lelaki","PETANG (3.00 PETANG - 6.30 PETANG)","PERMAINAN KOMPUTER","","","","","","","","","","","","","","","","","","","","","","","","","","","","","","","","","","","","","","","","","","","","","","","","","",""
"2026/02/20 4:11:05 pm GMT+8","13 tahun","","","","","","","","","","","","","","","","","","","","","","","","","","","","","","","","MUHAMMAD SHAHIR HAIKAL BIN ROSLAN","C-11-17","Lelaki","PETANG (3.00 PETANG - 6.30 PETANG)","AKTIVITI SANTAI","","","","","","","","","","","","","","","","","","","","","","","","",""
"2026/02/20 4:12:35 pm GMT+8","12 tahun","","","","","","","","","","","","","","","","","","","","","","","","","","","Muhammad Haziq Safwan ","C-11-17","Lelaki","PETANG (3.00 PETANG - 6.30 PETANG)","AKTIVITI SANTAI","","","","","","","","","","","","","","","","","","","","","","","","","","","","","",""
"2026/02/20 4:14:55 pm GMT+8","13 tahun","","","","","","","","","","","","","","","","","","","","","","","","","","","","","","","","SITI NUR SUMAYYAH BINTI FAIZAN","B-04-06","Perempuan","PETANG (3.00 PETANG - 6.30 PETANG)","AKTIVITI SANTAI","","","","","","","","","","","","","","","","","","","","","","","","",""
"2026/02/20 4:45:02 pm GMT+8","10 tahun","","","","","","","","","","","","","","","","","MUHAMMAD HAFIZAN BIN MUHAMAD FAIZAN","B-04-06","Lelaki","PETANG (3.00 PETANG - 6.30 PETANG)","PERMAINAN KOMPUTER","","","","","","","","","","","","","","","","","","","","","","","","","","","","","","","","","","","","","","","",""
"2026/02/23 10:15:20 am GMT+8","13 tahun","","","","","","","","","","","","","","","","","","","","","","","","","","","","","","","","QASEH NUR SALINA","A-07-05","Perempuan","PETANG (3.00 PETANG - 6.30 PETANG)","AKTIVITI SANTAI","","","","","","","","","","","","","","","","","","","","","","","","",""
"2026/02/23 10:16:04 am GMT+8","7 tahun ke bawah","QASEH NUR HIDAYAH BINTI KAMA","4 tahun","A-07-05","Perempuan","PETANG (3.00 PETANG - 6.30 PETANG)","AKTIVITI SANTAI","","","","","","","","","","","","","","","","","","","","","","","","","","","","","","","","","","","","","","","","","","","","","","","","","","","","","","",""
"2026/02/23 11:25:51 am GMT+8","13 tahun","","","","","","","","","","","","","","","","","","","","","","","","","","","","","","","","MUHAMAD RAMADAN BN MUHAMADUN","B-02-14","Lelaki","PETANG (3.00 PETANG - 6.30 PETANG)","AKTIVITI SANTAI","","","","","","","","","","","","","","","","","","","","","","","","",""
"2026/02/23 11:26:49 am GMT+8","13 tahun","","","","","","","","","","","","","","","","","","","","","","","","","","","","","","","","MOHAMMAD ZHARR RAYYAN BIN HALIM","C-14-07","Lelaki","PETANG (3.00 PETANG - 6.30 PETANG)","AKTIVITI SANTAI","","","","","","","","","","","","","","","","","","","","","","","","",""
"2026/02/23 12:24:11 pm GMT+8","15 tahun","","","","","","","","","","","","","","","","","","","","","","","","","","","","","","","","","","","","","","","","","","ARIF DANIEL BIN FAIZUL AZLI","B-13-06","Lelaki","PETANG (3.00 PETANG - 6.30 PETANG)","AKTIVITI SANTAI","","","","","","","","","","","","","","",""
"2026/02/23 2:42:11 pm GMT+8","11 tahun","","","","","","","","","","","","","","","","","","","","","","SUHAILA HANIFA BINTI MUHAMMADUN","B-02-14","Perempuan","PETANG (3.00 PETANG - 6.30 PETANG)","AKTIVITI SANTAI","","","","","","","","","","","","","","","","","","","","","","","","","","","","","","","","","","",""
"2026/02/23 2:42:32 pm GMT+8","11 tahun","","","","","","","","","","","","","","","","","","","","","","QASEH NUR ZAHRA BIN KAMA","A-07-05","Perempuan","PETANG (3.00 PETANG - 6.30 PETANG)","AKTIVITI SANTAI","","","","","","","","","","","","","","","","","","","","","","","","","","","","","","","","","","",""
"2026/02/23 2:43:48 pm GMT+8","11 tahun","","","","","","","","","","","","","","","","","","","","","","Aneesa","A-6-08","Perempuan","PETANG (3.00 PETANG - 6.30 PETANG)","AKTIVITI SANTAI","","","","","","","","","","","","","","","","","","","","","","","","","","","","","","","","","","",""
"2026/02/23 2:48:01 pm GMT+8","11 tahun","","","","","","","","","","","","","","","","","","","","","","QASEH NUR ZAHRA BIN KAMA","A-07-05","Perempuan","PETANG (3.00 PETANG - 6.30 PETANG)","AKTIVITI SANTAI","","","","","","","","","","","","","","","","","","","","","","","","","","","","","","","","","","",""
"2026/02/23 3:39:35 pm GMT+8","12 tahun","","","","","","","","","","","","","","","","","","","","","","","","","","","NUR KHAIRUNNIL AZZALEA BINTI AZLAN SHAH","B-15-08","Perempuan","PETANG (3.00 PETANG - 6.30 PETANG)","AKTIVITI SANTAI","","","","","","","","","","","","","","","","","","","","","","","","","","","","","",""
"2026/02/23 3:42:00 pm GMT+8","11 tahun","","","","","","","","","","","","","","","","","","","","","","ALISHA HUMAIRAH","A-1-16","Perempuan","PETANG (3.00 PETANG - 6.30 PETANG)","AKTIVITI SANTAI","","","","","","","","","","","","","","","","","","","","","","","","","","","","","","","","","","",""
"2026/02/24 10:11:34 am GMT+8","13 tahun","","","","","","","","","","","","","","","","","","","","","","","","","","","","","","","","MUHAMAD RAMADAN BN MUHAMADUN","B-02-14","Lelaki","PETANG (3.00 PETANG - 6.30 PETANG)","AKTIVITI SANTAI","","","","","","","","","","","","","","","","","","","","","","","","",""
"2026/02/24 3:07:13 pm GMT+8","11 tahun","","","","","","","","","","","","","","","","","","","","","","QASEH NUR ZAHRA BIN KAMA","A-07-05","Perempuan","PETANG (3.00 PETANG - 6.30 PETANG)","AKTIVITI SANTAI","","","","","","","","","","","","","","","","","","","","","","","","","","","","","","","","","","",""
"2026/02/24 3:07:35 pm GMT+8","12 tahun","","","","","","","","","","","","","","","","","","","","","","","","","","","NUR SALSABILLA RAMADHANI BINTI ABD RAHIM","A-04-10","Perempuan","PETANG (3.00 PETANG - 6.30 PETANG)","AKTIVITI SANTAI","","","","","","","","","","","","","","","","","","","","","","","","","","","","","",""
"2026/02/24 3:08:27 pm GMT+8","11 tahun","","","","","","","","","","","","","","","","","","","","","","Nur Aneesa Ilyana Binti Mazli","A-06-08","Perempuan","PETANG (3.00 PETANG - 6.30 PETANG)","AKTIVITI SANTAI","","","","","","","","","","","","","","","","","","","","","","","","","","","","","","","","","","",""
"2026/02/24 4:11:50 pm GMT+8","15 tahun","","","","","","","","","","","","","","","","","","","","","","","","","","","","","","","","","","","","","","","","","","SITI NUR HASIRA BINTI MUHAMMADUN","B-02-14","Perempuan","PETANG (3.00 PETANG - 6.30 PETANG)","AKTIVITI SANTAI","","","","","","","","","","","","","","",""
"2026/02/25 10:01:51 am GMT+8","13 tahun","","","","","","","","","","","","","","","","","","","","","","","","","","","","","","","","QASEH NUR SALINA","A-07-05","Perempuan","PETANG (3.00 PETANG - 6.30 PETANG)","AKTIVITI SANTAI","","","","","","","","","","","","","","","","","","","","","","","","",""
"2026/02/25 10:02:16 am GMT+8","7 tahun ke bawah","QASEH NUR HIDAYAH BINTI KAMA","4 tahun","A-07-05","Perempuan","PETANG (3.00 PETANG - 6.30 PETANG)","AKTIVITI SANTAI","","","","","","","","","","","","","","","","","","","","","","","","","","","","","","","","","","","","","","","","","","","","","","","","","","","","","","",""
"2026/02/25 12:26:40 pm GMT+8","11 tahun","","","","","","","","","","","","","","","","","","","","","","QASEH NUR ZAHRA BIN KAMA","A-07-05","Perempuan","PETANG (3.00 PETANG - 6.30 PETANG)","AKTIVITI SANTAI","","","","","","","","","","","","","","","","","","","","","","","","","","","","","","","","","","",""
"2026/02/25 2:02:08 pm GMT+8","13 tahun","","","","","","","","","","","","","","","","","","","","","","","","","","","","","","","","MUHAMMAD SHAHIR HAIKAL BIN ROSLAN","C-11-17","Lelaki","PETANG (3.00 PETANG - 6.30 PETANG)","AKTIVITI SANTAI","","","","","","","","","","","","","","","","","","","","","","","","",""
"2026/02/25 2:02:50 pm GMT+8","10 tahun","","","","","","","","","","","","","","","","","ZUL HAKIF BIN MOHD EZUAN","C-16-09","Lelaki","PETANG (3.00 PETANG - 6.30 PETANG)","PERMAINAN DALAMAN","","","","","","","","","","","","","","","","","","","","","","","","","","","","","","","","","","","","","","","",""
"2026/02/25 2:13:20 pm GMT+8","11 tahun","","","","","","","","","","","","","","","","","","","","","","SUHAILA HANIFA BINTI MUHAMMADUN","B-02-14","Perempuan","PETANG (3.00 PETANG - 6.30 PETANG)","AKTIVITI SANTAI","","","","","","","","","","","","","","","","","","","","","","","","","","","","","","","","","","",""
"2026/02/25 2:13:47 pm GMT+8","17 tahun","","","","","","","","","","","","","","","","","","","","","","","","","","","","","","","","","","","","","","","","","","","","","","","","","","","","NUR QASEH QAISARA BINTI ABD RAHIM","A-04-10","Perempuan","PETANG (3.00 PETANG - 6.30 PETANG)","AKITIVITI SANTAI","","","","",""
"2026/02/25 2:14:26 pm GMT+8","18 tahun ke atas","","","","","","","","","","","","","","","","","","","","","","","","","","","","","","","","","","","","","","","","","","","","","","","","","","","","","","","","","NURUL SUFI AIDURA BINTI MOHAMAD KHAIR","Perempuan","B-04-16","PETANG (3.00 PETANG - 6.30 PETANG","AKTIVITI SANTAI"
"2026/02/25 3:48:51 pm GMT+8","17 tahun","","","","","","","","","","","","","","","","","","","","","","","","","","","","","","","","","","","","","","","","","","","","","","","","","","","","LUTH MIKHAIL BIN AHMAD NOOR","C-09-20","Lelaki","PETANG (3.00 PETANG - 6.30 PETANG)","AKITIVITI SANTAI","","","","",""
"2026/02/25 4:19:46 pm GMT+8","15 tahun","","","","","","","","","","","","","","","","","","","","","","","","","","","","","","","","","","","","","","","","","","SITI NUR HASIRA BINTI MUHAMMADUN","B-02-14","Perempuan","PETANG (3.00 PETANG - 6.30 PETANG)","AKTIVITI SANTAI","","","","","","","","","","","","","","",""
"2026/02/26 2:12:27 pm GMT+8","12 tahun","","","","","","","","","","","","","","","","","","","","","","","","","","","NUR KHAIRUNNIL AZZALEA BINTI AZLAN SHAH","B-15-08","Perempuan","PETANG (3.00 PETANG - 6.30 PETANG)","AKTIVITI SANTAI","","","","","","","","","","","","","","","","","","","","","","","","","","","","","",""
"2026/02/26 2:13:29 pm GMT+8","11 tahun","","","","","","","","","","","","","","","","","","","","","","MUHAMMAD KHASYI QAISER BIN AZLAN SHAH","B-15-08","Lelaki","PETANG (3.00 PETANG - 6.30 PETANG)","AKTIVITI SANTAI","","","","","","","","","","","","","","","","","","","","","","","","","","","","","","","","","","",""
"2026/02/26 2:49:37 pm GMT+8","12 tahun","","","","","","","","","","","","","","","","","","","","","","","","","","","NUR SALSABILLA RAMADHANI BINTI ABD RAHIM","A-04-10","Perempuan","PETANG (3.00 PETANG - 6.30 PETANG)","AKTIVITI SANTAI","","","","","","","","","","","","","","","","","","","","","","","","","","","","","",""
"2026/02/26 2:50:29 pm GMT+8","11 tahun","","","","","","","","","","","","","","","","","","","","","","Nur Aneesa Ilyana Binti Mazli","A-06-08","Perempuan","PETANG (3.00 PETANG - 6.30 PETANG)","AKTIVITI SANTAI","","","","","","","","","","","","","","","","","","","","","","","","","","","","","","","","","","",""
"2026/02/26 3:12:21 pm GMT+8","11 tahun","","","","","","","","","","","","","","","","","","","","","","SUHAILA HANIFA BINTI MUHAMMADUN","B-02-14","Perempuan","PETANG (3.00 PETANG - 6.30 PETANG)","AKTIVITI SANTAI","","","","","","","","","","","","","","","","","","","","","","","","","","","","","","","","","","",""
"2026/02/26 3:51:41 pm GMT+8","15 tahun","","","","","","","","","","","","","","","","","","","","","","","","","","","","","","","","","","","","","","","","","","SITI NUR HASIRA BINTI MUHAMMADUN","B-02-14","Perempuan","PETANG (3.00 PETANG - 6.30 PETANG)","KELAS TUISYEN","","","","","","","","","","","","","","",""
"2026/02/26 3:52:28 pm GMT+8","17 tahun","","","","","","","","","","","","","","","","","","","","","","","","","","","","","","","","","","","","","","","","","","","","","","","","","","","","NUR QASEH QAISARA BINTI ABD RAHIM","A-04-10","Perempuan","PETANG (3.00 PETANG - 6.30 PETANG)","KELAS TUISYEN","","","","",""
"2026/02/26 4:02:27 pm GMT+8","17 tahun","","","","","","","","","","","","","","","","","","","","","","","","","","","","","","","","","","","","","","","","","","","","","","","","","","","","NUR NADHIRAH NABILAH BINTI NAGDIR","C-08-17","Perempuan","PETANG (3.00 PETANG - 6.30 PETANG)","HOMEWORK CLUB","","","","",""
"2026/02/26 4:03:45 pm GMT+8","17 tahun","","","","","","","","","","","","","","","","","","","","","","","","","","","","","","","","","","","","","","","","","","","","","","","","","","","","MOHAMAD AZRUL AZRAI BIN HISHAM","B-13-12","Lelaki","PETANG (3.00 PETANG - 6.30 PETANG)","KELAS TUISYEN","","","","",""
"2026/02/26 4:04:26 pm GMT+8","17 tahun","","","","","","","","","","","","","","","","","","","","","","","","","","","","","","","","","","","","","","","","","","","","","","","","","","","","MUHAMMAD ALIFF FURQAN BIN LOKMAN","B-05-05","Lelaki","PETANG (3.00 PETANG - 6.30 PETANG)","KELAS TUISYEN","","","","",""
"2026/02/26 4:26:26 pm GMT+8","7 tahun ke bawah","Nur zada fakihah","3 tahun","B-02-14","Perempuan","PETANG (3.00 PETANG - 6.30 PETANG)","AKTIVITI SANTAI","","","","","","","","","","","","","","","","","","","","","","","","","","","","","","","","","","","","","","","","","","","","","","","","","","","","","","",""
"2026/02/26 5:20:23 pm GMT+8","15 tahun","","","","","","","","","","","","","","","","","","","","","","","","","","","","","","","","","","","","","","","","","","MUHAMMAD HARRAZ SAUQI BIN KAMA","A-07-05","Lelaki","PETANG (3.00 PETANG - 6.30 PETANG)","KELAS TUISYEN","","","","","","","","","","","","","","",""
"2026/02/26 5:21:05 pm GMT+8","17 tahun","","","","","","","","","","","","","","","","","","","","","","","","","","","","","","","","","","","","","","","","","","","","","","","","","","","","LUTH MIKHAIL BIN AHMAD NOOR","C-09-20","Lelaki","PETANG (3.00 PETANG - 6.30 PETANG)","KELAS TUISYEN","","","","",""
"2026/02/26 5:21:29 pm GMT+8","16 tahun","","","","","","","","","","","","","","","","","","","","","","","","","","","","","","","","","","","","","","","","","","","","","","","MOHAMAD AZRUL AZIEM BIN HISHAM","B-13-12","Lelaki","PETANG (3.00 PETANG - 6.30 PETANG)","KELAS TUISYEN","","","","","","","","","",""
"2026/02/26 5:21:49 pm GMT+8","16 tahun","","","","","","","","","","","","","","","","","","","","","","","","","","","","","","","","","","","","","","","","","","","","","","","ADAM ZAKRY BIN ZUL AMALI","B-13-10","Lelaki","PETANG (3.00 PETANG - 6.30 PETANG)","KELAS TUISYEN","","","","","","","","","",""
"2026/02/26 5:22:23 pm GMT+8","17 tahun","","","","","","","","","","","","","","","","","","","","","","","","","","","","","","","","","","","","","","","","","","","","","","","","","","","","SHAIRAH BINTI ROSLAN","C-11-17","Perempuan","PETANG (3.00 PETANG - 6.30 PETANG)","KELAS TUISYEN","","","","",""
"2026/02/27 2:17:37 pm GMT+8","11 tahun","","","","","","","","","","","","","","","","","","","","","","QASEH NUR ZAHRA BIN KAMA","A-07-05","Perempuan","PETANG (3.00 PETANG - 6.30 PETANG)","AKTIVITI SANTAI","","","","","","","","","","","","","","","","","","","","","","","","","","","","","","","","","","",""
"2026/02/27 2:21:32 pm GMT+8","17 tahun","","","","","","","","","","","","","","","","","","","","","","","","","","","","","","","","","","","","","","","","","","","","","","","","","","","","LUTH MIKHAIL BIN AHMAD NOOR","C-09-20","Lelaki","PETANG (3.00 PETANG - 6.30 PETANG)","AKITIVITI SANTAI","","","","",""
"2026/02/27 2:25:17 pm GMT+8","16 tahun","","","","","","","","","","","","","","","","","","","","","","","","","","","","","","","","","","","","","","","","","","","","","","","ADAM ZAKRY BIN ZUL AMALI","B-13-10","Lelaki","PETANG (3.00 PETANG - 6.30 PETANG)","AKTIVITI SANTAI","","","","","","","","","",""
"2026/02/27 2:26:06 pm GMT+8","17 tahun","","","","","","","","","","","","","","","","","","","","","","","","","","","","","","","","","","","","","","","","","","","","","","","","","","","","MUHAMMAD ZAWIR ZUHAILY BIN ZULHILMI","A-16-14","Lelaki","PETANG (3.00 PETANG - 6.30 PETANG)","AKITIVITI SANTAI","","","","",""
"2026/02/27 4:01:05 pm GMT+8","11 tahun","","","","","","","","","","","","","","","","","","","","","","ALISHA HUMAIRAH","A-1-16","Perempuan","PETANG (3.00 PETANG - 6.30 PETANG)","AKTIVITI SANTAI","","","","","","","","","","","","","","","","","","","","","","","","","","","","","","","","","","",""
"2026/02/28 8:40:28 am GMT+8","12 tahun","","","","","","","","","","","","","","","","","","","","","","","","","","","NUR SALSABILLA RAMADHANI BINTI ABD RAHIM","A-04-10","Perempuan","PETANG (3.00 PETANG - 6.30 PETANG)","KELAS TUISYEN","","","","","","","","","","","","","","","","","","","","","","","","","","","","","",""
"2026/02/28 8:40:59 am GMT+8","12 tahun","","","","","","","","","","","","","","","","","","","","","","","","","","","NUR MIZA ILYANA BINTI MAZLI","A-06-08","Perempuan","PETANG (3.00 PETANG - 6.30 PETANG)","KELAS TUISYEN","","","","","","","","","","","","","","","","","","","","","","","","","","","","","",""
"2026/02/28 10:11:40 am GMT+8","12 tahun","","","","","","","","","","","","","","","","","","","","","","","","","","","NURUL HAWA AMANI BINTI SULAIMAN","C-13-03","Perempuan","MALAM (8.00 MALAM - 10.00 MALAM)","KELAS TUISYEN","","","","","","","","","","","","","","","","","","","","","","","","","","","","","",""
"2026/02/28 10:12:05 am GMT+8","12 tahun","","","","","","","","","","","","","","","","","","","","","","","","","","","NURATHIRA SYAHIRAH BINTI MOHAMAD","C-13-14","Perempuan","MALAM (8.00 MALAM - 10.00 MALAM)","KELAS TUISYEN","","","","","","","","","","","","","","","","","","","","","","","","","","","","","",""
"2026/03/02 2:33:21 pm GMT+8","11 tahun","","","","","","","","","","","","","","","","","","","","","","MUHAMMAD NABIL IMBRAN BIN SHYHIRAN","A-07-05","Perempuan","PETANG (3.00 PETANG - 6.30 PETANG)","AKTIVITI SANTAI","","","","","","","","","","","","","","","","","","","","","","","","","","","","","","","","","","",""
"2026/03/02 2:34:46 pm GMT+8","12 tahun","","","","","","","","","","","","","","","","","","","","","","","","","","","NUR KHAIRUNNIL AZZALEA BINTI AZLAN SHAH","B-15-08","Perempuan","PETANG (3.00 PETANG - 6.30 PETANG)","AKTIVITI SANTAI","","","","","","","","","","","","","","","","","","","","","","","","","","","","","",""
"2026/03/02 3:35:01 pm GMT+8","13 tahun","","","","","","","","","","","","","","","","","","","","","","","","","","","","","","","","MUHAMMAD SHAHAZIQ AIMAN","A-11-6","Lelaki","PETANG (3.00 PETANG - 6.30 PETANG)","PERMAINAN DALAMAN","","","","","","","","","","","","","","","","","","","","","","","","",""
"2026/03/02 3:35:49 pm GMT+8","13 tahun","","","","","","","","","","","","","","","","","","","","","","","","","","","","","","","","MOHAMMAD ZHARR RAYYAN BIN HALIM","C-14-07","Lelaki","PETANG (3.00 PETANG - 6.30 PETANG)","PERMAINAN DALAMAN","","","","","","","","","","","","","","","","","","","","","","","","",""
"2026/03/02 3:36:14 pm GMT+8","12 tahun","","","","","","","","","","","","","","","","","","","","","","","","","","","NUR SALSABILLA RAMADHANI BINTI ABD RAHIM","A-04-10","Perempuan","PETANG (3.00 PETANG - 6.30 PETANG)","PERMAINAN DALAMAN","","","","","","","","","","","","","","","","","","","","","","","","","","","","","",""
"2026/03/02 3:45:27 pm GMT+8","13 tahun","","","","","","","","","","","","","","","","","","","","","","","","","","","","","","","","QASEH NUR SALINA","A-07-05","Perempuan","PETANG (3.00 PETANG - 6.30 PETANG)","AKTIVITI SANTAI","","","","","","","","","","","","","","","","","","","","","","","","",""
"2026/03/02 3:52:05 pm GMT+8","7 tahun ke bawah","QASEH NUR HIDAYAH BINTI KAMA","4 thyn","A-07-05","Perempuan","PETANG (3.00 PETANG - 6.30 PETANG)","AKTIVITI SANTAI","","","","","","","","","","","","","","","","","","","","","","","","","","","","","","","","","","","","","","","","","","","","","","","","","","","","","","",""
"2026/03/02 4:05:00 pm GMT+8","15 tahun","","","","","","","","","","","","","","","","","","","","","","","","","","","","","","","","","","","","","","","","","","SITI NUR HASIRA BINTI MUHAMMADUN","B-02-14","Perempuan","PETANG (3.00 PETANG - 6.30 PETANG)","AKTIVITI SANTAI","","","","","","","","","","","","","","",""
"2026/03/03 2:13:44 pm GMT+8","11 tahun","","","","","","","","","","","","","","","","","","","","","","QASEH NUR ZAHRA BIN KAMA","A-07-05","Perempuan","PETANG (3.00 PETANG - 6.30 PETANG)","AKTIVITI SANTAI","","","","","","","","","","","","","","","","","","","","","","","","","","","","","","","","","","",""
"2026/03/03 2:14:47 pm GMT+8","12 tahun","","","","","","","","","","","","","","","","","","","","","","","","","","","NUR SALSABILLA RAMADHANI BINTI ABD RAHIM","A-04-10","Perempuan","PETANG (3.00 PETANG - 6.30 PETANG)","PERMAINAN DALAMAN","","","","","","","","","","","","","","","","","","","","","","","","","","","","","",""
"2026/03/03 2:15:39 pm GMT+8","13 tahun","","","","","","","","","","","","","","","","","","","","","","","","","","","","","","","","MUHAMMAD SHAHAZIQ AIMAN","A-11-6","Lelaki","PETANG (3.00 PETANG - 6.30 PETANG)","PERMAINAN DALAMAN","","","","","","","","","","","","","","","","","","","","","","","","",""
"2026/03/03 2:16:49 pm GMT+8","13 tahun","","","","","","","","","","","","","","","","","","","","","","","","","","","","","","","","MOHAMMAD ZHARR RAYYAN BIN HALIM","C-14-07","Lelaki","PETANG (3.00 PETANG - 6.30 PETANG)","PERMAINAN DALAMAN","","","","","","","","","","","","","","","","","","","","","","","","",""
"2026/03/03 4:05:41 pm GMT+8","17 tahun","","","","","","","","","","","","","","","","","","","","","","","","","","","","","","","","","","","","","","","","","","","","","","","","","","","","MUHAMMAD ALIFF FURQAN BIN LOKMAN","A-04-10","Perempuan","PETANG (3.00 PETANG - 6.30 PETANG)","HOMEWORK CLUB","","","","",""
"2026/03/03 4:06:33 pm GMT+8","17 tahun","","","","","","","","","","","","","","","","","","","","","","","","","","","","","","","","","","","","","","","","","","","","","","","","","","","","LUTH MIKHAIL BIN AHMAD NOOR","C-09-20","Lelaki","PETANG (3.00 PETANG - 6.30 PETANG)","HOMEWORK CLUB","","","","",""
"2026/03/03 4:22:38 pm GMT+8","17 tahun","","","","","","","","","","","","","","","","","","","","","","","","","","","","","","","","","","","","","","","","","","","","","","","","","","","","MOHAMAD AZRUL AZRAI BIN HISHAM","B-13-12","Lelaki","PETANG (3.00 PETANG - 6.30 PETANG)","HOMEWORK CLUB","","","","",""
"2026/03/04 2:04:20 pm GMT+8","12 tahun","","","","","","","","","","","","","","","","","","","","","","","","","","","NUR SALSABILLA RAMADHANI BINTI ABD RAHIM","A-04-10","Perempuan","PETANG (3.00 PETANG - 6.30 PETANG)","PERMAINAN DALAMAN","","","","","","","","","","","","","","","","","","","","","","","","","","","","","",""
"2026/03/04 2:04:47 pm GMT+8","11 tahun","","","","","","","","","","","","","","","","","","","","","","QASEH NUR ZAHRA BIN KAMA","A-07-05","Perempuan","PETANG (3.00 PETANG - 6.30 PETANG)","PERMAINAN DALAMAN","","","","","","","","","","","","","","","","","","","","","","","","","","","","","","","","","","",""
"2026/03/04 2:06:07 pm GMT+8","13 tahun","","","","","","","","","","","","","","","","","","","","","","","","","","","","","","","","MUHAMMAD SHAHAZIQ AIMAN","A-11-6","Lelaki","PETANG (3.00 PETANG - 6.30 PETANG)","PERMAINAN DALAMAN","","","","","","","","","","","","","","","","","","","","","","","","",""
"2026/03/04 2:06:52 pm GMT+8","13 tahun","","","","","","","","","","","","","","","","","","","","","","","","","","","","","","","","MOHAMMAD ZHARR RAYYAN BIN HALIM","C-14-07","Lelaki","PETANG (3.00 PETANG - 6.30 PETANG)","PERMAINAN DALAMAN","","","","","","","","","","","","","","","","","","","","","","","","",""
"2026/03/04 2:07:29 pm GMT+8","12 tahun","","","","","","","","","","","","","","","","","","","","","","","","","","","NUR SALSABILLA RAMADHANI BINTI ABD RAHIM","A-04-10","Perempuan","PETANG (3.00 PETANG - 6.30 PETANG)","PERMAINAN DALAMAN","","","","","","","","","","","","","","","","","","","","","","","","","","","","","",""
"2026/03/04 3:34:21 pm GMT+8","15 tahun","","","","","","","","","","","","","","","","","","","","","","","","","","","","","","","","","","","","","","","","","","MUHAMAD ARFAN AQIM BIN ARMAN","B-08-10","Lelaki","PETANG (3.00 PETANG - 6.30 PETANG)","AKTIVITI SANTAI","","","","","","","","","","","","","","",""
"2026/03/04 3:37:46 pm GMT+8","18 tahun ke atas","","","","","","","","","","","","","","","","","","","","","","","","","","","","","","","","","","","","","","","","","","","","","","","","","","","","","","","","","MUHAMAD FITRI ASHARI BIN MUHAMAD FAIZAN","Lelaki","B-4-06","PETANG (3.00 PETANG - 6.30 PETANG","AKTIVITI SANTAI"
"2026/03/04 4:25:31 pm GMT+8","11 tahun","","","","","","","","","","","","","","","","","","","","","","ALISHA HUMAIRAH","A-1-16","Perempuan","PETANG (3.00 PETANG - 6.30 PETANG)","AKTIVITI SANTAI","","","","","","","","","","","","","","","","","","","","","","","","","","","","","","","","","","",""
"2026/03/04 4:26:24 pm GMT+8","17 tahun","","","","","","","","","","","","","","","","","","","","","","","","","","","","","","","","","","","","","","","","","","","","","","","","","","","","LUTH MIKHAIL BIN AHMAD NOOR","C-09-20","Lelaki","PETANG (3.00 PETANG - 6.30 PETANG)","AKITIVITI SANTAI","","","","",""
"2026/03/05 2:23:57 pm GMT+8","13 tahun","","","","","","","","","","","","","","","","","","","","","","","","","","","","","","","","MUHAMAD QHAIRIL BIN MOHD KHAIRUL ANUAR","B-13-19","Lelaki","PETANG (3.00 PETANG - 6.30 PETANG)","AKTIVITI SANTAI","","","","","","","","","","","","","","","","","","","","","","","","",""
"2026/03/05 3:04:34 pm GMT+8","12 tahun","","","","","","","","","","","","","","","","","","","","","","","","","","","NUR KHAIRUNNIL AZZALEA BINTI AZLAN SHAH","B-15-08","Perempuan","PETANG (3.00 PETANG - 6.30 PETANG)","AKTIVITI SANTAI","","","","","","","","","","","","","","","","","","","","","","","","","","","","","",""
"2026/03/05 4:13:46 pm GMT+8","17 tahun","","","","","","","","","","","","","","","","","","","","","","","","","","","","","","","","","","","","","","","","","","","","","","","","","","","","MUHAMMAD NAQIB IRHAS BIN RAMLAN","A-01-06","Lelaki","PETANG (3.00 PETANG - 6.30 PETANG)","KELAS TUISYEN","","","","",""
"2026/03/05 4:14:27 pm GMT+8","17 tahun","","","","","","","","","","","","","","","","","","","","","","","","","","","","","","","","","","","","","","","","","","","","","","","","","","","","LUTH MIKHAIL BIN AHMAD NOOR","C-09-20","Lelaki","PETANG (3.00 PETANG - 6.30 PETANG)","AKITIVITI SANTAI","","","","",""
"2026/03/05 4:19:20 pm GMT+8","16 tahun","","","","","","","","","","","","","","","","","","","","","","","","","","","","","","","","","","","","","","","","","","","","","","","MOHAMAD AZRUL AZIEM BIN HISHAM","B-13-12","Lelaki","PETANG (3.00 PETANG - 6.30 PETANG)","KELAS TUISYEN","","","","","","","","","",""
"2026/03/05 4:20:14 pm GMT+8","17 tahun","","","","","","","","","","","","","","","","","","","","","","","","","","","","","","","","","","","","","","","","","","","","","","","","","","","","MOHAMAD AZRUL AZRAI BIN HISHAM","B-13-12","Lelaki","PETANG (3.00 PETANG - 6.30 PETANG)","KELAS TUISYEN","","","","",""
"2026/03/05 4:20:40 pm GMT+8","17 tahun","","","","","","","","","","","","","","","","","","","","","","","","","","","","","","","","","","","","","","","","","","","","","","","","","","","","MUHAMMAD ALIFF FURQAN BIN LOKMAN","B-05-05","Lelaki","PETANG (3.00 PETANG - 6.30 PETANG)","KELAS TUISYEN","","","","",""
"2026/03/05 4:21:23 pm GMT+8","16 tahun","","","","","","","","","","","","","","","","","","","","","","","","","","","","","","","","","","","","","","","","","","","","","","","ADAM ZAKRY BIN ZUL AMALI","B-13-10","Lelaki","PETANG (3.00 PETANG - 6.30 PETANG)","KELAS TUISYEN","","","","","","","","","",""
"2026/03/05 4:22:20 pm GMT+8","15 tahun","","","","","","","","","","","","","","","","","","","","","","","","","","","","","","","","","","","","","","","","","","SITI NUR HASIRA BINTI MUHAMMADUN","B-02-14","Perempuan","PETANG (3.00 PETANG - 6.30 PETANG)","KELAS TUISYEN","","","","","","","","","","","","","","",""
"2026/03/05 4:44:12 pm GMT+8","17 tahun","","","","","","","","","","","","","","","","","","","","","","","","","","","","","","","","","","","","","","","","","","","","","","","","","","","","SHAIRAH BINTI ROSLAN","C-11-17","Perempuan","PETANG (3.00 PETANG - 6.30 PETANG)","KELAS TUISYEN","","","","",""
"2026/03/06 10:04:49 am GMT+8","13 tahun","","","","","","","","","","","","","","","","","","","","","","","","","","","","","","","","MUHAMAD RAMADAN BN MUHAMADUN","B-02-14","Lelaki","PETANG (3.00 PETANG - 6.30 PETANG)","AKTIVITI SANTAI","","","","","","","","","","","","","","","","","","","","","","","","",""
"2026/03/06 2:00:55 pm GMT+8","11 tahun","","","","","","","","","","","","","","","","","","","","","","QASEH NUR ZAHRA BIN KAMA","A-07-05","Perempuan","PETANG (3.00 PETANG - 6.30 PETANG)","AKTIVITI SANTAI","","","","","","","","","","","","","","","","","","","","","","","","","","","","","","","","","","",""
"2026/03/06 2:01:38 pm GMT+8","11 tahun","","","","","","","","","","","","","","","","","","","","","","SUHAILA HANIFA BINTI MUHAMMADUN","B-02-14","Perempuan","PETANG (3.00 PETANG - 6.30 PETANG)","AKTIVITI SANTAI","","","","","","","","","","","","","","","","","","","","","","","","","","","","","","","","","","",""
"2026/03/06 2:38:03 pm GMT+8","10 tahun","","","","","","","","","","","","","","","","","ERRYSYAM","C-6-16","Lelaki","PETANG (3.00 PETANG - 6.30 PETANG)","PERMAINAN DALAMAN","","","","","","","","","","","","","","","","","","","","","","","","","","","","","","","","","","","","","","","",""
"2026/03/07 8:31:29 am GMT+8","12 tahun","","","","","","","","","","","","","","","","","","","","","","","","","","","NUR MIZA ILYANA BINTI MAZLI","A-06-08","Perempuan","PETANG (3.00 PETANG - 6.30 PETANG)","KELAS TUISYEN","","","","","","","","","","","","","","","","","","","","","","","","","","","","","",""
"2026/03/07 8:32:10 am GMT+8","12 tahun","","","","","","","","","","","","","","","","","","","","","","","","","","","NUR FATHIA ALEEYA BINTI MUHD FAZIHAN","B-14-10","Perempuan","PETANG (3.00 PETANG - 6.30 PETANG)","KELAS TUISYEN","","","","","","","","","","","","","","","","","","","","","","","","","","","","","",""
"2026/03/07 8:34:03 am GMT+8","12 tahun","","","","","","","","","","","","","","","","","","","","","","","","","","","MUHAMMAD AZRUL AZIEB BIN HISHAM","B-13-12","Lelaki","MALAM (8.00 MALAM - 10.00 MALAM)","KELAS TUISYEN","","","","","","","","","","","","","","","","","","","","","","","","","","","","","",""
"2026/03/07 8:35:27 am GMT+8","12 tahun","","","","","","","","","","","","","","","","","","","","","","","","","","","MUHD FARISH HAIQAL BIN MOHD FAIRUZ","C-8-14","Lelaki","PETANG (3.00 PETANG - 6.30 PETANG)","PERMAINAN KOMPUTER","","","","","","","","","","","","","","","","","","","","","","","","","","","","","",""
"2026/03/07 8:36:26 am GMT+8","12 tahun","","","","","","","","","","","","","","","","","","","","","","","","","","","SARAH KHAIRINA DHAMIRAH BT ARMAN","B-08-10","Perempuan","MALAM (8.00 MALAM - 10.00 MALAM)","KELAS TUISYEN","","","","","","","","","","","","","","","","","","","","","","","","","","","","","",""
"2026/03/07 8:37:07 am GMT+8","12 tahun","","","","","","","","","","","","","","","","","","","","","","","","","","","NURATHIRA SYAHIRAH BINTI MOHAMAD","C-13-14","Perempuan","PETANG (3.00 PETANG - 6.30 PETANG)","KELAS TUISYEN","","","","","","","","","","","","","","","","","","","","","","","","","","","","","",""
"2026/03/07 8:37:44 am GMT+8","12 tahun","","","","","","","","","","","","","","","","","","","","","","","","","","","NURUL HAWA AMANI BINTI SULAIMAN","C-13-03","Perempuan","PETANG (3.00 PETANG - 6.30 PETANG)","KELAS TUISYEN","","","","","","","","","","","","","","","","","","","","","","","","","","","","","",""
"2026/03/07 8:38:14 am GMT+8","12 tahun","","","","","","","","","","","","","","","","","","","","","","","","","","","NUR SOFEA SOLEHAH","C-12-14","Perempuan","MALAM (8.00 MALAM - 10.00 MALAM)","KELAS TUISYEN","","","","","","","","","","","","","","","","","","","","","","","","","","","","","",""
"2026/03/07 9:02:02 am GMT+8","12 tahun","","","","","","","","","","","","","","","","","","","","","","","","","","","NUR SALSABILLA RAMADHANI BINTI ABD RAHIM","A-04-10","Perempuan","PETANG (3.00 PETANG - 6.30 PETANG)","KELAS TUISYEN","","","","","","","","","","","","","","","","","","","","","","","","","","","","","",""
"2026/03/09 2:58:58 pm GMT+8","12 tahun","","","","","","","","","","","","","","","","","","","","","","","","","","","NUR KHAIRUNNIL AZZALEA BINTI AZLAN SHAH","B-15-08","Perempuan","PETANG (3.00 PETANG - 6.30 PETANG)","AKTIVITI SANTAI","","","","","","","","","","","","","","","","","","","","","","","","","","","","","",""
"2026/03/09 2:59:31 pm GMT+8","11 tahun","","","","","","","","","","","","","","","","","","","","","","QASEH NUR ZAHRA BIN KAMA","A-07-05","Perempuan","PETANG (3.00 PETANG - 6.30 PETANG)","AKTIVITI SANTAI","","","","","","","","","","","","","","","","","","","","","","","","","","","","","","","","","","",""
"2026/03/09 3:21:07 pm GMT+8","17 tahun","","","","","","","","","","","","","","","","","","","","","","","","","","","","","","","","","","","","","","","","","","","","","","","","","","","","NUR QASEH QAISARA BINTI ABD RAHIM","A-04-10","Perempuan","PETANG (3.00 PETANG - 6.30 PETANG)","HOMEWORK CLUB","","","","",""
"2026/03/09 3:36:09 pm GMT+8","11 tahun","","","","","","","","","","","","","","","","","","","","","","Nur Aneesa Ilyana Binti Mazli","A-06-08","Perempuan","PETANG (3.00 PETANG - 6.30 PETANG)","AKTIVITI SANTAI","","","","","","","","","","","","","","","","","","","","","","","","","","","","","","","","","","",""
"2026/03/09 3:36:26 pm GMT+8","9 tahun","","","","","","","","","","","","NUR AAIRA ILYANA BINTI MAZLI","A-06-08","Perempuan","PETANG (3.00 PETANG - 6.30 PETANG)","AKTIVITI SANTAI","","","","","","","","","","","","","","","","","","","","","","","","","","","","","","","","","","","","","","","","","","","","",""
"2026/03/09 3:44:18 pm GMT+8","15 tahun","","","","","","","","","","","","","","","","","","","","","","","","","","","","","","","","","","","","","","","","","","MUHAMMAD HARRAZ SAUQI BIN KAMA","A-07-05","Lelaki","PETANG (3.00 PETANG - 6.30 PETANG)","AKTIVITI SANTAI","","","","","","","","","","","","","","",""
"2026/03/09 3:44:37 pm GMT+8","16 tahun","","","","","","","","","","","","","","","","","","","","","","","","","","","","","","","","","","","","","","","","","","","","","","","ADAM ZAKRY BIN ZUL AMALI","B-13-10","Lelaki","PETANG (3.00 PETANG - 6.30 PETANG)","AKTIVITI SANTAI","","","","","","","","","",""
"2026/03/09 3:46:27 pm GMT+8","17 tahun","","","","","","","","","","","","","","","","","","","","","","","","","","","","","","","","","","","","","","","","","","","","","","","","","","","","MUHAMMAD NAQIB IRHAS BIN RAMLAN","A-01-06","Lelaki","PETANG (3.00 PETANG - 6.30 PETANG)","AKITIVITI SANTAI","","","","",""
"2026/03/09 3:46:51 pm GMT+8","17 tahun","","","","","","","","","","","","","","","","","","","","","","","","","","","","","","","","","","","","","","","","","","","","","","","","","","","","MOHAMAD AZRUL AZRAI BIN HISHAM","B-13-12","Lelaki","PETANG (3.00 PETANG - 6.30 PETANG)","HOMEWORK CLUB","","","","",""
"2026/03/09 4:27:26 pm GMT+8","17 tahun","","","","","","","","","","","","","","","","","","","","","","","","","","","","","","","","","","","","","","","","","","","","","","","","","","","","LUTH MIKHAIL BIN AHMAD NOOR","C-09-20","Lelaki","PETANG (3.00 PETANG - 6.30 PETANG)","AKITIVITI SANTAI","","","","",""
"2026/03/09 6:06:23 pm GMT+8","11 tahun","","","","","","","","","","","","","","","","","","","","","","NUR AMIRA SOFEA BINTI ZULKIFLY","A-07-20","Perempuan","MALAM (8.00 MALAM - 10.00 MALAM)","MENONTON TELEVISYEN","","","","","","","","","","","","","","","","","","","","","","","","","","","","","","","","","","",""
"2026/03/09 6:10:01 pm GMT+8","11 tahun","","","","","","","","","","","","","","","","","","","","","","AUNI AFFIRA BINTI MUHAMMAD AFZAN","C-4-11","Perempuan","MALAM (8.00 MALAM - 10.00 MALAM)","MENONTON TELEVISYEN","","","","","","","","","","","","","","","","","","","","","","","","","","","","","","","","","","",""
"2026/03/09 6:12:55 pm GMT+8","12 tahun","","","","","","","","","","","","","","","","","","","","","","","","","","","NURUL HAWA AMANI BINTI SULAIMAN","C-13-03","Perempuan","MALAM (8.00 MALAM - 10.00 MALAM)","KELAS TUISYEN","","","","","","","","","","","","","","","","","","","","","","","","","","","","","",""
"2026/03/09 6:13:35 pm GMT+8","12 tahun","","","","","","","","","","","","","","","","","","","","","","","","","","","NURATHIRA SYAHIRAH BINTI MOHAMAD","C-13-14","Perempuan","MALAM (8.00 MALAM - 10.00 MALAM)","KELAS TUISYEN","","","","","","","","","","","","","","","","","","","","","","","","","","","","","",""
"2026/03/09 6:34:25 pm GMT+8","10 tahun","","","","","","","","","","","","","","","","","MUHAMMAD DANIEL BIN MOHD RIZAN","B-08-08","Lelaki","MALAM (8.00 MALAM - 10.00 MALAM)","AKTIVITI SANTAI","","","","","","","","","","","","","","","","","","","","","","","","","","","","","","","","","","","","","","","",""
"2026/03/09 6:35:54 pm GMT+8","12 tahun","","","","","","","","","","","","","","","","","","","","","","","","","",""," MUHD FARISH HAIQAL BIN MOHD FAIRUZ","C-8-14","Lelaki","MALAM (8.00 MALAM - 10.00 MALAM)","AKTIVITI SANTAI","","","","","","","","","","","","","","","","","","","","","","","","","","","","","",""
"2026/03/09 6:45:57 pm GMT+8","12 tahun","","","","","","","","","","","","","","","","","","","","","","","","","","","Rasyidi","C-4-9","Lelaki","PETANG (3.00 PETANG - 6.30 PETANG)","AKTIVITI SANTAI","","","","","","","","","","","","","","","","","","","","","","","","","","","","","",""
"2026/03/09 6:51:44 pm GMT+8","17 tahun","","","","","","","","","","","","","","","","","","","","","","","","","","","","","","","","","","","","","","","","","","","","","","","","","","","","SHAIRAH BINTI ROSLAN","C-11-17","Perempuan","MALAM (8.00 MALAM - 10.00 MALAM)","AKITIVITI SANTAI","","","","",""
"2026/03/09 6:53:12 pm GMT+8","13 tahun","","","","","","","","","","","","","","","","","","","","","","","","","","","","","","","","QASEH NUR SALINA","A-07-05","Perempuan","MALAM (8.00 MALAM - 10.00 MALAM)","AKTIVITI SANTAI","","","","","","","","","","","","","","","","","","","","","","","","",""
"2026/03/09 6:53:51 pm GMT+8","15 tahun","","","","","","","","","","","","","","","","","","","","","","","","","","","","","","","","","","","","","","","","","","SITI NUR HASIRA BINTI MUHAMMADUN","C-02-14","Perempuan","MALAM (8.00 MALAM - 10.00 MALAM)","AKTIVITI SANTAI","","","","","","","","","","","","","","",""
"2026/03/09 6:55:23 pm GMT+8","13 tahun","","","","","","","","","","","","","","","","","","","","","","","","","","","","","","","","MUHAMMAD SHAHIR HAIKAL BIN ROSLAN","C-11-17","Lelaki","MALAM (8.00 MALAM - 10.00 MALAM)","AKTIVITI SANTAI","","","","","","","","","","","","","","","","","","","","","","","","",""
"2026/03/09 6:55:44 pm GMT+8","13 tahun","","","","","","","","","","","","","","","","","","","","","","","","","","","","","","","","MUHAMAD RAMADAN BN MUHAMADUN","B-02-14","Lelaki","MALAM (8.00 MALAM - 10.00 MALAM)","AKTIVITI SANTAI","","","","","","","","","","","","","","","","","","","","","","","","",""
"2026/03/09 6:56:46 pm GMT+8","13 tahun","","","","","","","","","","","","","","","","","","","","","","","","","","","","","","","","MUHAMAD QHAIRIL BIN MOHD KHAIRUL ANUAR","B-13-19","Lelaki","MALAM (8.00 MALAM - 10.00 MALAM)","AKTIVITI SANTAI","","","","","","","","","","","","","","","","","","","","","","","","",""
"2026/03/09 6:57:23 pm GMT+8","17 tahun","","","","","","","","","","","","","","","","","","","","","","","","","","","","","","","","","","","","","","","","","","","","","","","","","","","","NUR QASEH QAISARA BINTI ABD RAHIM","A-04-10","Perempuan","MALAM (8.00 MALAM - 10.00 MALAM)","AKITIVITI SANTAI","","","","",""
"2026/03/10 10:55:26 am GMT+8","11 tahun","","","","","","","","","","","","","","","","","","","","","","MUHAMMAD AQIL AMRULLAH BIN MUHAMMAD AZEMI","C-11-01","Lelaki","PETANG (3.00 PETANG - 6.30 PETANG)","AKTIVITI SANTAI","","","","","","","","","","","","","","","","","","","","","","","","","","","","","","","","","","",""
"2026/03/10 10:58:12 am GMT+8","7 tahun ke bawah","MIKAILA QAILISA","3 tahun","B-3-6","Perempuan","PETANG (3.00 PETANG - 6.30 PETANG)","AKTIVITI SANTAI","","","","","","","","","","","","","","","","","","","","","","","","","","","","","","","","","","","","","","","","","","","","","","","","","","","","","","",""
"2026/03/10 10:59:56 am GMT+8","9 tahun","","","","","","","","","","","","NUR AISYAH AHZAHRA BINTI AZMI","C-11-1","Perempuan","PETANG (3.00 PETANG - 6.30 PETANG)","AKTIVITI SANTAI","","","","","","","","","","","","","","","","","","","","","","","","","","","","","","","","","","","","","","","","","","","","",""
"2026/03/10 11:01:14 am GMT+8","8 tahun","","","","","","","Nur humairah tunnisa","B-3-6","Perempuan","PETANG (3.00 PETANG - 6.30 PETANG)","AKTIVITI SANTAI","","","","","","","","","","","","","","","","","","","","","","","","","","","","","","","","","","","","","","","","","","","","","","","","","",""
"2026/03/10 11:59:54 am GMT+8","7 tahun ke bawah","Afia","5 tahun","B-3-6","Perempuan","PETANG (3.00 PETANG - 6.30 PETANG)","AKTIVITI SANTAI","","","","","","","","","","","","","","","","","","","","","","","","","","","","","","","","","","","","","","","","","","","","","","","","","","","","","","",""
"2026/03/10 12:01:50 pm GMT+8","7 tahun ke bawah","Nur amara auliya ","5 tahun ","C-11-1","Perempuan","PETANG (3.00 PETANG - 6.30 PETANG)","AKTIVITI SANTAI","","","","","","","","","","","","","","","","","","","","","","","","","","","","","","","","","","","","","","","","","","","","","","","","","","","","","","",""
"2026/03/10 12:03:19 pm GMT+8","7 tahun ke bawah","Nur amara auliya ","5 tahun","C-11-1","Perempuan","PETANG (3.00 PETANG - 6.30 PETANG)","AKTIVITI SANTAI","","","","","","","","","","","","","","","","","","","","","","","","","","","","","","","","","","","","","","","","","","","","","","","","","","","","","","",""
"2026/03/10 2:05:34 pm GMT+8","11 tahun","","","","","","","","","","","","","","","","","","","","","","SUHAILA HANIFA BINTI MUHAMMADUN","B-02-14","Perempuan","PETANG (3.00 PETANG - 6.30 PETANG)","AKTIVITI SANTAI","","","","","","","","","","","","","","","","","","","","","","","","","","","","","","","","","","",""
"2026/03/10 2:37:33 pm GMT+8","11 tahun","","","","","","","","","","","","","","","","","","","","","","QASEH NUR ZAHRA BIN KAMA","A-07-05","Perempuan","PETANG (3.00 PETANG - 6.30 PETANG)","AKTIVITI SANTAI","","","","","","","","","","","","","","","","","","","","","","","","","","","","","","","","","","",""
"2026/03/10 2:38:11 pm GMT+8","11 tahun","","","","","","","","","","","","","","","","","","","","","","Nur Aneesa Ilyana Binti Mazli","A-06-08","Perempuan","PETANG (3.00 PETANG - 6.30 PETANG)","AKTIVITI SANTAI","","","","","","","","","","","","","","","","","","","","","","","","","","","","","","","","","","",""
"2026/03/10 4:24:46 pm GMT+8","15 tahun","","","","","","","","","","","","","","","","","","","","","","","","","","","","","","","","","","","","","","","","","","SITI NUR HASIRA BINTI MUHAMMADUN","B-02-14","Perempuan","PETANG (3.00 PETANG - 6.30 PETANG)","AKTIVITI SANTAI","","","","","","","","","","","","","","",""
"2026/03/11 2:06:20 pm GMT+8","11 tahun","","","","","","","","","","","","","","","","","","","","","","SUHAILA HANIFA BINTI MUHAMMADUN","B-02-14","Perempuan","PETANG (3.00 PETANG - 6.30 PETANG)","AKTIVITI SANTAI","","","","","","","","","","","","","","","","","","","","","","","","","","","","","","","","","","",""
"2026/03/11 2:06:42 pm GMT+8","13 tahun","","","","","","","","","","","","","","","","","","","","","","","","","","","","","","","","QASEH NUR SALINA","A-07-05","Perempuan","PETANG (3.00 PETANG - 6.30 PETANG)","AKTIVITI SANTAI","","","","","","","","","","","","","","","","","","","","","","","","",""
"2026/03/11 2:07:04 pm GMT+8","11 tahun","","","","","","","","","","","","","","","","","","","","","","QASEH NUR ZAHRA BIN KAMA","A-07-05","Perempuan","PETANG (3.00 PETANG - 6.30 PETANG)","AKTIVITI SANTAI","","","","","","","","","","","","","","","","","","","","","","","","","","","","","","","","","","",""
"2026/03/11 3:08:31 pm GMT+8","11 tahun","","","","","","","","","","","","","","","","","","","","","","Nur Aneesa Ilyana Binti Mazli","A-06-08","Perempuan","PETANG (3.00 PETANG - 6.30 PETANG)","AKTIVITI SANTAI","","","","","","","","","","","","","","","","","","","","","","","","","","","","","","","","","","",""
"2026/03/11 3:20:13 pm GMT+8","8 tahun","","","","","","","MUHAMAD AYAS BN MUHAMADUN","B-02-14","Lelaki","PETANG (3.00 PETANG - 6.30 PETANG)","PERMAINAN KOMPUTER","","","","","","","","","","","","","","","","","","","","","","","","","","","","","","","","","","","","","","","","","","","","","","","","","",""
"2026/03/11 3:26:53 pm GMT+8","12 tahun","","","","","","","","","","","","","","","","","","","","","","","","","","","NUR KHAIRUNNIL AZZALEA BINTI AZLAN SHAH","B-15-08","Perempuan","PETANG (3.00 PETANG - 6.30 PETANG)","AKTIVITI SANTAI","","","","","","","","","","","","","","","","","","","","","","","","","","","","","",""
"2026/03/12 2:11:50 pm GMT+8","13 tahun","","","","","","","","","","","","","","","","","","","","","","","","","","","","","","","","QASEH NUR SALINA","A-07-05","Perempuan","PETANG (3.00 PETANG - 6.30 PETANG)","AKTIVITI SANTAI","","","","","","","","","","","","","","","","","","","","","","","","",""
"2026/03/12 2:12:11 pm GMT+8","7 tahun ke bawah","QASEH NUR HIDAYAH BINTI KAMA","3 tahun","A-07-05","Perempuan","PETANG (3.00 PETANG - 6.30 PETANG)","AKTIVITI SANTAI","","","","","","","","","","","","","","","","","","","","","","","","","","","","","","","","","","","","","","","","","","","","","","","","","","","","","","",""
"2026/03/12 2:28:16 pm GMT+8","11 tahun","","","","","","","","","","","","","","","","","","","","","","SUHAILA HANIFA BINTI MUHAMMADUN","B-02-14","Perempuan","PETANG (3.00 PETANG - 6.30 PETANG)","AKTIVITI SANTAI","","","","","","","","","","","","","","","","","","","","","","","","","","","","","","","","","","",""
"2026/03/12 3:19:19 pm GMT+8","12 tahun","","","","","","","","","","","","","","","","","","","","","","","","","","","NUR SALSABILLA RAMADHANI BINTI ABD RAHIM","A-04-10","Perempuan","PETANG (3.00 PETANG - 6.30 PETANG)","PERMAINAN KOMPUTER","","","","","","","","","","","","","","","","","","","","","","","","","","","","","",""
"2026/03/12 3:20:43 pm GMT+8","11 tahun","","","","","","","","","","","","","","","","","","","","","","Nur Aneesa Ilyana Binti Mazli","A-06-08","Perempuan","PETANG (3.00 PETANG - 6.30 PETANG)","AKTIVITI SANTAI","","","","","","","","","","","","","","","","","","","","","","","","","","","","","","","","","","",""
"2026/03/12 3:30:18 pm GMT+8","12 tahun","","","","","","","","","","","","","","","","","","","","","","","","","","","NUR KHAIRUNNIL AZZALEA BINTI AZLAN SHAH","B-15-08","Perempuan","PETANG (3.00 PETANG - 6.30 PETANG)","AKTIVITI SANTAI","","","","","","","","","","","","","","","","","","","","","","","","","","","","","",""
"2026/03/12 3:38:37 pm GMT+8","17 tahun","","","","","","","","","","","","","","","","","","","","","","","","","","","","","","","","","","","","","","","","","","","","","","","","","","","","LUTH MIKHAIL BIN AHMAD NOOR","C-09-20","Lelaki","PETANG (3.00 PETANG - 6.30 PETANG)","KELAS TUISYEN","","","","",""
"2026/03/12 3:58:59 pm GMT+8","17 tahun","","","","","","","","","","","","","","","","","","","","","","","","","","","","","","","","","","","","","","","","","","","","","","","","","","","","NUR QASEH QAISARA BINTI ABD RAHIM","A-04-10","Perempuan","PETANG (3.00 PETANG - 6.30 PETANG)","KELAS TUISYEN","","","","",""
"2026/03/12 3:59:28 pm GMT+8","17 tahun","","","","","","","","","","","","","","","","","","","","","","","","","","","","","","","","","","","","","","","","","","","","","","","","","","","","MOHAMAD AZRUL AZRAI BIN HISHAM","B-13-12","Lelaki","PETANG (3.00 PETANG - 6.30 PETANG)","KELAS TUISYEN","","","","",""
"2026/03/12 3:59:51 pm GMT+8","17 tahun","","","","","","","","","","","","","","","","","","","","","","","","","","","","","","","","","","","","","","","","","","","","","","","","","","","","LUTH MIKHAIL BIN AHMAD NOOR","C-09-20","Lelaki","PETANG (3.00 PETANG - 6.30 PETANG)","KELAS TUISYEN","","","","",""
"2026/03/12 4:00:45 pm GMT+8","16 tahun","","","","","","","","","","","","","","","","","","","","","","","","","","","","","","","","","","","","","","","","","","","","","","","MOHAMAD AZRUL AZIEM BIN HISHAM","B-13-12","Lelaki","PETANG (3.00 PETANG - 6.30 PETANG)","KELAS TUISYEN","","","","","","","","","",""
"2026/03/12 4:03:19 pm GMT+8","17 tahun","","","","","","","","","","","","","","","","","","","","","","","","","","","","","","","","","","","","","","","","","","","","","","","","","","","","SHAIRAH BINTI ROSLAN","C-11-15","Perempuan","PETANG (3.00 PETANG - 6.30 PETANG)","KELAS TUISYEN","","","","",""
"2026/03/12 4:03:55 pm GMT+8","17 tahun","","","","","","","","","","","","","","","","","","","","","","","","","","","","","","","","","","","","","","","","","","","","","","","","","","","","MUHAMMAD ALIFF FURQAN BIN LOKMAN","B-05-05","Lelaki","PETANG (3.00 PETANG - 6.30 PETANG)","KELAS TUISYEN","","","","",""
"2026/03/12 4:04:17 pm GMT+8","17 tahun","","","","","","","","","","","","","","","","","","","","","","","","","","","","","","","","","","","","","","","","","","","","","","","","","","","","MUHAMMAD NAQIB IRHAS BIN RAMLAN","A-01-06","Perempuan","PETANG (3.00 PETANG - 6.30 PETANG)","KELAS TUISYEN","","","","",""
"2026/03/12 4:07:03 pm GMT+8","15 tahun","","","","","","","","","","","","","","","","","","","","","","","","","","","","","","","","","","","","","","","","","","MUHAMMAD HARRAZ SAUQI BIN KAMA","A-07-05","Lelaki","PETANG (3.00 PETANG - 6.30 PETANG)","KELAS TUISYEN","","","","","","","","","","","","","","",""
"2026/03/12 4:07:48 pm GMT+8","15 tahun","","","","","","","","","","","","","","","","","","","","","","","","","","","","","","","","","","","","","","","","","","SITI NUR HASIRA BINTI MUHAMMADUN","A-02-15","Perempuan","PETANG (3.00 PETANG - 6.30 PETANG)","KELAS TUISYEN","","","","","","","","","","","","","","",""
"2026/03/12 4:32:19 pm GMT+8","13 tahun","","","","","","","","","","","","","","","","","","","","","","","","","","","","","","","","MUHAMAD QHAIRIL BIN MOHD KHAIRUL ANUAR","B-13-19","Lelaki","PETANG (3.00 PETANG - 6.30 PETANG)","AKTIVITI SANTAI","","","","","","","","","","","","","","","","","","","","","","","","",""
"2026/03/16 10:01:47 am GMT+8","13 tahun","","","","","","","","","","","","","","","","","","","","","","","","","","","","","","","","MUHAMAD RAMADAN BN MUHAMADUN","B-02-14","Lelaki","PETANG (3.00 PETANG - 6.30 PETANG)","AKTIVITI SANTAI","","","","","","","","","","","","","","","","","","","","","","","","",""
"2026/03/16 10:09:54 am GMT+8","11 tahun","","","","","","","","","","","","","","","","","","","","","","SUHAILA HANIFA BINTI MUHAMMADUN","B-02-14","Perempuan","PETANG (3.00 PETANG - 6.30 PETANG)","MENONTON TELEVISYEN","","","","","","","","","","","","","","","","","","","","","","","","","","","","","","","","","","",""
"2026/03/16 2:01:53 pm GMT+8","11 tahun","","","","","","","","","","","","","","","","","","","","","","Nur Aneesa Ilyana Binti Mazli","A-06-08","Perempuan","PETANG (3.00 PETANG - 6.30 PETANG)","AKTIVITI SANTAI","","","","","","","","","","","","","","","","","","","","","","","","","","","","","","","","","","",""
"2026/03/16 2:02:23 pm GMT+8","11 tahun","","","","","","","","","","","","","","","","","","","","","","QASEH NUR ZAHRA BIN KAMA","A-07-05","Perempuan","PETANG (3.00 PETANG - 6.30 PETANG)","AKTIVITI SANTAI","","","","","","","","","","","","","","","","","","","","","","","","","","","","","","","","","","",""
"2026/03/16 2:02:54 pm GMT+8","12 tahun","","","","","","","","","","","","","","","","","","","","","","","","","","","NUR SALSABILLA RAMADHANI BINTI ABD RAHIM","A-04-10","Perempuan","PETANG (3.00 PETANG - 6.30 PETANG)","AKTIVITI SANTAI","","","","","","","","","","","","","","","","","","","","","","","","","","","","","",""
"2026/03/16 2:04:05 pm GMT+8","13 tahun","","","","","","","","","","","","","","","","","","","","","","","","","","","","","","","","MUHAMAD RAMADAN BN MUHAMADUN","B-02-14","Lelaki","PETANG (3.00 PETANG - 6.30 PETANG)","AKTIVITI SANTAI","","","","","","","","","","","","","","","","","","","","","","","","",""
"2026/03/16 2:04:42 pm GMT+8","8 tahun","","","","","","","MUHAMAD AYAS BN MUHAMADUN","B-02-14","Lelaki","PETANG (3.00 PETANG - 6.30 PETANG)","PERMAINAN KOMPUTER","","","","","","","","","","","","","","","","","","","","","","","","","","","","","","","","","","","","","","","","","","","","","","","","","",""
"2026/03/16 2:05:02 pm GMT+8","10 tahun","","","","","","","","","","","","","","","","","MUHAMMAD HAFIZAN BIN MUHAMAD FAIZAN","B-04-06","Lelaki","PETANG (3.00 PETANG - 6.30 PETANG)","PERMAINAN KOMPUTER","","","","","","","","","","","","","","","","","","","","","","","","","","","","","","","","","","","","","","","",""
"2026/03/16 2:35:54 pm GMT+8","7 tahun ke bawah","Nur zada faqiha ","2","B-2-14","Perempuan","PETANG (3.00 PETANG - 6.30 PETANG)","AKTIVITI SANTAI","","","","","","","","","","","","","","","","","","","","","","","","","","","","","","","","","","","","","","","","","","","","","","","","","","","","","","",""
"2026/03/16 2:54:44 pm GMT+8","11 tahun","","","","","","","","","","","","","","","","","","","","","","MUHAMMAD AQIL AMRULLAH BIN MUHAMMAD AZEMI","C-11-01","Lelaki","PETANG (3.00 PETANG - 6.30 PETANG)","AKTIVITI SANTAI","","","","","","","","","","","","","","","","","","","","","","","","","","","","","","","","","","",""
"2026/03/16 3:13:24 pm GMT+8","12 tahun","","","","","","","","","","","","","","","","","","","","","","","","","","","NUR KHAIRUNNIL AZZALEA BINTI AZLAN SHAH","B-15-08","Perempuan","PETANG (3.00 PETANG - 6.30 PETANG)","AKTIVITI SANTAI","","","","","","","","","","","","","","","","","","","","","","","","","","","","","",""
"2026/03/17 10:52:51 am GMT+8","13 tahun","","","","","","","","","","","","","","","","","","","","","","","","","","","","","","","","MUHAMAD RAMADAN BN MUHAMADUN","B-02-14","Lelaki","PETANG (3.00 PETANG - 6.30 PETANG)","AKTIVITI SANTAI","","","","","","","","","","","","","","","","","","","","","","","","",""
"2026/03/17 11:16:07 am GMT+8","13 tahun","","","","","","","","","","","","","","","","","","","","","","","","","","","","","","","","MUHAMMAD SHAHIR HAIKAL BIN ROSLAN","C-11-17","Lelaki","PETANG (3.00 PETANG - 6.30 PETANG)","AKTIVITI SANTAI","","","","","","","","","","","","","","","","","","","","","","","","",""
"2026/03/17 2:10:05 pm GMT+8","11 tahun","","","","","","","","","","","","","","","","","","","","","","SUHAILA HANIFA BINTI MUHAMMADUN","B-02-14","Perempuan","PETANG (3.00 PETANG - 6.30 PETANG)","AKTIVITI SANTAI","","","","","","","","","","","","","","","","","","","","","","","","","","","","","","","","","","",""
"2026/03/17 2:21:41 pm GMT+8","15 tahun","","","","","","","","","","","","","","","","","","","","","","","","","","","","","","","","","","","","","","","","","","ARIF DANIEL BIN FAIZUL AZLI","B-13-06","Lelaki","PETANG (3.00 PETANG - 6.30 PETANG)","AKTIVITI SANTAI","","","","","","","","","","","","","","",""
"2026/03/17 2:33:35 pm GMT+8","10 tahun","","","","","","","","","","","","","","","","","MUHAMMAD HAFIZAN BIN MUHAMAD FAIZAN","B-04-06","Lelaki","PETANG (3.00 PETANG - 6.30 PETANG)","PERMAINAN KOMPUTER","","","","","","","","","","","","","","","","","","","","","","","","","","","","","","","","","","","","","","","",""
"2026/03/17 3:18:21 pm GMT+8","10 tahun","","","","","","","","","","","","","","","","","ERRYSYAM","C-6-16","Lelaki","PETANG (3.00 PETANG - 6.30 PETANG)","AKTIVITI SANTAI","","","","","","","","","","","","","","","","","","","","","","","","","","","","","","","","","","","","","","","",""
"2026/03/17 3:20:05 pm GMT+8","10 tahun","","","","","","","","","","","","","","","","","Xylon Alvredo Hartler Aldric Augustine","C-8-7","Lelaki","PETANG (3.00 PETANG - 6.30 PETANG)","AKTIVITI SANTAI","","","","","","","","","","","","","","","","","","","","","","","","","","","","","","","","","","","","","","","",""
"2026/03/17 3:22:51 pm GMT+8","7 tahun ke bawah","ERRYSYAM AREQ ARYAN","7 tahun","C-6-16","Lelaki","PETANG (3.00 PETANG - 6.30 PETANG)","AKTIVITI SANTAI","","","","","","","","","","","","","","","","","","","","","","","","","","","","","","","","","","","","","","","","","","","","","","","","","","","","","","",""
"2026/03/17 3:23:32 pm GMT+8","12 tahun","","","","","","","","","","","","","","","","","","","","","","","","","","","Rasyidi","C-4-9","Lelaki","PETANG (3.00 PETANG - 6.30 PETANG)","AKTIVITI MODUL","","","","","","","","","","","","","","","","","","","","","","","","","","","","","",""
"2026/03/17 3:26:50 pm GMT+8","12 tahun","","","","","","","","","","","","","","","","","","","","","","","","","","","NUR KHAIRUNNIL AZZALEA BINTI AZLAN SHAH","B-15-08","Perempuan","PETANG (3.00 PETANG - 6.30 PETANG)","AKTIVITI SANTAI","","","","","","","","","","","","","","","","","","","","","","","","","","","","","",""
"2026/03/17 3:27:43 pm GMT+8","11 tahun","","","","","","","","","","","","","","","","","","","","","","Nur Aneesa Ilyana Binti Mazli","A-06-08","Perempuan","PETANG (3.00 PETANG - 6.30 PETANG)","AKTIVITI SANTAI","","","","","","","","","","","","","","","","","","","","","","","","","","","","","","","","","","",""
"2026/03/17 3:28:06 pm GMT+8","12 tahun","","","","","","","","","","","","","","","","","","","","","","","","","","","NUR SALSABILLA RAMADHANI BINTI ABD RAHIM","A-04-10","Perempuan","PETANG (3.00 PETANG - 6.30 PETANG)","AKTIVITI SANTAI","","","","","","","","","","","","","","","","","","","","","","","","","","","","","",""
"2026/03/17 4:03:54 pm GMT+8","17 tahun","","","","","","","","","","","","","","","","","","","","","","","","","","","","","","","","","","","","","","","","","","","","","","","","","","","","MOHAMAD AZRUL AZRAI BIN HISHAM","B-13-12","Lelaki","PETANG (3.00 PETANG - 6.30 PETANG)","KELAS TUISYEN","","","","",""
"2026/03/17 4:12:05 pm GMT+8","17 tahun","","","","","","","","","","","","","","","","","","","","","","","","","","","","","","","","","","","","","","","","","","","","","","","","","","","","SHAIRAH BINTI ROSLAN","C-11-17","Perempuan","PETANG (3.00 PETANG - 6.30 PETANG)","KELAS TUISYEN","","","","",""
"2026/03/17 4:18:13 pm GMT+8","16 tahun","","","","","","","","","","","","","","","","","","","","","","","","","","","","","","","","","","","","","","","","","","","","","","","MOHAMAD AZRUL AZIEM BIN HISHAM","B-13-12","Lelaki","PETANG (3.00 PETANG - 6.30 PETANG)","KELAS TUISYEN","","","","","","","","","",""
"2026/03/17 4:19:15 pm GMT+8","17 tahun","","","","","","","","","","","","","","","","","","","","","","","","","","","","","","","","","","","","","","","","","","","","","","","","","","","","MUHAMMAD NAQIB IRHAS BIN RAMLAN","A-01-06","Lelaki","PETANG (3.00 PETANG - 6.30 PETANG)","KELAS TUISYEN","","","","",""
"2026/03/17 4:20:09 pm GMT+8","17 tahun","","","","","","","","","","","","","","","","","","","","","","","","","","","","","","","","","","","","","","","","","","","","","","","","","","","","LUTH MIKHAIL BIN AHMAD NOOR","C-09-20","Lelaki","PETANG (3.00 PETANG - 6.30 PETANG)","KELAS TUISYEN","","","","",""
"2026/03/17 4:20:57 pm GMT+8","15 tahun","","","","","","","","","","","","","","","","","","","","","","","","","","","","","","","","","","","","","","","","","","SITI NUR HASIRA BINTI MUHAMMADUN","B-02-14","Perempuan","PETANG (3.00 PETANG - 6.30 PETANG)","KELAS TUISYEN","","","","","","","","","","","","","","",""
"2026/03/18 10:26:50 am GMT+8","11 tahun","","","","","","","","","","","","","","","","","","","","","","SUHAILA HANIFA BINTI MUHAMMADUN","B-02-14","Perempuan","PETANG (3.00 PETANG - 6.30 PETANG)","AKTIVITI SANTAI","","","","","","","","","","","","","","","","","","","","","","","","","","","","","","","","","","",""
"2026/03/18 10:27:49 am GMT+8","7 tahun ke bawah","NUR ZARA AULIA BINTI MUHAMADUN","3","B-02-14","Perempuan","PETANG (3.00 PETANG - 6.30 PETANG)","AKTIVITI SANTAI","","","","","","","","","","","","","","","","","","","","","","","","","","","","","","","","","","","","","","","","","","","","","","","","","","","","","","",""
"2026/03/18 10:39:16 am GMT+8","8 tahun","","","","","","","MUHAMAD AYAS BN MUHAMADUN","B-02-14","Lelaki","PETANG (3.00 PETANG - 6.30 PETANG)","PERMAINAN KOMPUTER","","","","","","","","","","","","","","","","","","","","","","","","","","","","","","","","","","","","","","","","","","","","","","","","","",""
"2026/03/18 10:40:23 am GMT+8","7 tahun ke bawah","NUR ZARA AULIA BINTI MUHAMADUN","5","B-02-14","Perempuan","PETANG (3.00 PETANG - 6.30 PETANG)","MENONTON TELEVISYEN","","","","","","","","","","","","","","","","","","","","","","","","","","","","","","","","","","","","","","","","","","","","","","","","","","","","","","",""
"2026/03/18 11:12:36 am GMT+8","13 tahun","","","","","","","","","","","","","","","","","","","","","","","","","","","","","","","","MOHAMMAD ZHARR RAYYAN BIN HALIM","C-14-07","Lelaki","PETANG (3.00 PETANG - 6.30 PETANG)","AKTIVITI SANTAI","","","","","","","","","","","","","","","","","","","","","","","","",""
"2026/03/18 11:33:28 am GMT+8","13 tahun","","","","","","","","","","","","","","","","","","","","","","","","","","","","","","","","MUHAMAD RAMADAN BN MUHAMADUN","B-02-14","Lelaki","PETANG (3.00 PETANG - 6.30 PETANG)","AKTIVITI SANTAI","","","","","","","","","","","","","","","","","","","","","","","","",""
"2026/03/18 2:01:18 pm GMT+8","13 tahun","","","","","","","","","","","","","","","","","","","","","","","","","","","","","","","","QASEH NUR SALINA","A-07-05","Perempuan","PETANG (3.00 PETANG - 6.30 PETANG)","AKTIVITI SANTAI","","","","","","","","","","","","","","","","","","","","","","","","",""
"2026/03/18 2:01:59 pm GMT+8","13 tahun","","","","","","","","","","","","","","","","","","","","","","","","","","","","","","","","FARIZ ZIKRY BIN FAIZA","C-11-05","Lelaki","PETANG (3.00 PETANG - 6.30 PETANG)","PERMAINAN KOMPUTER","","","","","","","","","","","","","","","","","","","","","","","","",""
"2026/03/18 2:10:07 pm GMT+8","12 tahun","","","","","","","","","","","","","","","","","","","","","","","","","","","MOHAMED ADAM DANIAL BIN MOHD NASIR","B-15-18","Lelaki","PETANG (3.00 PETANG - 6.30 PETANG)","AKTIVITI SANTAI","","","","","","","","","","","","","","","","","","","","","","","","","","","","","",""
"2026/03/18 2:12:10 pm GMT+8","13 tahun","","","","","","","","","","","","","","","","","","","","","","","","","","","","","","","","MUHAMAD RAMADAN BN MUHAMADUN","B-02-14","Lelaki","PETANG (3.00 PETANG - 6.30 PETANG)","AKTIVITI SANTAI","","","","","","","","","","","","","","","","","","","","","","","","",""
"2026/03/18 2:14:58 pm GMT+8","8 tahun","","","","","","","MUHAMAD AYAS BN MUHAMADUN","B-02-14","Lelaki","PETANG (3.00 PETANG - 6.30 PETANG)","PERMAINAN KOMPUTER","","","","","","","","","","","","","","","","","","","","","","","","","","","","","","","","","","","","","","","","","","","","","","","","","",""
"2026/03/18 2:18:10 pm GMT+8","8 tahun","","","","","","","MUHAMAD AYAS BN MUHAMADUN","B-02-14","Lelaki","PETANG (3.00 PETANG - 6.30 PETANG)","PERMAINAN KOMPUTER","","","","","","","","","","","","","","","","","","","","","","","","","","","","","","","","","","","","","","","","","","","","","","","","","",""
"2026/03/18 2:33:23 pm GMT+8","15 tahun","","","","","","","","","","","","","","","","","","","","","","","","","","","","","","","","","","","","","","","","","","SITI NUR HASIRA BINTI MUHAMMADUN","B-02-14","Perempuan","PETANG (3.00 PETANG - 6.30 PETANG)","AKTIVITI SANTAI","","","","","","","","","","","","","","",""
"2026/03/18 3:28:26 pm GMT+8","9 tahun","","","","","","","","","","","","NUR SYAFIQAH MADIHAH BINTI SHAHRILRIZAL","B-04-13","Perempuan","PETANG (3.00 PETANG - 6.30 PETANG)","AKTIVITI SANTAI","","","","","","","","","","","","","","","","","","","","","","","","","","","","","","","","","","","","","","","","","","","","",""
"2026/03/18 3:30:06 pm GMT+8","10 tahun","","","","","","","","","","","","","","","","","NUR ZAHIRA ARDHNI BNTI FAIZA","C-11-05","Perempuan","PETANG (3.00 PETANG - 6.30 PETANG)","AKTIVITI SANTAI","","","","","","","","","","","","","","","","","","","","","","","","","","","","","","","","","","","","","","","",""
"2026/03/18 4:29:29 pm GMT+8","11 tahun","","","","","","","","","","","","","","","","","","","","","","MUHAMMAD AQIL AMRULLAH BIN MUHAMMAD AZEMI","C-11-01","Lelaki","PETANG (3.00 PETANG - 6.30 PETANG)","AKTIVITI SANTAI","","","","","","","","","","","","","","","","","","","","","","","","","","","","","","","","","","",""
"2026/03/18 4:30:59 pm GMT+8","12 tahun","","","","","","","","","","","","","","","","","","","","","","","","","","","MUHAMMAD KHAIRUL SYAFIQ","C-8-10","Lelaki","PETANG (3.00 PETANG - 6.30 PETANG)","AKTIVITI SANTAI","","","","","","","","","","","","","","","","","","","","","","","","","","","","","",""
"2026/03/19 10:35:48 am GMT+8","11 tahun","","","","","","","","","","","","","","","","","","","","","","Nur Aneesa Ilyana Binti Mazli","A-06-08","Perempuan","PETANG (3.00 PETANG - 6.30 PETANG)","AKTIVITI SANTAI","","","","","","","","","","","","","","","","","","","","","","","","","","","","","","","","","","",""
"2026/03/19 10:36:06 am GMT+8","9 tahun","","","","","","","","","","","","NUR AAIRA ILYANA BINTI MAZLI","A-06-08","Perempuan","PETANG (3.00 PETANG - 6.30 PETANG)","AKTIVITI SANTAI","","","","","","","","","","","","","","","","","","","","","","","","","","","","","","","","","","","","","","","","","","","","",""
"2026/03/19 10:36:25 am GMT+8","11 tahun","","","","","","","","","","","","","","","","","","","","","","SUHAILA HANIFA BINTI MUHAMMADUN","B-02-14","Perempuan","PETANG (3.00 PETANG - 6.30 PETANG)","AKTIVITI SANTAI","","","","","","","","","","","","","","","","","","","","","","","","","","","","","","","","","","",""
"2026/03/19 10:36:55 am GMT+8","13 tahun","","","","","","","","","","","","","","","","","","","","","","","","","","","","","","","","MOHAMMAD ZHARR RAYYAN BIN HALIM","C-14-07","Lelaki","PETANG (3.00 PETANG - 6.30 PETANG)","AKTIVITI SANTAI","","","","","","","","","","","","","","","","","","","","","","","","",""
"2026/03/19 11:01:12 am GMT+8","13 tahun","","","","","","","","","","","","","","","","","","","","","","","","","","","","","","","","MUHAMAD RAMADAN BN MUHAMADUN","B-02-14","Lelaki","PETANG (3.00 PETANG - 6.30 PETANG)","AKTIVITI SANTAI","","","","","","","","","","","","","","","","","","","","","","","","",""
"2026/03/19 2:01:33 pm GMT+8","12 tahun","","","","","","","","","","","","","","","","","","","","","","","","","","","NUR SALSABILLA RAMADHANI BINTI ABD RAHIM","A-04-10","Perempuan","PETANG (3.00 PETANG - 6.30 PETANG)","MENONTON TELEVISYEN","","","","","","","","","","","","","","","","","","","","","","","","","","","","","",""
"2026/03/19 2:30:23 pm GMT+8","13 tahun","","","","","","","","","","","","","","","","","","","","","","","","","","","","","","","","MUHAMAD RAMADAN BN MUHAMADUN","B-02-14","Lelaki","PETANG (3.00 PETANG - 6.30 PETANG)","AKTIVITI SANTAI","","","","","","","","","","","","","","","","","","","","","","","","",""
"2026/03/19 2:42:12 pm GMT+8","8 tahun","","","","","","","MUHAMAD AYAS BN MUHAMADUN","B-02-14","Lelaki","PETANG (3.00 PETANG - 6.30 PETANG)","PERMAINAN KOMPUTER","","","","","","","","","","","","","","","","","","","","","","","","","","","","","","","","","","","","","","","","","","","","","","","","","",""
"2026/03/30 3:01:54 pm GMT+8","11 tahun","","","","","","","","","","","","","","","","","","","","","","SUHAILA HANIFA BINTI MUHAMMADUN","B-02-14","Perempuan","PETANG (3.00 PETANG - 6.30 PETANG)","AKTIVITI SANTAI","","","","","","","","","","","","","","","","","","","","","","","","","","","","","","","","","","",""
"2026/03/30 3:02:29 pm GMT+8","11 tahun","","","","","","","","","","","","","","","","","","","","","","QASEH NUR ZAHRA BIN KAMA","A-07-05","Perempuan","PETANG (3.00 PETANG - 6.30 PETANG)","AKTIVITI SANTAI","","","","","","","","","","","","","","","","","","","","","","","","","","","","","","","","","","",""
"2026/03/30 3:04:39 pm GMT+8","11 tahun","","","","","","","","","","","","","","","","","","","","","","NUR AFIRA RAISYA BIN MUHAMAD FAIZAL","A-06-08","Perempuan","PETANG (3.00 PETANG - 6.30 PETANG)","AKTIVITI SANTAI","","","","","","","","","","","","","","","","","","","","","","","","","","","","","","","","","","",""
"2026/03/30 3:05:12 pm GMT+8","13 tahun","","","","","","","","","","","","","","","","","","","","","","","","","","","","","","","","QASEH NUR SALINA","A-07-05","Perempuan","PETANG (3.00 PETANG - 6.30 PETANG)","AKTIVITI SANTAI","","","","","","","","","","","","","","","","","","","","","","","","",""
"2026/03/30 3:06:10 pm GMT+8","7 tahun ke bawah","QASEH NUR HIDAYAH BINTI KAMA","4 tahun","A-07-05","Perempuan","PETANG (3.00 PETANG - 6.30 PETANG)","AKTIVITI SANTAI","","","","","","","","","","","","","","","","","","","","","","","","","","","","","","","","","","","","","","","","","","","","","","","","","","","","","","",""
"2026/03/30 3:06:39 pm GMT+8","12 tahun","","","","","","","","","","","","","","","","","","","","","","","","","","","NUR SALSABILLA RAMADHANI BINTI ABD RAHIM","A-04-10","Perempuan","PETANG (3.00 PETANG - 6.30 PETANG)","AKTIVITI SANTAI","","","","","","","","","","","","","","","","","","","","","","","","","","","","","",""
"2026/03/30 4:07:44 pm GMT+8","8 tahun","","","","","","","MUHAMAD AYAS BN MUHAMADUN","B-02-14","Lelaki","PETANG (3.00 PETANG - 6.30 PETANG)","PERMAINAN KOMPUTER","","","","","","","","","","","","","","","","","","","","","","","","","","","","","","","","","","","","","","","","","","","","","","","","","",""
"2026/03/30 4:18:19 pm GMT+8","12 tahun","","","","","","","","","","","","","","","","","","","","","","","","","","","MOHAMED ADAM DANIAL BIN MOHD NASIR","B-15-18","Lelaki","PETANG (3.00 PETANG - 6.30 PETANG)","AKTIVITI SANTAI","","","","","","","","","","","","","","","","","","","","","","","","","","","","","",""
"2026/03/30 4:18:50 pm GMT+8","13 tahun","","","","","","","","","","","","","","","","","","","","","","","","","","","","","","","","Aiman","C-03-07","Lelaki","PETANG (3.00 PETANG - 6.30 PETANG)","LATIHAN MATEMATIK","","","","","","","","","","","","","","","","","","","","","","","","",""
"2026/03/30 4:19:17 pm GMT+8","15 tahun","","","","","","","","","","","","","","","","","","","","","","","","","","","","","","","","","","","","","","","","","","SITI NUR HASIRA BINTI MUHAMMADUN","B-02-14","Perempuan","PETANG (3.00 PETANG - 6.30 PETANG)","AKTIVITI SANTAI","","","","","","","","","","","","","","",""
"2026/03/30 4:39:51 pm GMT+8","17 tahun","","","","","","","","","","","","","","","","","","","","","","","","","","","","","","","","","","","","","","","","","","","","","","","","","","","","LUTH MIKHAIL BIN AHMAD NOOR","C-09-20","Lelaki","PETANG (3.00 PETANG - 6.30 PETANG)","AKITIVITI SANTAI","","","","",""
"2026/03/30 4:53:06 pm GMT+8","12 tahun","","","","","","","","","","","","","","","","","","","","","","","","","","","MUHAMMAD RAYYAN ADAM","B-17-14","Lelaki","PETANG (3.00 PETANG - 6.30 PETANG)","AKTIVITI SANTAI","","","","","","","","","","","","","","","","","","","","","","","","","","","","","",""
"2026/03/30 5:06:47 pm GMT+8","10 tahun","","","","","","","","","","","","","","","","","MUHAMMAD HAFIZAN BIN MUHAMAD FAIZAN","B-04-06","Lelaki","PETANG (3.00 PETANG - 6.30 PETANG)","PERMAINAN KOMPUTER","","","","","","","","","","","","","","","","","","","","","","","","","","","","","","","","","","","","","","","",""
"2026/03/30 8:03:28 pm GMT+8","11 tahun","","","","","","","","","","","","","","","","","","","","","","SUHAILA HANIFA BINTI MUHAMMADUN","B-02-14","Perempuan","PETANG (3.00 PETANG - 6.30 PETANG)","AKTIVITI SANTAI","","","","","","","","","","","","","","","","","","","","","","","","","","","","","","","","","","",""
"2026/03/30 8:05:23 pm GMT+8","13 tahun","","","","","","","","","","","","","","","","","","","","","","","","","","","","","","","","MUHAMAD RAMADAN BN MUHAMADUN","B-02-14","Lelaki","MALAM (8.00 MALAM - 10.00 MALAM)","AKTIVITI SANTAI","","","","","","","","","","","","","","","","","","","","","","","","",""
"2026/03/30 8:06:43 pm GMT+8","13 tahun","","","","","","","","","","","","","","","","","","","","","","","","","","","","","","","","QASEH NUR SALINA","A-07-05","Perempuan","MALAM (8.00 MALAM - 10.00 MALAM)","AKTIVITI SANTAI","","","","","","","","","","","","","","","","","","","","","","","","",""
"2026/03/30 8:16:35 pm GMT+8","15 tahun","","","","","","","","","","","","","","","","","","","","","","","","","","","","","","","","","","","","","","","","","","MUHAMMAD HARRAZ SAUQI BIN KAMA","A-07-05","Lelaki","MALAM (8.00 MALAM - 10.00 MALAM)","AKTIVITI SANTAI","","","","","","","","","","","","","","",""
"2026/03/30 8:17:02 pm GMT+8","16 tahun","","","","","","","","","","","","","","","","","","","","","","","","","","","","","","","","","","","","","","","","","","","","","","","ADAM ZAKRY BIN ZUL AMALI","B-13-10","Lelaki","MALAM (8.00 MALAM - 10.00 MALAM)","AKTIVITI SANTAI","","","","","","","","","",""
"2026/03/30 8:17:51 pm GMT+8","15 tahun","","","","","","","","","","","","","","","","","","","","","","","","","","","","","","","","","","","","","","","","","","SITI NUR HASIRA BINTI MUHAMMADUN","B-02-14","Perempuan","MALAM (8.00 MALAM - 10.00 MALAM)","AKTIVITI SANTAI","","","","","","","","","","","","","","",""
"2026/03/30 8:23:50 pm GMT+8","13 tahun","","","","","","","","","","","","","","","","","","","","","","","","","","","","","","","","MUHAMMAD SHAHIR HAIKAL BIN ROSLAN","C-11-17","Lelaki","MALAM (8.00 MALAM - 10.00 MALAM)","AKTIVITI SANTAI","","","","","","","","","","","","","","","","","","","","","","","","",""
"2026/03/30 8:24:31 pm GMT+8","13 tahun","","","","","","","","","","","","","","","","","","","","","","","","","","","","","","","","MUHAMAD QHAIRIL BIN MOHD KHAIRUL ANUAR","B-13-19","Lelaki","PETANG (3.00 PETANG - 6.30 PETANG)","AKTIVITI SANTAI","","","","","","","","","","","","","","","","","","","","","","","","",""
"2026/03/30 8:40:13 pm GMT+8","11 tahun","","","","","","","","","","","","","","","","","","","","","","MUHAMMAD ASYRAF BIN MD KHAIRI","C-06-01","Lelaki","MALAM (8.00 MALAM - 10.00 MALAM)","HOMEWORK CLUB","","","","","","","","","","","","","","","","","","","","","","","","","","","","","","","","","","",""
"2026/03/31 3:03:33 pm GMT+8","15 tahun","","","","","","","","","","","","","","","","","","","","","","","","","","","","","","","","","","","","","","","","","","ARIF DANIEL BIN FAIZUL AZLI","B-13-06","Lelaki","PETANG (3.00 PETANG - 6.30 PETANG)","AKTIVITI SANTAI","","","","","","","","","","","","","","",""
"2026/03/31 3:05:05 pm GMT+8","10 tahun","","","","","","","","","","","","","","","","","MUHAMMAD HAFIZAN BIN MUHAMAD FAIZAN","B-04-06","Lelaki","PETANG (3.00 PETANG - 6.30 PETANG)","PERMAINAN KOMPUTER","","","","","","","","","","","","","","","","","","","","","","","","","","","","","","","","","","","","","","","",""
"2026/03/31 3:07:36 pm GMT+8","13 tahun","","","","","","","","","","","","","","","","","","","","","","","","","","","","","","","","QASEH NUR SALINA","A-07-05","Perempuan","PETANG (3.00 PETANG - 6.30 PETANG)","AKTIVITI SANTAI","","","","","","","","","","","","","","","","","","","","","","","","",""
"2026/03/31 3:08:13 pm GMT+8","11 tahun","","","","","","","","","","","","","","","","","","","","","","Nur Aneesa Ilyana Binti Mazli","A-06-08","Perempuan","PETANG (3.00 PETANG - 6.30 PETANG)","AKTIVITI SANTAI","","","","","","","","","","","","","","","","","","","","","","","","","","","","","","","","","","",""
"2026/03/31 3:08:31 pm GMT+8","12 tahun","","","","","","","","","","","","","","","","","","","","","","","","","","","NUR SALSABILLA RAMADHANI BINTI ABD RAHIM","A-04-10","Perempuan","PETANG (3.00 PETANG - 6.30 PETANG)","AKTIVITI SANTAI","","","","","","","","","","","","","","","","","","","","","","","","","","","","","",""
"2026/03/31 3:08:57 pm GMT+8","11 tahun","","","","","","","","","","","","","","","","","","","","","","SUHAILA HANIFA BINTI MUHAMMADUN","B-02-14","Perempuan","PETANG (3.00 PETANG - 6.30 PETANG)","AKTIVITI SANTAI","","","","","","","","","","","","","","","","","","","","","","","","","","","","","","","","","","",""
"2026/03/31 3:09:30 pm GMT+8","7 tahun ke bawah","QASEH NUR HIDAYAH BINTI KAMA","4 tahun","A-07-05","Perempuan","PETANG (3.00 PETANG - 6.30 PETANG)","AKTIVITI SANTAI","","","","","","","","","","","","","","","","","","","","","","","","","","","","","","","","","","","","","","","","","","","","","","","","","","","","","","",""
"2026/03/31 3:16:59 pm GMT+8","15 tahun","","","","","","","","","","","","","","","","","","","","","","","","","","","","","","","","","","","","","","","","","","SITI NUR HASIRA BINTI MUHAMMADUN","B-02-14","Perempuan","PETANG (3.00 PETANG - 6.30 PETANG)","AKTIVITI SANTAI","","","","","","","","","","","","","","",""
"2026/03/31 3:31:12 pm GMT+8","13 tahun","","","","","","","","","","","","","","","","","","","","","","","","","","","","","","","","MUHAMAD QHAIRIL BIN MOHD KHAIRUL ANUAR","B-13-19","Lelaki","PETANG (3.00 PETANG - 6.30 PETANG)","AKTIVITI SANTAI","","","","","","","","","","","","","","","","","","","","","","","","",""
"2026/03/31 3:31:29 pm GMT+8","11 tahun","","","","","","","","","","","","","","","","","","","","","","QASEH NUR ZAHRA BIN KAMA","A-07-05","Perempuan","PETANG (3.00 PETANG - 6.30 PETANG)","AKTIVITI SANTAI","","","","","","","","","","","","","","","","","","","","","","","","","","","","","","","","","","",""
"2026/03/31 3:36:45 pm GMT+8","11 tahun","","","","","","","","","","","","","","","","","","","","","","SUHAILA HANIFA BINTI MUHAMMADUN","B-02-14","Perempuan","PETANG (3.00 PETANG - 6.30 PETANG)","AKTIVITI SANTAI","","","","","","","","","","","","","","","","","","","","","","","","","","","","","","","","","","",""
"2026/03/31 4:14:33 pm GMT+8","15 tahun","","","","","","","","","","","","","","","","","","","","","","","","","","","","","","","","","","","","","","","","","","MUHAMAD ARFAN AQIM BIN ARMAN","B-08-10","Lelaki","PETANG (3.00 PETANG - 6.30 PETANG)","AKTIVITI SANTAI","","","","","","","","","","","","","","",""
"2026/03/31 4:52:14 pm GMT+8","12 tahun","","","","","","","","","","","","","","","","","","","","","","","","","","","MUHAMMAD RAYYAN ADAM","B-17-14","Lelaki","PETANG (3.00 PETANG - 6.30 PETANG)","AKTIVITI SANTAI","","","","","","","","","","","","","","","","","","","","","","","","","","","","","",""
"2026/03/31 8:11:36 pm GMT+8","13 tahun","","","","","","","","","","","","","","","","","","","","","","","","","","","","","","","","MUHAMMAD SHAHIR HAIKAL BIN ROSLAN","C-11-17","Lelaki","MALAM (8.00 MALAM - 10.00 MALAM)","AKTIVITI SANTAI","","","","","","","","","","","","","","","","","","","","","","","","",""
"2026/03/31 8:42:23 pm GMT+8","15 tahun","","","","","","","","","","","","","","","","","","","","","","","","","","","","","","","","","","","","","","","","","","SITI NUR HASIRA BINTI MUHAMMADUN","B-02-14","Perempuan","MALAM (8.00 MALAM - 10.00 MALAM)","AKTIVITI SANTAI","","","","","","","","","","","","","","",""
"2026/03/31 8:43:42 pm GMT+8","13 tahun","","","","","","","","","","","","","","","","","","","","","","","","","","","","","","","","MUHAMAD RAMADAN BN MUHAMADUN","B-02-14","Lelaki","MALAM (8.00 MALAM - 10.00 MALAM)","AKTIVITI SANTAI","","","","","","","","","","","","","","","","","","","","","","","","",""
"2026/03/31 9:21:32 pm GMT+8","13 tahun","","","","","","","","","","","","","","","","","","","","","","","","","","","","","","","","QASEH NUR SALINA","A-07-05","Perempuan","MALAM (8.00 MALAM - 10.00 MALAM)","AKTIVITI SANTAI","","","","","","","","","","","","","","","","","","","","","","","","",""
"2026/03/31 9:22:23 pm GMT+8","15 tahun","","","","","","","","","","","","","","","","","","","","","","","","","","","","","","","","","","","","","","","","","","SITI NUR HASIRA BINTI MUHAMMADUN","B-02-14","Perempuan","MALAM (8.00 MALAM - 10.00 MALAM)","AKTIVITI SANTAI","","","","","","","","","","","","","","",""
"2026/03/31 9:25:26 pm GMT+8","12 tahun","","","","","","","","","","","","","","","","","","","","","","","","","","","MOHAMED ADAM DANIAL BIN MOHD NASIR","B-15-18","Lelaki","MALAM (8.00 MALAM - 10.00 MALAM)","PERMAINAN KOMPUTER","","","","","","","","","","","","","","","","","","","","","","","","","","","","","",""
"2026/03/31 9:25:54 pm GMT+8","13 tahun","","","","","","","","","","","","","","","","","","","","","","","","","","","","","","","","Aiman","B-04-06","Perempuan","MALAM (8.00 MALAM - 10.00 MALAM)","PERMAINAN KOMPUTER","","","","","","","","","","","","","","","","","","","","","","","","",""
"2026/03/31 9:26:15 pm GMT+8","11 tahun","","","","","","","","","","","","","","","","","","","","","","QASEH NUR ZAHRA BIN KAMA","A-07-05","Perempuan","MALAM (8.00 MALAM - 10.00 MALAM)","AKTIVITI SANTAI","","","","","","","","","","","","","","","","","","","","","","","","","","","","","","","","","","",""
"2026/03/31 9:27:04 pm GMT+8","11 tahun","","","","","","","","","","","","","","","","","","","","","","MUHAMMAD AQIL AMRULLAH BIN MUHAMMAD AZEMI","C-11-01","Lelaki","MALAM (8.00 MALAM - 10.00 MALAM)","AKTIVITI SANTAI","","","","","","","","","","","","","","","","","","","","","","","","","","","","","","","","","","",""
"2026/03/31 9:58:44 pm GMT+8","11 tahun","","","","","","","","","","","","","","","","","","","","","","SUHAILA HANIFA BINTI MUHAMMADUN","B-02-14","Perempuan","MALAM (8.00 MALAM - 10.00 MALAM)","AKTIVITI SANTAI","","","","","","","","","","","","","","","","","","","","","","","","","","","","","","","","","","",""
"2026/04/01 3:58:13 pm GMT+8","15 tahun","","","","","","","","","","","","","","","","","","","","","","","","","","","","","","","","","","","","","","","","","","SITI NUR HASIRA BINTI MUHAMMADUN","B-02-14","Perempuan","PETANG (3.00 PETANG - 6.30 PETANG)","AKTIVITI SANTAI","","","","","","","","","","","","","","",""
"2026/04/01 3:58:57 pm GMT+8","13 tahun","","","","","","","","","","","","","","","","","","","","","","","","","","","","","","","","QASEH NUR SALINA","A-07-05","Perempuan","PETANG (3.00 PETANG - 6.30 PETANG)","AKTIVITI SANTAI","","","","","","","","","","","","","","","","","","","","","","","","",""
"2026/04/01 3:59:30 pm GMT+8","7 tahun ke bawah","QASEH NUR HIDAYAH BINTI KAMA","4 tahun","A-07-05","Perempuan","PETANG (3.00 PETANG - 6.30 PETANG)","AKTIVITI SANTAI","","","","","","","","","","","","","","","","","","","","","","","","","","","","","","","","","","","","","","","","","","","","","","","","","","","","","","",""
"2026/04/01 4:05:10 pm GMT+8","11 tahun","","","","","","","","","","","","","","","","","","","","","","QASEH NUR ZAHRA BIN KAMA","A-07-05","Perempuan","PETANG (3.00 PETANG - 6.30 PETANG)","AKTIVITI SANTAI","","","","","","","","","","","","","","","","","","","","","","","","","","","","","","","","","","",""
"2026/04/01 4:06:03 pm GMT+8","11 tahun","","","","","","","","","","","","","","","","","","","","",""," Nur Aneesa Ilyana Binti Mazli","A-06-08","Perempuan","PETANG (3.00 PETANG - 6.30 PETANG)","AKTIVITI SANTAI","","","","","","","","","","","","","","","","","","","","","","","","","","","","","","","","","","",""
"2026/04/01 5:10:54 pm GMT+8","12 tahun","","","","","","","","","","","","","","","","","","","","","","","","","","","MUHAMMAD RAYYAN ADAM","B-17-14","Lelaki","PETANG (3.00 PETANG - 6.30 PETANG)","AKTIVITI SANTAI","","","","","","","","","","","","","","","","","","","","","","","","","","","","","",""
"2026/04/01 5:25:58 pm GMT+8","17 tahun","","","","","","","","","","","","","","","","","","","","","","","","","","","","","","","","","","","","","","","","","","","","","","","","","","","","LUTH MIKHAIL BIN AHMAD NOOR","C-09-20","Lelaki","PETANG (3.00 PETANG - 6.30 PETANG)","AKITIVITI SANTAI","","","","",""
"2026/04/01 7:56:03 pm GMT+8","13 tahun","","","","","","","","","","","","","","","","","","","","","","","","","","","","","","","","MUHAMAD RAMADAN BN MUHAMADUN","B-02-14","Lelaki","MALAM (8.00 MALAM - 10.00 MALAM)","AKTIVITI SANTAI","","","","","","","","","","","","","","","","","","","","","","","","",""
"2026/04/01 7:56:31 pm GMT+8","13 tahun","","","","","","","","","","","","","","","","","","","","","","","","","","","","","","","","QASEH NUR SALINA","A-07-05","Perempuan","MALAM (8.00 MALAM - 10.00 MALAM)","AKTIVITI SANTAI","","","","","","","","","","","","","","","","","","","","","","","","",""
"2026/04/01 7:57:11 pm GMT+8","8 tahun","","","","","","","MUHAMAD AYAS BN MUHAMADUN","B-02-14","Lelaki","MALAM (8.00 MALAM - 10.00 MALAM)","AKTIVITI SANTAI","","","","","","","","","","","","","","","","","","","","","","","","","","","","","","","","","","","","","","","","","","","","","","","","","",""
"2026/04/01 8:05:03 pm GMT+8","11 tahun","","","","","","","","","","","","","","","","","","","","","","SUHAILA HANIFA BINTI MUHAMMADUN","B-02-14","Perempuan","MALAM (8.00 MALAM - 10.00 MALAM)","AKTIVITI SANTAI","","","","","","","","","","","","","","","","","","","","","","","","","","","","","","","","","","",""
"2026/04/01 8:08:07 pm GMT+8","12 tahun","","","","","","","","","","","","","","","","","","","","","","","","","","","NUR SALSABILLA RAMADHANI BINTI ABD RAHIM","A-04-10","Perempuan","MALAM (8.00 MALAM - 10.00 MALAM)","KELAS TUISYEN","","","","","","","","","","","","","","","","","","","","","","","","","","","","","",""
"2026/04/01 8:08:28 pm GMT+8","12 tahun","","","","","","","","","","","","","","","","","","","","","","","","","","","NUR MIZA ILYANA BINTI MAZLI","A-06-08","Perempuan","MALAM (8.00 MALAM - 10.00 MALAM)","KELAS TUISYEN","","","","","","","","","","","","","","","","","","","","","","","","","","","","","",""
"2026/04/01 8:09:03 pm GMT+8","12 tahun","","","","","","","","","","","","","","","","","","","","","","","","","","","NUR FATHIA ALEEYA BINTI MUHD FAZIHAN","B-14-10","Perempuan","MALAM (8.00 MALAM - 10.00 MALAM)","KELAS TUISYEN","","","","","","","","","","","","","","","","","","","","","","","","","","","","","",""
"2026/04/01 8:10:21 pm GMT+8","12 tahun","","","","","","","","","","","","","","","","","","","","","","","","","","","NUR SOFEA SOLEHAH","C-12-14","Perempuan","MALAM (8.00 MALAM - 10.00 MALAM)","KELAS TUISYEN","","","","","","","","","","","","","","","","","","","","","","","","","","","","","",""
"2026/04/01 8:12:48 pm GMT+8","12 tahun","","","","","","","","","","","","","","","","","","","","","","","","","","","ISMAHANI AFIA BINTI MUHAMAD YAMANI","B-04-15","Perempuan","MALAM (8.00 MALAM - 10.00 MALAM)","KELAS TUISYEN","","","","","","","","","","","","","","","","","","","","","","","","","","","","","",""
"2026/04/01 8:22:22 pm GMT+8","12 tahun","","","","","","","","","","","","","","","","","","","","","","","","","","","MUHD FARISH HAIQAL BIN MOHD FAIRUZ","C-8-14","Lelaki","MALAM (8.00 MALAM - 10.00 MALAM)","PERMAINAN KOMPUTER","","","","","","","","","","","","","","","","","","","","","","","","","","","","","",""
"2026/04/01 8:23:28 pm GMT+8","12 tahun","","","","","","","","","","","","","","","","","","","","","","","","","","","MUHAMMAD AZRUL AZIEB BIN HISHAM","B-13-12","Lelaki","MALAM (8.00 MALAM - 10.00 MALAM)","KELAS TUISYEN","","","","","","","","","","","","","","","","","","","","","","","","","","","","","",""
"2026/04/01 8:25:56 pm GMT+8","13 tahun","","","","","","","","","","","","","","","","","","","","","","","","","","","","","","","","MUHAMMAD SAFUANAJMIN BIN JASMI","B-05-12","Lelaki","PETANG (3.00 PETANG - 6.30 PETANG)","AKTIVITI SANTAI","","","","","","","","","","","","","","","","","","","","","","","","",""
"2026/04/01 8:26:25 pm GMT+8","13 tahun","","","","","","","","","","","","","","","","","","","","","","","","","","","","","","","","MUHAMMAD SHAHIR HAIKAL BIN ROSLAN","C-11-17","Lelaki","MALAM (8.00 MALAM - 10.00 MALAM)","AKTIVITI SANTAI","","","","","","","","","","","","","","","","","","","","","","","","",""
"2026/04/01 8:31:26 pm GMT+8","15 tahun","","","","","","","","","","","","","","","","","","","","","","","","","","","","","","","","","","","","","","","","","","SITI NUR HASIRA BINTI MUHAMMADUN","B-02-14","Perempuan","MALAM (8.00 MALAM - 10.00 MALAM)","AKTIVITI SANTAI","","","","","","","","","","","","","","",""
"2026/04/01 8:35:20 pm GMT+8","13 tahun","","","","","","","","","","","","","","","","","","","","","","","","","","","","","","","","MUHAMAD QHAIRIL BIN MOHD KHAIRUL ANUAR","B-13-19","Lelaki","PETANG (3.00 PETANG - 6.30 PETANG)","AKTIVITI SANTAI","","","","","","","","","","","","","","","","","","","","","","","","",""
"2026/04/01 8:36:23 pm GMT+8","11 tahun","","","","","","","","","","","","","","","","","","","","","","Nur Aneesa Ilyana Binti Mazli","A-06-08","Perempuan","PETANG (3.00 PETANG - 6.30 PETANG)","AKTIVITI SANTAI","","","","","","","","","","","","","","","","","","","","","","","","","","","","","","","","","","",""
"2026/04/01 8:36:42 pm GMT+8","9 tahun","","","","","","","","","","","","NUR AAIRA ILYANA BINTI MAZLI","A-06-08","Perempuan","MALAM (8.00 MALAM - 10.00 MALAM)","AKTIVITI SANTAI","","","","","","","","","","","","","","","","","","","","","","","","","","","","","","","","","","","","","","","","","","","","",""
"2026/04/01 8:37:06 pm GMT+8","9 tahun","","","","","","","","","","","","NUR SYAFIQAH MADIHAH BINTI SHAHRILRIZAL","B-04-13","Perempuan","MALAM (8.00 MALAM - 10.00 MALAM)","AKTIVITI SANTAI","","","","","","","","","","","","","","","","","","","","","","","","","","","","","","","","","","","","","","","","","","","","",""
"2026/04/01 8:51:51 pm GMT+8","12 tahun","","","","","","","","","","","","","","","","","","","","","","","","","","","MUHAMMAD TAUFIQ AL AMIN BIN MOHD RIZAN","B-08-08","Lelaki","MALAM (8.00 MALAM - 10.00 MALAM)","AKTIVITI SANTAI","","","","","","","","","","","","","","","","","","","","","","","","","","","","","",""
"2026/04/02 3:00:28 pm GMT+8","11 tahun","","","","","","","","","","","","","","","","","","","","","","QASEH NUR ZAHRA BIN KAMA","A-07-05","Perempuan","PETANG (3.00 PETANG - 6.30 PETANG)","AKTIVITI SANTAI","","","","","","","","","","","","","","","","","","","","","","","","","","","","","","","","","","",""
"2026/04/02 3:01:00 pm GMT+8","11 tahun","","","","","","","","","","","","","","","","","","","","","","Nur Aneesa Ilyana Binti Mazli","A-06-08","Perempuan","PETANG (3.00 PETANG - 6.30 PETANG)","AKTIVITI SANTAI","","","","","","","","","","","","","","","","","","","","","","","","","","","","","","","","","","",""
"2026/04/02 5:06:41 pm GMT+8","15 tahun","","","","","","","","","","","","","","","","","","","","","","","","","","","","","","","","","","","","","","","","","","SITI NUR HASIRA BINTI MUHAMMADUN","B-02-14","Perempuan","PETANG (3.00 PETANG - 6.30 PETANG)","AKTIVITI SANTAI","","","","","","","","","","","","","","",""
"2026/04/02 5:07:14 pm GMT+8","11 tahun","","","","","","","","","","","","","","","","","","","","","","SUHAILA HANIFA BINTI MUHAMMADUN","B-02-14","Perempuan","PETANG (3.00 PETANG - 6.30 PETANG)","AKTIVITI SANTAI","","","","","","","","","","","","","","","","","","","","","","","","","","","","","","","","","","",""
"2026/04/02 5:19:19 pm GMT+8","12 tahun","","","","","","","","","","","","","","","","","","","","","","","","","","","MUHAMMAD RAYYAN ADAM","B-17-14","Lelaki","PETANG (3.00 PETANG - 6.30 PETANG)","AKTIVITI SANTAI","","","","","","","","","","","","","","","","","","","","","","","","","","","","","",""
"2026/04/02 8:02:12 pm GMT+8","13 tahun","","","","","","","","","","","","","","","","","","","","","","","","","","","","","","","","MUHAMMAD ADAM ASHRAF BIN MUHD AFZAN","C-04-11","Lelaki","MALAM (8.00 MALAM - 10.00 MALAM)","AKTIVITI SANTAI","","","","","","","","","","","","","","","","","","","","","","","","",""
"2026/04/02 8:02:44 pm GMT+8","13 tahun","","","","","","","","","","","","","","","","","","","","","","","","","","","","","","","","MUHAMMAD SAFUANAJMIN BIN JASMI","B-05-12","Lelaki","PETANG (3.00 PETANG - 6.30 PETANG)","AKTIVITI SANTAI","","","","","","","","","","","","","","","","","","","","","","","","",""
"2026/04/02 8:03:13 pm GMT+8","17 tahun","","","","","","","","","","","","","","","","","","","","","","","","","","","","","","","","","","","","","","","","","","","","","","","","","","","","MOHAMAD AZRUL AZRAI BIN HISHAM","B-13-12","Lelaki","MALAM (8.00 MALAM - 10.00 MALAM)","KELAS TUISYEN","","","","",""
"2026/04/02 8:04:23 pm GMT+8","17 tahun","","","","","","","","","","","","","","","","","","","","","","","","","","","","","","","","","","","","","","","","","","","","","","","","","","","","LUTH MIKHAIL BIN AHMAD NOOR","C-09-20","Lelaki","MALAM (8.00 MALAM - 10.00 MALAM)","KELAS TUISYEN","","","","",""
"2026/04/02 8:04:58 pm GMT+8","15 tahun","","","","","","","","","","","","","","","","","","","","","","","","","","","","","","","","","","","","","","","","","","MUHAMMAD HARRAZ SAUQI BIN KAMA","A-07-05","Lelaki","MALAM (8.00 MALAM - 10.00 MALAM)","KELAS TUISYEN","","","","","","","","","","","","","","",""
"2026/04/02 8:05:51 pm GMT+8","15 tahun","","","","","","","","","","","","","","","","","","","","","","","","","","","","","","","","","","","","","","","","","","SITI NUR HASIRA BINTI MUHAMMADUN","B-02-14","Perempuan","MALAM (8.00 MALAM - 10.00 MALAM)","KELAS TUISYEN","","","","","","","","","","","","","","",""
"2026/04/02 8:11:37 pm GMT+8","17 tahun","","","","","","","","","","","","","","","","","","","","","","","","","","","","","","","","","","","","","","","","","","","","","","","","","","","","SHAIRAH BINTI ROSLAN","C-11-17","Perempuan","MALAM (8.00 MALAM - 10.00 MALAM)","KELAS TUISYEN","","","","",""
"2026/04/02 8:21:51 pm GMT+8","16 tahun","","","","","","","","","","","","","","","","","","","","","","","","","","","","","","","","","","","","","","","","","","","","","","","ADAM ZAKRY BIN ZUL AMALI","B-13-10","Lelaki","MALAM (8.00 MALAM - 10.00 MALAM)","KELAS TUISYEN","","","","","","","","","",""
"2026/04/02 8:22:35 pm GMT+8","17 tahun","","","","","","","","","","","","","","","","","","","","","","","","","","","","","","","","","","","","","","","","","","","","","","","","","","","","NUR QASEH QAISARA BINTI ABD RAHIM","A-04-10","Perempuan","MALAM (8.00 MALAM - 10.00 MALAM)","KELAS TUISYEN","","","","",""
"2026/04/02 8:31:12 pm GMT+8","13 tahun","","","","","","","","","","","","","","","","","","","","","","","","","","","","","","","","MUHAMAD RAMADAN BN MUHAMADUN","B-02-14","Lelaki","MALAM (8.00 MALAM - 10.00 MALAM)","AKTIVITI SANTAI","","","","","","","","","","","","","","","","","","","","","","","","",""
"2026/04/02 8:34:37 pm GMT+8","16 tahun","","","","","","","","","","","","","","","","","","","","","","","","","","","","","","","","","","","","","","","","","","","","","","","MOHAMAD AZRUL AZIEM BIN HISHAM","B-13-12","Lelaki","MALAM (8.00 MALAM - 10.00 MALAM)","KELAS TUISYEN","","","","","","","","","",""
"2026/04/03 3:01:30 pm GMT+8","11 tahun","","","","","","","","","","","","","","","","","","","","","","QASEH NUR ZAHRA BIN KAMA","A-07-05","Perempuan","PETANG (3.00 PETANG - 6.30 PETANG)","AKTIVITI SANTAI","","","","","","","","","","","","","","","","","","","","","","","","","","","","","","","","","","",""
"2026/04/03 3:02:41 pm GMT+8","11 tahun","","","","","","","","","","","","","","","","","","","","","","Nur Aneesa Ilyana Binti Mazli","A-06-08","Perempuan","PETANG (3.00 PETANG - 6.30 PETANG)","AKTIVITI SANTAI","","","","","","","","","","","","","","","","","","","","","","","","","","","","","","","","","","",""
"2026/04/03 3:03:04 pm GMT+8","9 tahun","","","","","","","","","","","","NUR AAIRA ILYANA BINTI MAZLI","A-06-08","Perempuan","PETANG (3.00 PETANG - 6.30 PETANG)","AKTIVITI SANTAI","","","","","","","","","","","","","","","","","","","","","","","","","","","","","","","","","","","","","","","","","","","","",""
"2026/04/03 3:03:27 pm GMT+8","10 tahun","","","","","","","","","","","","","","","","","MUHAMMAD HAFIZAN BIN MUHAMAD FAIZAN","B-04-06","Lelaki","PETANG (3.00 PETANG - 6.30 PETANG)","PERMAINAN KOMPUTER","","","","","","","","","","","","","","","","","","","","","","","","","","","","","","","","","","","","","","","",""
"2026/04/03 3:03:59 pm GMT+8","15 tahun","","","","","","","","","","","","","","","","","","","","","","","","","","","","","","","","","","","","","","","","","","ARIF DANIEL BIN FAIZUL AZLI","B-13-06","Lelaki","PETANG (3.00 PETANG - 6.30 PETANG)","AKTIVITI SANTAI","","","","","","","","","","","","","","",""
"2026/04/03 3:44:33 pm GMT+8","15 tahun","","","","","","","","","","","","","","","","","","","","","","","","","","","","","","","","","","","","","","","","","","SITI NUR HASIRA BINTI MUHAMMADUN","B-02-14","Perempuan","PETANG (3.00 PETANG - 6.30 PETANG)","AKTIVITI SANTAI","","","","","","","","","","","","","","",""
"2026/04/03 3:45:23 pm GMT+8","13 tahun","","","","","","","","","","","","","","","","","","","","","","","","","","","","","","","","MOHAMMAD ZHARR RAYYAN BIN HALIM","C-14-07","Lelaki","PETANG (3.00 PETANG - 6.30 PETANG)","AKTIVITI SANTAI","","","","","","","","","","","","","","","","","","","","","","","","",""
"2026/04/03 4:15:32 pm GMT+8","13 tahun","","","","","","","","","","","","","","","","","","","","","","","","","","","","","","","","MUHAMAD QHAIRIL BIN MOHD KHAIRUL ANUAR","B-13-19","Lelaki","PETANG (3.00 PETANG - 6.30 PETANG)","AKTIVITI SANTAI","","","","","","","","","","","","","","","","","","","","","","","","",""
"2026/04/03 4:57:15 pm GMT+8","13 tahun","","","","","","","","","","","","","","","","","","","","","","","","","","","","","","","","Aiman","A","Lelaki","PETANG (3.00 PETANG - 6.30 PETANG)","AKTIVITI SANTAI","","","","","","","","","","","","","","","","","","","","","","","","",""
"2026/04/03 4:57:54 pm GMT+8","11 tahun","","","","","","","","","","","","","","","","","","","","","","Muhammad khasyi qaiser","B-15-08","Lelaki","PETANG (3.00 PETANG - 6.30 PETANG)","AKTIVITI SANTAI","","","","","","","","","","","","","","","","","","","","","","","","","","","","","","","","","","",""
"2026/04/03 6:04:48 pm GMT+8","17 tahun","","","","","","","","","","","","","","","","","","","","","","","","","","","","","","","","","","","","","","","","","","","","","","","","","","","","MOHAMAD AZRUL AZRAI BIN HISHAM","B-13-12","Lelaki","PETANG (3.00 PETANG - 6.30 PETANG)","AKITIVITI SANTAI","","","","",""
"2026/04/03 8:01:45 pm GMT+8","11 tahun","","","","","","","","","","","","","","","","","","","","","","QASEH NUR ZAHRA BIN KAMA","A-07-05","Perempuan","MALAM (8.00 MALAM - 10.00 MALAM)","AKTIVITI SANTAI","","","","","","","","","","","","","","","","","","","","","","","","","","","","","","","","","","",""
"2026/04/03 8:02:22 pm GMT+8","12 tahun","","","","","","","","","","","","","","","","","","","","","","","","","","","NUR KHAIRUNNI AZZALEA BINTI AZLAN SHAH","B-15-08","Perempuan","MALAM (8.00 MALAM - 10.00 MALAM)","AKTIVITI SANTAI","","","","","","","","","","","","","","","","","","","","","","","","","","","","","",""
"2026/04/03 8:02:42 pm GMT+8","10 tahun","","","","","","","","","","","","","","","","","MUHAMMAD HAFIZAN BIN MUHAMAD FAIZAN","B-04-06","Lelaki","MALAM (8.00 MALAM - 10.00 MALAM)","PERMAINAN KOMPUTER","","","","","","","","","","","","","","","","","","","","","","","","","","","","","","","","","","","","","","","",""
"2026/04/03 8:03:29 pm GMT+8","11 tahun","","","","","","","","","","","","","","","","","","","","","","MUHAMMAD KHASYI QAISER","B-15-08","Lelaki","MALAM (8.00 MALAM - 10.00 MALAM)","AKTIVITI SANTAI","","","","","","","","","","","","","","","","","","","","","","","","","","","","","","","","","","",""
"2026/04/03 8:04:04 pm GMT+8","11 tahun","","","","","","","","","","","","","","","","","","","","","","MUHAMMAD AQIL AMRULLAH BIN MUHAMMAD AZEMI","C-11-01","Lelaki","MALAM (8.00 MALAM - 10.00 MALAM)","AKTIVITI SANTAI","","","","","","","","","","","","","","","","","","","","","","","","","","","","","","","","","","",""
"2026/04/03 8:07:20 pm GMT+8","11 tahun","","","","","","","","","","","","","","","","","","","","","","SUHAILA HANIFA BINTI MUHAMMADUN","B-02-14","Perempuan","MALAM (8.00 MALAM - 10.00 MALAM)","AKTIVITI SANTAI","","","","","","","","","","","","","","","","","","","","","","","","","","","","","","","","","","",""
"2026/04/03 8:08:05 pm GMT+8","13 tahun","","","","","","","","","","","","","","","","","","","","","","","","","","","","","","","","QASEH NUR SALINA","A-07-05","Perempuan","MALAM (8.00 MALAM - 10.00 MALAM)","MENONTON TELEVISYEN","","","","","","","","","","","","","","","","","","","","","","","","",""
"2026/04/03 8:09:17 pm GMT+8","13 tahun","","","","","","","","","","","","","","","","","","","","","","","","","","","","","","","","MUHAMMAD SHAHIR HAIKAL BIN ROSLAN","C-11-17","Lelaki","MALAM (8.00 MALAM - 10.00 MALAM)","AKTIVITI SANTAI","","","","","","","","","","","","","","","","","","","","","","","","",""
"2026/04/03 8:09:44 pm GMT+8","13 tahun","","","","","","","","","","","","","","","","","","","","","","","","","","","","","","","","MUHAMMAD SAFUANAJMIN BIN JASMI","B-05-12","Lelaki","PETANG (3.00 PETANG - 6.30 PETANG)","AKTIVITI SANTAI","","","","","","","","","","","","","","","","","","","","","","","","",""
"2026/04/03 8:10:36 pm GMT+8","15 tahun","","","","","","","","","","","","","","","","","","","","","","","","","","","","","","","","","","","","","","","","","","ARIF DANIEL BIN FAIZUL AZLI","B-13-06","Lelaki","MALAM (8.00 MALAM - 10.00 MALAM)","AKTIVITI SANTAI","","","","","","","","","","","","","","",""
"2026/04/03 8:11:59 pm GMT+8","13 tahun","","","","","","","","","","","","","","","","","","","","","","","","","","","","","","","","MUHAMAD QHAIRIL BIN MOHD KHAIRUL ANUAR","B-13-19","Lelaki","PETANG (3.00 PETANG - 6.30 PETANG)","AKTIVITI SANTAI","","","","","","","","","","","","","","","","","","","","","","","","",""
"2026/04/03 8:12:58 pm GMT+8","15 tahun","","","","","","","","","","","","","","","","","","","","","","","","","","","","","","","","","","","","","","","","","","SITI NUR HASIRA BINTI MUHAMMADUN","B-02-14","Perempuan","MALAM (8.00 MALAM - 10.00 MALAM)","MENONTON TELEVISYEN","","","","","","","","","","","","","","",""
"2026/04/03 8:15:13 pm GMT+8","12 tahun","","","","","","","","","","","","","","","","","","","","","","","","","","","KHARUL SYAFIQ","C-8-10","Lelaki","MALAM (8.00 MALAM - 10.00 MALAM)","AKTIVITI SANTAI","","","","","","","","","","","","","","","","","","","","","","","","","","","","","",""
"2026/04/03 8:17:20 pm GMT+8","7 tahun ke bawah","QASEH NUR HIDAYAH BINTI KAMA","4tahun ","A-07-05","Perempuan","MALAM (8.00 MALAM - 10.00 MALAM)","MENONTON TELEVISYEN","","","","","","","","","","","","","","","","","","","","","","","","","","","","","","","","","","","","","","","","","","","","","","","","","","","","","","",""
"2026/04/03 8:20:59 pm GMT+8","15 tahun","","","","","","","","","","","","","","","","","","","","","","","","","","","","","","","","","","","","","","","","","","NOR DAMIA FATIN BINTI GHAFFAR","C-06-10","Perempuan","MALAM (8.00 MALAM - 10.00 MALAM)","AKTIVITI SANTAI","","","","","","","","","","","","","","",""
"2026/04/03 8:21:35 pm GMT+8","13 tahun","","","","","","","","","","","","","","","","","","","","","","","","","","","","","","","","MUHAMAD RAMADAN BN MUHAMADUN","B-02-14","Lelaki","MALAM (8.00 MALAM - 10.00 MALAM)","AKTIVITI SANTAI","","","","","","","","","","","","","","","","","","","","","","","","",""
"2026/04/03 8:22:19 pm GMT+8","17 tahun","","","","","","","","","","","","","","","","","","","","","","","","","","","","","","","","","","","","","","","","","","","","","","","","","","","","MOHAMAD AZRUL AZRAI BIN HISHAM","B-13-12","Lelaki","MALAM (8.00 MALAM - 10.00 MALAM)","AKITIVITI SANTAI","","","","",""
"2026/04/03 8:23:31 pm GMT+8","15 tahun","","","","","","","","","","","","","","","","","","","","","","","","","","","","","","","","","","","","","","","","","","MUHAMMAD HARRAZ SAUQI BIN KAMA","A-07-05","Lelaki","MALAM (8.00 MALAM - 10.00 MALAM)","AKTIVITI SANTAI","","","","","","","","","","","","","","",""
"2026/04/03 8:24:43 pm GMT+8","18 tahun ke atas","","","","","","","","","","","","","","","","","","","","","","","","","","","","","","","","","","","","","","","","","","","","","","","","","","","","","","","","","MUHD IRFAN BIN ABDUL RAFI","Lelaki","B-7-03","MALAM ( 8.00 MALAM - 10.00 MALAM)","AKTIVITI SANTAI"
"2026/04/03 8:50:30 pm GMT+8","9 tahun","","","","","","","","","","","","NUR AAIRA ILYANA BINTI MAZLI","A-06-08","Perempuan","MALAM (8.00 MALAM - 10.00 MALAM)","AKTIVITI SANTAI","","","","","","","","","","","","","","","","","","","","","","","","","","","","","","","","","","","","","","","","","","","","",""
"2026/04/03 8:51:07 pm GMT+8","11 tahun","","","","","","","","","","","","","","","","","","","","","","Nur Aneesa Ilyana Binti Mazli","A-06-08","Perempuan","MALAM (8.00 MALAM - 10.00 MALAM)","AKTIVITI SANTAI","","","","","","","","","","","","","","","","","","","","","","","","","","","","","","","","","","",""
"2026/04/06 3:33:57 pm GMT+8","13 tahun","","","","","","","","","","","","","","","","","","","","","","","","","","","","","","","","MUHD IBAD AMSYAR","B-02-14","Lelaki","PETANG (3.00 PETANG - 6.30 PETANG)","AKTIVITI SANTAI","","","","","","","","","","","","","","","","","","","","","","","","",""
"2026/04/06 3:34:33 pm GMT+8","8 tahun","","","","","","","MUHAMAD AYAS BN MUHAMADUN","B-02-14","Lelaki","PETANG (3.00 PETANG - 6.30 PETANG)","PERMAINAN KOMPUTER","","","","","","","","","","","","","","","","","","","","","","","","","","","","","","","","","","","","","","","","","","","","","","","","","",""
"2026/04/06 3:35:14 pm GMT+8","15 tahun","","","","","","","","","","","","","","","","","","","","","","","","","","","","","","","","","","","","","","","","","","ARIF DANIEL BIN FAIZUL AZLI","B-13-06","Lelaki","PETANG (3.00 PETANG - 6.30 PETANG)","AKTIVITI SANTAI","","","","","","","","","","","","","","",""
"2026/04/06 4:27:52 pm GMT+8","11 tahun","","","","","","","","","","","","","","","","","","","","","","SUHAILA HANIFA BINTI MUHAMMADUN","B-02-14","Perempuan","PETANG (3.00 PETANG - 6.30 PETANG)","AKTIVITI SANTAI","","","","","","","","","","","","","","","","","","","","","","","","","","","","","","","","","","",""
"2026/04/06 5:00:11 pm GMT+8","7 tahun ke bawah","NUR ZARA AULIA BINTI MUHAMADUN","5","B-02-14","Perempuan","PETANG (3.00 PETANG - 6.30 PETANG)","AKTIVITI SANTAI","","","","","","","","","","","","","","","","","","","","","","","","","","","","","","","","","","","","","","","","","","","","","","","","","","","","","","",""
"2026/04/06 5:00:58 pm GMT+8","7 tahun ke bawah","Zada faqihah binti muhammadun","3","B-02-14","Perempuan","PETANG (3.00 PETANG - 6.30 PETANG)","AKTIVITI SANTAI","","","","","","","","","","","","","","","","","","","","","","","","","","","","","","","","","","","","","","","","","","","","","","","","","","","","","","",""
"2026/04/06 5:01:16 pm GMT+8","15 tahun","","","","","","","","","","","","","","","","","","","","","","","","","","","","","","","","","","","","","","","","","","SITI NUR HASIRA BINTI MUHAMMADUN","B-02-14","Perempuan","PETANG (3.00 PETANG - 6.30 PETANG)","AKTIVITI SANTAI","","","","","","","","","","","","","","",""
"2026/04/06 5:01:45 pm GMT+8","12 tahun","","","","","","","","","","","","","","","","","","","","","","","","","","","MUHAMMAD RAYYAN ADAM","B-17-14","Lelaki","PETANG (3.00 PETANG - 6.30 PETANG)","AKTIVITI SANTAI","","","","","","","","","","","","","","","","","","","","","","","","","","","","","",""
"2026/04/06 5:31:29 pm GMT+8","16 tahun","","","","","","","","","","","","","","","","","","","","","","","","","","","","","","","","","","","","","","","","","","","","","","","ADAM ZAKRY BIN ZUL AMALI","B-13-10","Lelaki","PETANG (3.00 PETANG - 6.30 PETANG)","AKTIVITI SANTAI","","","","","","","","","",""
"2026/04/06 5:31:55 pm GMT+8","15 tahun","","","","","","","","","","","","","","","","","","","","","","","","","","","","","","","","","","","","","","","","","","MUHAMMAD HARRAZ SAUQI BIN KAMA","A-06-07","Lelaki","PETANG (3.00 PETANG - 6.30 PETANG)","AKTIVITI SANTAI","","","","","","","","","","","","","","",""
"2026/04/06 5:46:23 pm GMT+8","17 tahun","","","","","","","","","","","","","","","","","","","","","","","","","","","","","","","","","","","","","","","","","","","","","","","","","","","","LUTH MIKHAIL BIN AHMAD NOOR","C-09-20","Lelaki","PETANG (3.00 PETANG - 6.30 PETANG)","AKITIVITI SANTAI","","","","",""
"2026/04/06 8:07:17 pm GMT+8","13 tahun","","","","","","","","","","","","","","","","","","","","","","","","","","","","","","","","MUHAMMAD SAFUANAJMIN BIN JASMI","B-05-12","Lelaki","PETANG (3.00 PETANG - 6.30 PETANG)","AKTIVITI SANTAI","","","","","","","","","","","","","","","","","","","","","","","","",""
"2026/04/06 8:07:54 pm GMT+8","13 tahun","","","","","","","","","","","","","","","","","","","","","","","","","","","","","","","","MUHAMAD RAMADAN BN MUHAMADUN","B-02-14","Lelaki","MALAM (8.00 MALAM - 10.00 MALAM)","AKTIVITI SANTAI","","","","","","","","","","","","","","","","","","","","","","","","",""
"2026/04/06 8:28:56 pm GMT+8","13 tahun","","","","","","","","","","","","","","","","","","","","","","","","","","","","","","","","MUHAMAD QHAIRIL BIN MOHD KHAIRUL ANUAR","B-13-19","Lelaki","PETANG (3.00 PETANG - 6.30 PETANG)","AKTIVITI SANTAI","","","","","","","","","","","","","","","","","","","","","","","","",""
"2026/04/06 8:29:21 pm GMT+8","13 tahun","","","","","","","","","","","","","","","","","","","","","","","","","","","","","","","","QASEH NUR SALINA","A-07-05","Perempuan","MALAM (8.00 MALAM - 10.00 MALAM)","AKTIVITI SANTAI","","","","","","","","","","","","","","","","","","","","","","","","",""
"2026/04/06 8:30:12 pm GMT+8","11 tahun","","","","","","","","","","","","","","","","","","","","","","Nur Aneesa Ilyana Binti Mazli","A-06-08","Perempuan","MALAM (8.00 MALAM - 10.00 MALAM)","AKTIVITI SANTAI","","","","","","","","","","","","","","","","","","","","","","","","","","","","","","","","","","",""
"2026/04/06 8:30:33 pm GMT+8","7 tahun ke bawah","QASEH NUR HIDAYAH BINTI KAMA","4 bulan","A-07-05","Perempuan","MALAM (8.00 MALAM - 10.00 MALAM)","AKTIVITI SANTAI","","","","","","","","","","","","","","","","","","","","","","","","","","","","","","","","","","","","","","","","","","","","","","","","","","","","","","",""
"2026/04/06 8:31:08 pm GMT+8","13 tahun","","","","","","","","","","","","","","","","","","","","","","","","","","","","","","","","Aiman","A-11-06","Lelaki","MALAM (8.00 MALAM - 10.00 MALAM)","AKTIVITI SANTAI","","","","","","","","","","","","","","","","","","","","","","","","",""
"2026/04/06 8:33:56 pm GMT+8","12 tahun","","","","","","","","","","","","","","","","","","","","","","","","","","","MOHAMED ADAM DANIAL BIN MOHD NASIR","B-15-18","Lelaki","MALAM (8.00 MALAM - 10.00 MALAM)","AKTIVITI SANTAI","","","","","","","","","","","","","","","","","","","","","","","","","","","","","",""
"2026/04/06 8:36:19 pm GMT+8","15 tahun","","","","","","","","","","","","","","","","","","","","","","","","","","","","","","","","","","","","","","","","","","SITI NUR HASIRA BINTI MUHAMMADUN","B-02-14","Perempuan","MALAM (8.00 MALAM - 10.00 MALAM)","AKTIVITI SANTAI","","","","","","","","","","","","","","",""
"2026/04/06 9:34:30 pm GMT+8","17 tahun","","","","","","","","","","","","","","","","","","","","","","","","","","","","","","","","","","","","","","","","","","","","","","","","","","","","MOHAMAD AZRUL AZRAI BIN HISHAM","B-13-12","Lelaki","MALAM (8.00 MALAM - 10.00 MALAM)","AKITIVITI SANTAI","","","","",""
"2026/04/07 3:01:34 pm GMT+8","11 tahun","","","","","","","","","","","","","","","","","","","","","","QASEH NUR ZAHRA BIN KAMA","A-07-05","Perempuan","PETANG (3.00 PETANG - 6.30 PETANG)","AKTIVITI SANTAI","","","","","","","","","","","","","","","","","","","","","","","","","","","","","","","","","","",""
"2026/04/07 3:02:39 pm GMT+8","11 tahun","","","","","","","","","","","","","","","","","","","","","","Nur Aneesa Ilyana Binti Mazli","A-06-08","Perempuan","PETANG (3.00 PETANG - 6.30 PETANG)","AKTIVITI SANTAI","","","","","","","","","","","","","","","","","","","","","","","","","","","","","","","","","","",""
"2026/04/07 3:03:00 pm GMT+8","11 tahun","","","","","","","","","","","","","","","","","","","","","","NUR AFIRA RAISYA BIN MUHAMAD FAIZAL","B-10-18","Perempuan","PETANG (3.00 PETANG - 6.30 PETANG)","AKTIVITI SANTAI","","","","","","","","","","","","","","","","","","","","","","","","","","","","","","","","","","",""
"2026/04/07 3:03:36 pm GMT+8","11 tahun","","","","","","","","","","","","","","","","","","","","","","SUHAILA HANIFA BINTI MUHAMMADUN","B-02-14","Perempuan","PETANG (3.00 PETANG - 6.30 PETANG)","AKTIVITI SANTAI","","","","","","","","","","","","","","","","","","","","","","","","","","","","","","","","","","",""
"2026/04/07 3:04:04 pm GMT+8","15 tahun","","","","","","","","","","","","","","","","","","","","","","","","","","","","","","","","","","","","","","","","","","ARIF DANIEL BIN FAIZUL AZLI","B-13-06","Lelaki","PETANG (3.00 PETANG - 6.30 PETANG)","AKTIVITI SANTAI","","","","","","","","","","","","","","",""
"2026/04/07 3:07:24 pm GMT+8","8 tahun","","","","","","","MUHAMAD AYAS BN MUHAMADUN","B-02-14","Lelaki","PETANG (3.00 PETANG - 6.30 PETANG)","PERMAINAN KOMPUTER","","","","","","","","","","","","","","","","","","","","","","","","","","","","","","","","","","","","","","","","","","","","","","","","","",""
"2026/04/07 3:09:35 pm GMT+8","13 tahun","","","","","","","","","","","","","","","","","","","","","","","","","","","","","","","","MUHAMAD RAMADAN BN MUHAMADUN","B-02-14","Lelaki","PETANG (3.00 PETANG - 6.30 PETANG)","AKTIVITI SANTAI","","","","","","","","","","","","","","","","","","","","","","","","",""
"2026/04/07 3:29:24 pm GMT+8","10 tahun","","","","","","","","","","","","","","","","","NUR ZAHIRA ARDHANI","B-5-17","Perempuan","PETANG (3.00 PETANG - 6.30 PETANG)","AKTIVITI SANTAI","","","","","","","","","","","","","","","","","","","","","","","","","","","","","","","","","","","","","","","",""
"2026/04/07 3:50:49 pm GMT+8","7 tahun ke bawah","NUR ZARA AULIA BINTI MUHAMADUN","5","B-02-14","Perempuan","PETANG (3.00 PETANG - 6.30 PETANG)","AKTIVITI MODUL","","","","","","","","","","","","","","","","","","","","","","","","","","","","","","","","","","","","","","","","","","","","","","","","","","","","","","",""
"2026/04/07 4:30:11 pm GMT+8","15 tahun","","","","","","","","","","","","","","","","","","","","","","","","","","","","","","","","","","","","","","","","","","SITI NUR HASIRA BINTI MUHAMMADUN","B-02-14","Perempuan","PETANG (3.00 PETANG - 6.30 PETANG)","AKTIVITI SANTAI","","","","","","","","","","","","","","",""
"2026/04/07 4:45:09 pm GMT+8","16 tahun","","","","","","","","","","","","","","","","","","","","","","","","","","","","","","","","","","","","","","","","","","","","","","","ADAM ZAKRY BIN ZUL AMALI","B-13-10","Lelaki","PETANG (3.00 PETANG - 6.30 PETANG)","AKTIVITI SANTAI","","","","","","","","","",""
"2026/04/07 4:45:38 pm GMT+8","15 tahun","","","","","","","","","","","","","","","","","","","","","","","","","","","","","","","","","","","","","","","","","","MUHAMMAD HARRAZ SAUQI BIN KAMA","A-07-05","Lelaki","PETANG (3.00 PETANG - 6.30 PETANG)","AKTIVITI SANTAI","","","","","","","","","","","","","","",""
"2026/04/07 4:47:01 pm GMT+8","1 tahun","Muhammad arjuna safwan","1 tahun","B-8-10","Lelaki","PETANG (3.00 PETANG - 6.30 PETANG)","AKTIVITI SANTAI","","","","","","","","","","","","","","","","","","","","","","","","","","","","","","","","","","","","","","","","","","","","","","","","","","","","","","",""
"2026/04/07 4:47:22 pm GMT+8","15 tahun","","","","","","","","","","","","","","","","","","","","","","","","","","","","","","","","","","","","","","","","","","MUHAMAD ARFAN AQIM BIN ARMAN","B-08-10","Lelaki","PETANG (3.00 PETANG - 6.30 PETANG)","AKTIVITI SANTAI","","","","","","","","","","","","","","",""
"2026/04/07 4:52:57 pm GMT+8","12 tahun","","","","","","","","","","","","","","","","","","","","","","","","","","","MOHAMED ADAM DANIAL BIN MOHD NASIR","B-15-18","Lelaki","PETANG (3.00 PETANG - 6.30 PETANG)","AKTIVITI SANTAI","","","","","","","","","","","","","","","","","","","","","","","","","","","","","",""
"2026/04/07 5:23:46 pm GMT+8","7 tahun ke bawah","ZADA FAQIHAH BINTI MUHAMMADUN","3","B-02-14","Perempuan","PETANG (3.00 PETANG - 6.30 PETANG)","AKTIVITI SANTAI","","","","","","","","","","","","","","","","","","","","","","","","","","","","","","","","","","","","","","","","","","","","","","","","","","","","","","",""
"2026/04/07 8:02:57 pm GMT+8","11 tahun","","","","","","","","","","","","","","","","","","","","","","QASEH NUR ZAHRA BIN KAMA","A-07-05","Perempuan","MALAM (8.00 MALAM - 10.00 MALAM)","AKTIVITI SANTAI","","","","","","","","","","","","","","","","","","","","","","","","","","","","","","","","","","",""
"2026/04/07 8:03:36 pm GMT+8","12 tahun","","","","","","","","","","","","","","","","","","","","","","","","","","","MOHAMED ADAM DANIAL BIN MOHD NASIR","B-15-18","Lelaki","MALAM (8.00 MALAM - 10.00 MALAM)","AKTIVITI SANTAI","","","","","","","","","","","","","","","","","","","","","","","","","","","","","",""
"2026/04/07 8:04:06 pm GMT+8","10 tahun","","","","","","","","","","","","","","","","","MUHAMMAD HAFIZAN BIN MUHAMAD FAIZAN","B-04-06","Lelaki","MALAM (8.00 MALAM - 10.00 MALAM)","PERMAINAN KOMPUTER","","","","","","","","","","","","","","","","","","","","","","","","","","","","","","","","","","","","","","","",""
"2026/04/07 8:04:44 pm GMT+8","11 tahun","","","","","","","","","","","","","","","","","","","","","","Nur Aneesa Ilyana Binti Mazli","A-06-08","Perempuan","MALAM (8.00 MALAM - 10.00 MALAM)","AKTIVITI SANTAI","","","","","","","","","","","","","","","","","","","","","","","","","","","","","","","","","","",""
"2026/04/07 8:20:30 pm GMT+8","13 tahun","","","","","","","","","","","","","","","","","","","","","","","","","","","","","","","","QASEH NUR SALINA","A-07-05","Perempuan","MALAM (8.00 MALAM - 10.00 MALAM)","AKTIVITI SANTAI","","","","","","","","","","","","","","","","","","","","","","","","",""
"2026/04/07 8:53:15 pm GMT+8","13 tahun","","","","","","","","","","","","","","","","","","","","","","","","","","","","","","","","MUHAMAD QHAIRIL BIN MOHD KHAIRUL ANUAR","B-13-19","Lelaki","MALAM (8.00 MALAM - 10.00 MALAM)","AKTIVITI SANTAI","","","","","","","","","","","","","","","","","","","","","","","","",""
"2026/04/07 9:03:07 pm GMT+8","17 tahun","","","","","","","","","","","","","","","","","","","","","","","","","","","","","","","","","","","","","","","","","","","","","","","","","","","","MUHAMMAD ALIFF FURQAN BIN LOKMAN","B-05-05","Lelaki","MALAM (8.00 MALAM - 10.00 MALAM)","KELAS TUISYEN","","","","",""
"2026/04/07 9:03:48 pm GMT+8","16 tahun","","","","","","","","","","","","","","","","","","","","","","","","","","","","","","","","","","","","","","","","","","","","","","","MOHAMAD AZRUL AZIEM BIN HISHAM","B-13-12","Lelaki","MALAM (8.00 MALAM - 10.00 MALAM)","LATIHAN MATEMATIK","","","","","","","","","",""
"2026/04/07 9:07:57 pm GMT+8","13 tahun","","","","","","","","","","","","","","","","","","","","","","","","","","","","","","","","MOHAMMAD ZHARR RAYYAN BIN HALIM","C-14-07","Lelaki","MALAM (8.00 MALAM - 10.00 MALAM)","AKTIVITI SANTAI","","","","","","","","","","","","","","","","","","","","","","","","",""
"2026/04/07 9:11:56 pm GMT+8","13 tahun","","","","","","","","","","","","","","","","","","","","","","","","","","","","","","","","MUHAMAD RAMADAN BN MUHAMADUN","B-02-14","Lelaki","MALAM (8.00 MALAM - 10.00 MALAM)","AKTIVITI SANTAI","","","","","","","","","","","","","","","","","","","","","","","","",""
"2026/04/07 9:24:21 pm GMT+8","13 tahun","","","","","","","","","","","","","","","","","","","","","","","","","","","","","","","","MUHAMMAD SHAHIR HAIKAL BIN ROSLAN","C-11-17","Lelaki","MALAM (8.00 MALAM - 10.00 MALAM)","AKTIVITI SANTAI","","","","","","","","","","","","","","","","","","","","","","","","",""
"2026/04/07 9:32:53 pm GMT+8","17 tahun","","","","","","","","","","","","","","","","","","","","","","","","","","","","","","","","","","","","","","","","","","","","","","","","","","","","MOHAMAD AZRUL AZRAI BIN HISHAM","B-13-12","Lelaki","MALAM (8.00 MALAM - 10.00 MALAM)","AKITIVITI SANTAI","","","","",""
"2026/04/07 9:33:38 pm GMT+8","16 tahun","","","","","","","","","","","","","","","","","","","","","","","","","","","","","","","","","","","","","","","","","","","","","","","ADAM ZAKRY BIN ZUL AMALI","B-13-10","Lelaki","MALAM (8.00 MALAM - 10.00 MALAM)","AKTIVITI SANTAI","","","","","","","","","",""
"2026/04/07 9:34:08 pm GMT+8","11 tahun","","","","","","","","","","","","","","","","","","","","","","SUHAILA HANIFA BINTI MUHAMMADUN","B-02-14","Perempuan","MALAM (8.00 MALAM - 10.00 MALAM)","AKTIVITI SANTAI","","","","","","","","","","","","","","","","","","","","","","","","","","","","","","","","","","",""
"2026/04/08 3:12:24 pm GMT+8","15 tahun","","","","","","","","","","","","","","","","","","","","","","","","","","","","","","","","","","","","","","","","","","ARIF DANIEL BIN FAIZUL AZLI","B-13-06","Lelaki","PETANG (3.00 PETANG - 6.30 PETANG)","AKTIVITI SANTAI","","","","","","","","","","","","","","",""
"2026/04/08 4:04:20 pm GMT+8","11 tahun","","","","","","","","","","","","","","","","","","","","","","SUHAILA HANIFA BINTI MUHAMMADUN","B-02-14","Perempuan","PETANG (3.00 PETANG - 6.30 PETANG)","MENONTON TELEVISYEN","","","","","","","","","","","","","","","","","","","","","","","","","","","","","","","","","","",""
"2026/04/08 4:23:10 pm GMT+8","10 tahun","","","","","","","","","","","","","","","","","NUR ZAHIRA ARDHANI","B-5-17","Perempuan","PETANG (3.00 PETANG - 6.30 PETANG)","AKTIVITI SANTAI","","","","","","","","","","","","","","","","","","","","","","","","","","","","","","","","","","","","","","","",""
"2026/04/08 5:11:04 pm GMT+8","11 tahun","","","","","","","","","","","","","","","","","","","","","","QASEH NUR ZAHRA BIN KAMA","A-07-05","Perempuan","PETANG (3.00 PETANG - 6.30 PETANG)","AKTIVITI SANTAI","","","","","","","","","","","","","","","","","","","","","","","","","","","","","","","","","","",""
"2026/04/08 5:11:41 pm GMT+8","11 tahun","","","","","","","","","","","","","","","","","","","","","","Nur Aneesa Ilyana Binti Mazli","A-06-08","Perempuan","PETANG (3.00 PETANG - 6.30 PETANG)","AKTIVITI SANTAI","","","","","","","","","","","","","","","","","","","","","","","","","","","","","","","","","","",""
"2026/04/08 5:20:35 pm GMT+8","12 tahun","","","","","","","","","","","","","","","","","","","","","","","","","","","MOHAMED ADAM DANIAL BIN MOHD NASIR","B-15-18","Lelaki","PETANG (3.00 PETANG - 6.30 PETANG)","AKTIVITI SANTAI","","","","","","","","","","","","","","","","","","","","","","","","","","","","","",""
"2026/04/08 5:21:41 pm GMT+8","13 tahun","","","","","","","","","","","","","","","","","","","","","","","","","","","","","","","","Aiman","A-11-06","Lelaki","PETANG (3.00 PETANG - 6.30 PETANG)","AKTIVITI SANTAI","","","","","","","","","","","","","","","","","","","","","","","","",""
"2026/04/08 5:35:11 pm GMT+8","15 tahun","","","","","","","","","","","","","","","","","","","","","","","","","","","","","","","","","","","","","","","","","","NOR DAMIA FATIN BINTI GHAFFAR","C-06-10","Perempuan","PETANG (3.00 PETANG - 6.30 PETANG)","AKTIVITI SANTAI","","","","","","","","","","","","","","",""
"2026/04/08 5:35:33 pm GMT+8","15 tahun","","","","","","","","","","","","","","","","","","","","","","","","","","","","","","","","","","","","","","","","","","NUR ALIA HUSNA BINTI ABDUL HADI","C-10-09","Perempuan","PETANG (3.00 PETANG - 6.30 PETANG)","AKTIVITI SANTAI","","","","","","","","","","","","","","",""
"2026/04/08 5:36:13 pm GMT+8","18 tahun ke atas","","","","","","","","","","","","","","","","","","","","","","","","","","","","","","","","","","","","","","","","","","","","","","","","","","","","","","","","","MAIZATULAKMA LISA AQILAH BINTI ABDULLAH","Perempuan","B-4-16","PETANG (3.00 PETANG - 6.30 PETANG","AKTIVITI SANTAI"
"2026/04/08 8:02:34 pm GMT+8","15 tahun","","","","","","","","","","","","","","","","","","","","","","","","","","","","","","","","","","","","","","","","","","ARIF DANIEL BIN FAIZUL AZLI","B-13-06","Lelaki","MALAM (8.00 MALAM - 10.00 MALAM)","AKTIVITI SANTAI","","","","","","","","","","","","","","",""
"2026/04/08 8:03:08 pm GMT+8","13 tahun","","","","","","","","","","","","","","","","","","","","","","","","","","","","","","","","MUHAMAD RAMADAN BN MUHAMADUN","B-02-14","Lelaki","MALAM (8.00 MALAM - 10.00 MALAM)","AKTIVITI SANTAI","","","","","","","","","","","","","","","","","","","","","","","","",""
"2026/04/08 8:03:37 pm GMT+8","13 tahun","","","","","","","","","","","","","","","","","","","","","","","","","","","","","","","","MUHAMMAD SAFUANAJMIN BIN JASMI","B-05-12","Lelaki","MALAM (8.00 MALAM - 10.00 MALAM)","AKTIVITI SANTAI","","","","","","","","","","","","","","","","","","","","","","","","",""
"2026/04/08 8:08:56 pm GMT+8","13 tahun","","","","","","","","","","","","","","","","","","","","","","","","","","","","","","","","QASEH NUR SALINA","A-07-05","Perempuan","MALAM (8.00 MALAM - 10.00 MALAM)","AKTIVITI SANTAI","","","","","","","","","","","","","","","","","","","","","","","","",""
"2026/04/08 8:09:33 pm GMT+8","11 tahun","","","","","","","","","","","","","","","","","","","","","","Nur Aneesa Ilyana Binti Mazli","A-06-08","Perempuan","MALAM (8.00 MALAM - 10.00 MALAM)","AKTIVITI SANTAI","","","","","","","","","","","","","","","","","","","","","","","","","","","","","","","","","","",""
"2026/04/08 8:10:50 pm GMT+8","12 tahun","","","","","","","","","","","","","","","","","","","","","","","","","","","MOHAMED ADAM DANIAL BIN MOHD NASIR","B-15-18","Lelaki","MALAM (8.00 MALAM - 10.00 MALAM)","AKTIVITI SANTAI","","","","","","","","","","","","","","","","","","","","","","","","","","","","","",""
"2026/04/08 8:26:46 pm GMT+8","15 tahun","","","","","","","","","","","","","","","","","","","","","","","","","","","","","","","","","","","","","","","","","","SITI NUR HASIRA BINTI MUHAMMADUN","B-02-14","Perempuan","MALAM (8.00 MALAM - 10.00 MALAM)","AKTIVITI SANTAI","","","","","","","","","","","","","","",""
"2026/04/08 8:27:27 pm GMT+8","13 tahun","","","","","","","","","","","","","","","","","","","","","","","","","","","","","","","","MUHAMMAD SHAHIR HAIKAL BIN ROSLAN","C-11-17","Lelaki","MALAM (8.00 MALAM - 10.00 MALAM)","AKTIVITI SANTAI","","","","","","","","","","","","","","","","","","","","","","","","",""
"2026/04/08 8:28:20 pm GMT+8","13 tahun","","","","","","","","","","","","","","","","","","","","","","","","","","","","","","","","MOHAMMAD ZHARR RAYYAN BIN HALIM","C-14-07","Lelaki","MALAM (8.00 MALAM - 10.00 MALAM)","AKTIVITI SANTAI","","","","","","","","","","","","","","","","","","","","","","","","",""
"2026/04/08 8:29:53 pm GMT+8","13 tahun","","","","","","","","","","","","","","","","","","","","","","","","","","","","","","","","Aiman","C-14-07","Lelaki","MALAM (8.00 MALAM - 10.00 MALAM)","AKTIVITI SANTAI","","","","","","","","","","","","","","","","","","","","","","","","",""
"2026/04/08 8:55:33 pm GMT+8","17 tahun","","","","","","","","","","","","","","","","","","","","","","","","","","","","","","","","","","","","","","","","","","","","","","","","","","","","LUTH MIKHAIL BIN AHMAD NOOR","C-09-20","Lelaki","MALAM (8.00 MALAM - 10.00 MALAM)","AKITIVITI SANTAI","","","","",""
"2026/04/08 9:12:38 pm GMT+8","13 tahun","","","","","","","","","","","","","","","","","","","","","","","","","","","","","","","","MUHAMAD QHAIRIL BIN MOHD KHAIRUL ANUAR","B-13-19","Lelaki","MALAM (8.00 MALAM - 10.00 MALAM)","AKTIVITI SANTAI","","","","","","","","","","","","","","","","","","","","","","","","",""
"2026/04/09 3:44:41 pm GMT+8","11 tahun","","","","","","","","","","","","","","","","","","","","","","Nur Aneesa Ilyana Binti Mazli","A-06-08","Perempuan","PETANG (3.00 PETANG - 6.30 PETANG)","AKTIVITI SANTAI","","","","","","","","","","","","","","","","","","","","","","","","","","","","","","","","","","",""
"2026/04/09 3:46:23 pm GMT+8","11 tahun","","","","","","","","","","","","","","","","","","","","","","NUR AFIRA RAISYA BIN MUHAMAD FAIZAL","B-10-18","Perempuan","PETANG (3.00 PETANG - 6.30 PETANG)","AKTIVITI SANTAI","","","","","","","","","","","","","","","","","","","","","","","","","","","","","","","","","","",""
"2026/04/09 3:46:47 pm GMT+8","11 tahun","","","","","","","","","","","","","","","","","","","","","","SUHAILA HANIFA BINTI MUHAMMADUN","B-02-14","Perempuan","PETANG (3.00 PETANG - 6.30 PETANG)","AKTIVITI SANTAI","","","","","","","","","","","","","","","","","","","","","","","","","","","","","","","","","","",""
"2026/04/09 3:48:29 pm GMT+8","10 tahun","","","","","","","","","","","","","","","","","NUR ZAHIRA ARDHANI","B-5-17","Perempuan","PETANG (3.00 PETANG - 6.30 PETANG)","AKTIVITI SANTAI","","","","","","","","","","","","","","","","","","","","","","","","","","","","","","","","","","","","","","","",""
"2026/04/09 4:17:41 pm GMT+8","15 tahun","","","","","","","","","","","","","","","","","","","","","","","","","","","","","","","","","","","","","","","","","","SITI NUR HASIRA BINTI MUHAMMADUN","B-02-14","Perempuan","PETANG (3.00 PETANG - 6.30 PETANG)","AKTIVITI SANTAI","","","","","","","","","","","","","","",""
"2026/04/09 4:40:28 pm GMT+8","12 tahun","","","","","","","","","","","","","","","","","","","","","","","","","","","MUHAMMAD SYAKIR MUKHRIZ BIN SHAHRILRIZAL","B-4-13","Lelaki","PETANG (3.00 PETANG - 6.30 PETANG)","LATIHAN MATEMATIK","","","","","","","","","","","","","","","","","","","","","","","","","","","","","",""
"2026/04/09 4:45:59 pm GMT+8","15 tahun","","","","","","","","","","","","","","","","","","","","","","","","","","","","","","","","","","","","","","","","","","ARIF DANIEL BIN FAIZUL AZLI","B-13-06","Lelaki","PETANG (3.00 PETANG - 6.30 PETANG)","AKTIVITI SANTAI","","","","","","","","","","","","","","",""
"2026/04/09 4:46:25 pm GMT+8","15 tahun","","","","","","","","","","","","","","","","","","","","","","","","","","","","","","","","","","","","","","","","","","MUHAMAD ARFAN AQIM BIN ARMAN","B-08-10","Lelaki","PETANG (3.00 PETANG - 6.30 PETANG)","AKTIVITI SANTAI","","","","","","","","","","","","","","",""
"2026/04/09 4:47:21 pm GMT+8","16 tahun","","","","","","","","","","","","","","","","","","","","","","","","","","","","","","","","","","","","","","","","","","","","","","","MOHAMAD AZRUL AZIEM BIN HISHAM","B-13-12","Lelaki","PETANG (3.00 PETANG - 6.30 PETANG)","AKTIVITI MODUL","","","","","","","","","",""
"2026/04/09 4:47:45 pm GMT+8","12 tahun","","","","","","","","","","","","","","","","","","","","","","","","","","","MUHAMMAD AZRUL AZIEB BIN HISHAM","B-13-12","Lelaki","PETANG (3.00 PETANG - 6.30 PETANG)","AKTIVITI SANTAI","","","","","","","","","","","","","","","","","","","","","","","","","","","","","",""
"2026/04/09 5:09:49 pm GMT+8","16 tahun","","","","","","","","","","","","","","","","","","","","","","","","","","","","","","","","","","","","","","","","","","","","","","","ADAM ZAKRY BIN ZUL AMALI","B-13-10","Lelaki","PETANG (3.00 PETANG - 6.30 PETANG)","AKTIVITI SANTAI","","","","","","","","","",""
"2026/04/09 5:34:39 pm GMT+8","13 tahun","","","","","","","","","","","","","","","","","","","","","","","","","","","","","","","","MUHAMAD QHAIRIL BIN MOHD KHAIRUL ANUAR","B-13-19","Lelaki","PETANG (3.00 PETANG - 6.30 PETANG)","AKTIVITI SANTAI","","","","","","","","","","","","","","","","","","","","","","","","",""
"2026/04/09 5:35:03 pm GMT+8","12 tahun","","","","","","","","","","","","","","","","","","","","","","","","","","","MOHAMED ADAM DANIAL BIN MOHD NASIR","B-15-18","Lelaki","PETANG (3.00 PETANG - 6.30 PETANG)","AKTIVITI SANTAI","","","","","","","","","","","","","","","","","","","","","","","","","","","","","",""
"2026/04/09 6:06:13 pm GMT+8","17 tahun","","","","","","","","","","","","","","","","","","","","","","","","","","","","","","","","","","","","","","","","","","","","","","","","","","","","MOHAMAD AZRUL AZRAI BIN HISHAM","B-13-12","Lelaki","PETANG (3.00 PETANG - 6.30 PETANG)","AKITIVITI SANTAI","","","","",""
"2026/04/09 8:06:00 pm GMT+8","13 tahun","","","","","","","","","","","","","","","","","","","","","","","","","","","","","","","","MUHAMAD RAMADAN BN MUHAMADUN","B-02-14","Lelaki","MALAM (8.00 MALAM - 10.00 MALAM)","AKTIVITI SANTAI","","","","","","","","","","","","","","","","","","","","","","","","",""
"2026/04/09 8:06:31 pm GMT+8","15 tahun","","","","","","","","","","","","","","","","","","","","","","","","","","","","","","","","","","","","","","","","","","SITI NUR HASIRA BINTI MUHAMMADUN","B-02-14","Perempuan","MALAM (8.00 MALAM - 10.00 MALAM)","KELAS TUISYEN","","","","","","","","","","","","","","",""
"2026/04/09 8:07:07 pm GMT+8","17 tahun","","","","","","","","","","","","","","","","","","","","","","","","","","","","","","","","","","","","","","","","","","","","","","","","","","","","SHAIRAH BINTI ROSLAN","C-11-17","Perempuan","MALAM (8.00 MALAM - 10.00 MALAM)","KELAS TUISYEN","","","","",""
"2026/04/09 8:07:31 pm GMT+8","17 tahun","","","","","","","","","","","","","","","","","","","","","","","","","","","","","","","","","","","","","","","","","","","","","","","","","","","","NUR QASEH QAISARA BINTI ABD RAHIM","A-04-10","Perempuan","MALAM (8.00 MALAM - 10.00 MALAM)","KELAS TUISYEN","","","","",""
"2026/04/09 8:08:58 pm GMT+8","16 tahun","","","","","","","","","","","","","","","","","","","","","","","","","","","","","","","","","","","","","","","","","","","","","","","ADAM ZAKRY BIN ZUL AMALI","B-13-10","Lelaki","PETANG (3.00 PETANG - 6.30 PETANG)","KELAS TUISYEN","","","","","","","","","",""
"2026/04/09 8:09:29 pm GMT+8","15 tahun","","","","","","","","","","","","","","","","","","","","","","","","","","","","","","","","","","","","","","","","","","MUHAMMAD HARRAZ SAUQI BIN KAMA","A-06-07","Lelaki","MALAM (8.00 MALAM - 10.00 MALAM)","KELAS TUISYEN","","","","","","","","","","","","","","",""
"2026/04/09 8:09:45 pm GMT+8","17 tahun","","","","","","","","","","","","","","","","","","","","","","","","","","","","","","","","","","","","","","","","","","","","","","","","","","","","MOHAMAD AZRUL AZRAI BIN HISHAM","B-13-12","Lelaki","MALAM (8.00 MALAM - 10.00 MALAM)","KELAS TUISYEN","","","","",""
"2026/04/09 8:10:01 pm GMT+8","17 tahun","","","","","","","","","","","","","","","","","","","","","","","","","","","","","","","","","","","","","","","","","","","","","","","","","","","","MUHAMMAD NAQIB IRHAS BIN RAMLAN","A-01-06","Lelaki","MALAM (8.00 MALAM - 10.00 MALAM)","KELAS TUISYEN","","","","",""
"2026/04/09 8:10:18 pm GMT+8","16 tahun","","","","","","","","","","","","","","","","","","","","","","","","","","","","","","","","","","","","","","","","","","","","","","","MOHAMAD AZRUL AZIEM BIN HISHAM","B-13-12","Lelaki","MALAM (8.00 MALAM - 10.00 MALAM)","KELAS TUISYEN","","","","","","","","","",""
"2026/04/09 8:10:48 pm GMT+8","17 tahun","","","","","","","","","","","","","","","","","","","","","","","","","","","","","","","","","","","","","","","","","","","","","","","","","","","","LUTH MIKHAIL BIN AHMAD NOOR","C-09-20","Lelaki","MALAM (8.00 MALAM - 10.00 MALAM)","KELAS TUISYEN","","","","",""
"2026/04/09 8:12:03 pm GMT+8","17 tahun","","","","","","","","","","","","","","","","","","","","","","","","","","","","","","","","","","","","","","","","","","","","","","","","","","","","MUHAMMAD ALIFF FURQAN BIN LOKMAN","B-05-05","Lelaki","MALAM (8.00 MALAM - 10.00 MALAM)","KELAS TUISYEN","","","","",""
"2026/04/09 8:21:26 pm GMT+8","14 tahun","","","","","","","","","","","","","","","","","","","","","","","","","","","","","","","","","","","","","MUHAMMAD AZRUL AZFAR BIN HISHAM","B-13-12","Lelaki","MALAM (8.00 MALAM - 10.00 MALAM)","AKTIVITI SANTAI","","","","","","","","","","","","","","","","","","","",""
"2026/04/09 8:52:06 pm GMT+8","15 tahun","","","","","","","","","","","","","","","","","","","","","","","","","","","","","","","","","","","","","","","","","","NUR ALIA HUSNA BINTI ABDUL HADI","C-10-09","Perempuan","MALAM (8.00 MALAM - 10.00 MALAM)","HOMEWORK CLUB","","","","","","","","","","","","","","",""
"2026/04/09 9:04:02 pm GMT+8","15 tahun","","","","","","","","","","","","","","","","","","","","","","","","","","","","","","","","","","","","","","","","","","NOR DAMIA FATIN BINTI GHAFFAR","C-06-10","Perempuan","MALAM (8.00 MALAM - 10.00 MALAM)","AKTIVITI SANTAI","","","","","","","","","","","","","","",""
"2026/04/09 9:06:17 pm GMT+8","16 tahun","","","","","","","","","","","","","","","","","","","","","","","","","","","","","","","","","","","","","","","","","","","","","","","SAIDATUL UMAIRAH BINTI MAD KHAIRI","C-6-1","Perempuan","MALAM (8.00 MALAM - 10.00 MALAM)","AKTIVITI SANTAI","","","","","","","","","",""
"2026/04/09 9:32:09 pm GMT+8","11 tahun","","","","","","","","","","","","","","","","","","","","","","SUHAILA HANIFA BINTI MUHAMMADUN","B-02-14","Perempuan","MALAM (8.00 MALAM - 10.00 MALAM)","AKTIVITI SANTAI","","","","","","","","","","","","","","","","","","","","","","","","","","","","","","","","","","",""
"2026/04/09 9:39:30 pm GMT+8","13 tahun","","","","","","","","","","","","","","","","","","","","","","","","","","","","","","","","MUHAMMAD SHAHIR HAIKAL BIN ROSLAN","C-11-17","Lelaki","MALAM (8.00 MALAM - 10.00 MALAM)","AKTIVITI SANTAI","","","","","","","","","","","","","","","","","","","","","","","","",""
"2026/04/09 9:40:12 pm GMT+8","13 tahun","","","","","","","","","","","","","","","","","","","","","","","","","","","","","","","","MOHAMMAD ZHARR RAYYAN BIN HALIM","C-14-07","Lelaki","MALAM (8.00 MALAM - 10.00 MALAM)","AKTIVITI SANTAI","","","","","","","","","","","","","","","","","","","","","","","","",""
"2026/04/09 9:42:44 pm GMT+8","13 tahun","","","","","","","","","","","","","","","","","","","","","","","","","","","","","","","","Muhammad shahaziq aiman bin hairi","A-11-06","Lelaki","MALAM (8.00 MALAM - 10.00 MALAM)","AKTIVITI SANTAI","","","","","","","","","","","","","","","","","","","","","","","","",""
"2026/04/10 3:01:19 pm GMT+8","11 tahun","","","","","","","","","","","","","","","","","","","","","","SUHAILA HANIFA BINTI MUHAMMADUN","B-02-14","Perempuan","PETANG (3.00 PETANG - 6.30 PETANG)","AKTIVITI SANTAI","","","","","","","","","","","","","","","","","","","","","","","","","","","","","","","","","","",""
"2026/04/10 3:01:44 pm GMT+8","9 tahun","","","","","","","","","","","","NUR AAIRA ILYANA BINTI MAZLI","A-06-08","Perempuan","PETANG (3.00 PETANG - 6.30 PETANG)","AKTIVITI SANTAI","","","","","","","","","","","","","","","","","","","","","","","","","","","","","","","","","","","","","","","","","","","","",""
"2026/04/10 3:02:10 pm GMT+8","9 tahun","","","","","","","","","","","","NUR SYAFIQAH MADIHAH BINTI SHAHRILRIZAL","B-04-13","Perempuan","PETANG (3.00 PETANG - 6.30 PETANG)","AKTIVITI SANTAI","","","","","","","","","","","","","","","","","","","","","","","","","","","","","","","","","","","","","","","","","","","","",""
"2026/04/10 3:02:38 pm GMT+8","15 tahun","","","","","","","","","","","","","","","","","","","","","","","","","","","","","","","","","","","","","","","","","","ARIF DANIEL BIN FAIZUL AZLI","B-13-06","Lelaki","PETANG (3.00 PETANG - 6.30 PETANG)","AKTIVITI SANTAI","","","","","","","","","","","","","","",""
"2026/04/10 3:31:23 pm GMT+8","13 tahun","","","","","","","","","","","","","","","","","","","","","","","","","","","","","","","","darwish","A-14-06","Lelaki","PETANG (3.00 PETANG - 6.30 PETANG)","AKTIVITI SANTAI","","","","","","","","","","","","","","","","","","","","","","","","",""
"2026/04/10 3:32:01 pm GMT+8","14 tahun","","","","","","","","","","","","","","","","","","","","","","","","","","","","","","","","","","","","","MUHAMMAD MUQRIZ ADAM BIN MOHD ZAMRI","C-04-14","Lelaki","PETANG (3.00 PETANG - 6.30 PETANG)","AKTIVITI SANTAI","","","","","","","","","","","","","","","","","","","",""
"2026/04/10 3:32:30 pm GMT+8","12 tahun","","","","","","","","","","","","","","","","","","","","","","","","","","","MUHAMMAD ARYAN NAIM BIN AZMI","A-04-09","Lelaki","PETANG (3.00 PETANG - 6.30 PETANG)","AKTIVITI SANTAI","","","","","","","","","","","","","","","","","","","","","","","","","","","","","",""
"2026/04/10 3:34:42 pm GMT+8","12 tahun","","","","","","","","","","","","","","","","","","","","","","","","","","","ISKANDAR BSK GARED","A1215","Lelaki","PETANG (3.00 PETANG - 6.30 PETANG)","PERMAINAN DALAMAN","","","","","","","","","","","","","","","","","","","","","","","","","","","","","",""
"2026/04/10 3:35:31 pm GMT+8","13 tahun","","","","","","","","","","","","","","","","","","","","","","","","","","","","","","","","ZHARIF SAFWAN","A 2 10","Lelaki","PETANG (3.00 PETANG - 6.30 PETANG)","PERMAINAN DALAMAN","","","","","","","","","","","","","","","","","","","","","","","","",""
"2026/04/10 3:51:08 pm GMT+8","10 tahun","","","","","","","","","","","","","","","","","MUHAMMAD HAFIZAN BIN MUHAMAD FAIZAN","B-04-06","Lelaki","PETANG (3.00 PETANG - 6.30 PETANG)","PERMAINAN KOMPUTER","","","","","","","","","","","","","","","","","","","","","","","","","","","","","","","","","","","","","","","",""
"2026/04/10 3:59:46 pm GMT+8","10 tahun","","","","","","","","","","","","","","","","","NUR ZAHIRA ARDHANI","B-5-17","Perempuan","PETANG (3.00 PETANG - 6.30 PETANG)","AKTIVITI SANTAI","","","","","","","","","","","","","","","","","","","","","","","","","","","","","","","","","","","","","","","",""
"2026/04/10 4:31:11 pm GMT+8","8 tahun","","","","","","","FIRASH IMAN","C-1-6","Lelaki","PETANG (3.00 PETANG - 6.30 PETANG)","AKTIVITI SANTAI","","","","","","","","","","","","","","","","","","","","","","","","","","","","","","","","","","","","","","","","","","","","","","","","","",""
"2026/04/10 5:01:31 pm GMT+8","15 tahun","","","","","","","","","","","","","","","","","","","","","","","","","","","","","","","","","","","","","","","","","","MUHAMAD ARFAN AQIM BIN ARMAN","B-08-10","Lelaki","PETANG (3.00 PETANG - 6.30 PETANG)","AKTIVITI SANTAI","","","","","","","","","","","","","","",""
"2026/04/10 5:02:06 pm GMT+8","15 tahun","","","","","","","","","","","","","","","","","","","","","","","","","","","","","","","","","","","","","","","","","","SITI NUR HASIRA BINTI MUHAMMADUN","B-02-14","Perempuan","PETANG (3.00 PETANG - 6.30 PETANG)","MENONTON TELEVISYEN","","","","","","","","","","","","","","",""
"2026/04/10 5:51:46 pm GMT+8","10 tahun","","","","","","","","","","","","","","","","","Boy","C-6-16","Lelaki","PETANG (3.00 PETANG - 6.30 PETANG)","PERMAINAN KOMPUTER","","","","","","","","","","","","","","","","","","","","","","","","","","","","","","","","","","","","","","","",""
"2026/04/10 5:53:41 pm GMT+8","9 tahun","","","","","","","","","","","","Ziyyad","C-5-7","Lelaki","PETANG (3.00 PETANG - 6.30 PETANG)","Takro","","","","","","","","","","","","","","","","","","","","","","","","","","","","","","","","","","","","","","","","","","","","",""
"2026/04/10 5:54:06 pm GMT+8","17 tahun","","","","","","","","","","","","","","","","","","","","","","","","","","","","","","","","","","","","","","","","","","","","","","","","","","","","MOHAMAD AZRUL AZRAI BIN HISHAM","B-13-12","Lelaki","PETANG (3.00 PETANG - 6.30 PETANG)","AKITIVITI SANTAI","","","","",""
"2026/04/10 8:05:04 pm GMT+8","13 tahun","","","","","","","","","","","","","","","","","","","","","","","","","","","","","","","","MUHAMAD RAMADAN BN MUHAMADUN","B-02-14","Lelaki","MALAM (8.00 MALAM - 10.00 MALAM)","AKTIVITI SANTAI","","","","","","","","","","","","","","","","","","","","","","","","",""
"2026/04/10 8:11:48 pm GMT+8","13 tahun","","","","","","","","","","","","","","","","","","","","","","","","","","","","","","","","QASEH NUR SALINA","A-07-05","Perempuan","MALAM (8.00 MALAM - 10.00 MALAM)","AKTIVITI SANTAI","","","","","","","","","","","","","","","","","","","","","","","","",""
"2026/04/10 8:12:14 pm GMT+8","7 tahun ke bawah","QASEH NUR HIDAYAH BINTI KAMA","4","A-07-05","Perempuan","MALAM (8.00 MALAM - 10.00 MALAM)","AKTIVITI SANTAI","","","","","","","","","","","","","","","","","","","","","","","","","","","","","","","","","","","","","","","","","","","","","","","","","","","","","","",""
"2026/04/10 8:19:19 pm GMT+8","13 tahun","","","","","","","","","","","","","","","","","","","","","","","","","","","","","","","","MUHAMMAD SHAHIR HAIKAL BIN ROSLAN","C-11-17","Lelaki","MALAM (8.00 MALAM - 10.00 MALAM)","AKTIVITI SANTAI","","","","","","","","","","","","","","","","","","","","","","","","",""
"2026/04/10 8:20:09 pm GMT+8","13 tahun","","","","","","","","","","","","","","","","","","","","","","","","","","","","","","","","Muhammad shahaziq aiman","A-11-06","Lelaki","MALAM (8.00 MALAM - 10.00 MALAM)","AKTIVITI SANTAI","","","","","","","","","","","","","","","","","","","","","","","","",""
"2026/04/10 8:20:41 pm GMT+8","15 tahun","","","","","","","","","","","","","","","","","","","","","","","","","","","","","","","","","","","","","","","","","","SITI NUR HASIRA BINTI MUHAMMADUN","B-02-14","Perempuan","MALAM (8.00 MALAM - 10.00 MALAM)","AKTIVITI SANTAI","","","","","","","","","","","","","","",""
"2026/04/10 8:21:26 pm GMT+8","13 tahun","","","","","","","","","","","","","","","","","","","","","","","","","","","","","","","","MOHAMMAD ZHARR RAYYAN BIN HALIM","C-14-07","Lelaki","MALAM (8.00 MALAM - 10.00 MALAM)","AKTIVITI SANTAI","","","","","","","","","","","","","","","","","","","","","","","","",""
"2026/04/10 8:22:13 pm GMT+8","11 tahun","","","","","","","","","","","","","","","","","","","","","","QASEH NUR ZAHRA BIN KAMA","A-07-05","Perempuan","MALAM (8.00 MALAM - 10.00 MALAM)","AKTIVITI SANTAI","","","","","","","","","","","","","","","","","","","","","","","","","","","","","","","","","","",""
"2026/04/10 8:23:06 pm GMT+8","9 tahun","","","","","","","","","","","","NUR AAIRA ILYANA BINTI MAZLI","A-06-08","Perempuan","MALAM (8.00 MALAM - 10.00 MALAM)","AKTIVITI SANTAI","","","","","","","","","","","","","","","","","","","","","","","","","","","","","","","","","","","","","","","","","","","","",""
"2026/04/10 8:23:42 pm GMT+8","9 tahun","","","","","","","","","","","","NUR SYAFIQAH MADIHAH BINTI SHAHRILRIZAL","B-04-13","Perempuan","MALAM (8.00 MALAM - 10.00 MALAM)","AKTIVITI SANTAI","","","","","","","","","","","","","","","","","","","","","","","","","","","","","","","","","","","","","","","","","","","","",""
"2026/04/10 8:24:09 pm GMT+8","11 tahun","","","","","","","","","","","","","","","","","","","","","","SUHAILA HANIFA BINTI MUHAMMADUN","B-02-14","Perempuan","MALAM (8.00 MALAM - 10.00 MALAM)","AKTIVITI SANTAI","","","","","","","","","","","","","","","","","","","","","","","","","","","","","","","","","","",""
"2026/04/10 8:25:18 pm GMT+8","7 tahun ke bawah","Nur zada fakihah","4 tahun","B-02-14","Perempuan","MALAM (8.00 MALAM - 10.00 MALAM)","LATIHAN MATEMATIK","","","","","","","","","","","","","","","","","","","","","","","","","","","","","","","","","","","","","","","","","","","","","","","","","","","","","","",""
"2026/04/10 8:27:01 pm GMT+8","11 tahun","","","","","","","","","","","","","","","","","","","","","","MUHAMMAD NUR IMAN BIN AZAHHAR","B-10-18","Lelaki","MALAM (8.00 MALAM - 10.00 MALAM)","HOMEWORK CLUB","","","","","","","","","","","","","","","","","","","","","","","","","","","","","","","","","","",""
"2026/04/10 8:28:23 pm GMT+8","13 tahun","","","","","","","","","","","","","","","","","","","","","","","","","","","","","","","","MUHAMMAD SAFUANAJMIN BIN JASMI","B-05-12","Lelaki","MALAM (8.00 MALAM - 10.00 MALAM)","AKTIVITI SANTAI","","","","","","","","","","","","","","","","","","","","","","","","",""
"2026/04/10 9:06:27 pm GMT+8","8 tahun","","","","","","","MUHAMAD AYAS BN MUHAMADUN","B-02-14","Lelaki","MALAM (8.00 MALAM - 10.00 MALAM)","PERMAINAN KOMPUTER","","","","","","","","","","","","","","","","","","","","","","","","","","","","","","","","","","","","","","","","","","","","","","","","","",""
"2026/04/13 3:01:03 pm GMT+8","15 tahun","","","","","","","","","","","","","","","","","","","","","","","","","","","","","","","","","","","","","","","","","","ARIF DANIEL BIN FAIZUL AZLI","B-13-06","Lelaki","PETANG (3.00 PETANG - 6.30 PETANG)","AKTIVITI SANTAI","","","","","","","","","","","","","","",""
"2026/04/13 3:03:20 pm GMT+8","8 tahun","","","","","","","MUHAMAD AYAS BN MUHAMADUN","B-02-14","Lelaki","PETANG (3.00 PETANG - 6.30 PETANG)","PERMAINAN KOMPUTER","","","","","","","","","","","","","","","","","","","","","","","","","","","","","","","","","","","","","","","","","","","","","","","","","",""
"2026/04/13 3:13:32 pm GMT+8","11 tahun","","","","","","","","","","","","","","","","","","","","","","SUHAILA HANIFA BINTI MUHAMMADUN","B-02-14","Perempuan","PETANG (3.00 PETANG - 6.30 PETANG)","AKTIVITI SANTAI","","","","","","","","","","","","","","","","","","","","","","","","","","","","","","","","","","",""
"2026/04/13 3:13:51 pm GMT+8","11 tahun","","","","","","","","","","","","","","","","","","","","","","QASEH NUR ZAHRA BIN KAMA","A-07-05","Perempuan","PETANG (3.00 PETANG - 6.30 PETANG)","AKTIVITI SANTAI","","","","","","","","","","","","","","","","","","","","","","","","","","","","","","","","","","",""
"2026/04/13 3:14:35 pm GMT+8","11 tahun","","","","","","","","","","","","","","","","","","","","","","NUR AFIRA RAISYA BIN MUHAMAD FAIZAL","B-10-18","Perempuan","PETANG (3.00 PETANG - 6.30 PETANG)","AKTIVITI SANTAI","","","","","","","","","","","","","","","","","","","","","","","","","","","","","","","","","","",""
"2026/04/13 3:16:29 pm GMT+8","11 tahun","","","","","","","","","","","","","","","","","","","","","","Nur aneesa ilyana","A-6-08","Perempuan","PETANG (3.00 PETANG - 6.30 PETANG)","AKTIVITI SANTAI","","","","","","","","","","","","","","","","","","","","","","","","","","","","","","","","","","",""
"2026/04/13 3:16:50 pm GMT+8","9 tahun","","","","","","","","","","","","NUR AAIRA ILYANA BINTI MAZLI","A-06-08","Perempuan","PETANG (3.00 PETANG - 6.30 PETANG)","AKTIVITI SANTAI","","","","","","","","","","","","","","","","","","","","","","","","","","","","","","","","","","","","","","","","","","","","",""
"2026/04/13 3:20:01 pm GMT+8","10 tahun","","","","","","","","","","","","","","","","","NUR ZAHIRA ARDHANI","B-5-17","Perempuan","PETANG (3.00 PETANG - 6.30 PETANG)","AKTIVITI SANTAI","","","","","","","","","","","","","","","","","","","","","","","","","","","","","","","","","","","","","","","",""
"2026/04/13 3:31:40 pm GMT+8","12 tahun","","","","","","","","","","","","","","","","","","","","","","","","","","","NUR KHAIRUNNIL AZZALEA BINTI AZLAN SHAH","B-15-08","Perempuan","PETANG (3.00 PETANG - 6.30 PETANG)","AKTIVITI SANTAI","","","","","","","","","","","","","","","","","","","","","","","","","","","","","",""
"2026/04/13 4:41:34 pm GMT+8","15 tahun","","","","","","","","","","","","","","","","","","","","","","","","","","","","","","","","","","","","","","","","","","MUHAMMAD HARRAZ SAUQI BIN KAMA","A-07-05","Lelaki","PETANG (3.00 PETANG - 6.30 PETANG)","AKTIVITI SANTAI","","","","","","","","","","","","","","",""
"2026/04/13 4:53:26 pm GMT+8","12 tahun","","","","","","","","","","","","","","","","","","","","","","","","","","","MUHAMMAD RAYYAN ADAM","B-17-14","Lelaki","PETANG (3.00 PETANG - 6.30 PETANG)","AKTIVITI SANTAI","","","","","","","","","","","","","","","","","","","","","","","","","","","","","",""
"2026/04/13 5:42:55 pm GMT+8","15 tahun","","","","","","","","","","","","","","","","","","","","","","","","","","","","","","","","","","","","","","","","","","MUHAMAD ARFAN AQIM BIN ARMAN","B-08-10","Lelaki","PETANG (3.00 PETANG - 6.30 PETANG)","AKTIVITI SANTAI","","","","","","","","","","","","","","",""
"2026/04/13 8:03:02 pm GMT+8","13 tahun","","","","","","","","","","","","","","","","","","","","","","","","","","","","","","","","MUHAMAD RAMADAN BN MUHAMADUN","B-02-14","Lelaki","MALAM (8.00 MALAM - 10.00 MALAM)","AKTIVITI SANTAI","","","","","","","","","","","","","","","","","","","","","","","","",""
"2026/04/13 8:03:56 pm GMT+8","13 tahun","","","","","","","","","","","","","","","","","","","","","","","","","","","","","","","","Muhammad shahaziq aiman","A-11-06","Lelaki","MALAM (8.00 MALAM - 10.00 MALAM)","AKTIVITI SANTAI","","","","","","","","","","","","","","","","","","","","","","","","",""
"2026/04/13 8:06:59 pm GMT+8","16 tahun","","","","","","","","","","","","","","","","","","","","","","","","","","","","","","","","","","","","","","","","","","","","","","","Saidatul Umairah binti Md Khairi","C-6-01","Perempuan","MALAM (8.00 MALAM - 10.00 MALAM)","HOMEWORK CLUB","","","","","","","","","",""
"2026/04/13 8:13:11 pm GMT+8","12 tahun","","","","","","","","","","","","","","","","","","","","","","","","","","","MOHAMED ADAM DANIAL BIN MOHD NASIR","B-15-18","Lelaki","MALAM (8.00 MALAM - 10.00 MALAM)","AKTIVITI SANTAI","","","","","","","","","","","","","","","","","","","","","","","","","","","","","",""
"2026/04/13 8:13:41 pm GMT+8","13 tahun","","","","","","","","","","","","","","","","","","","","","","","","","","","","","","","","MOHAMMAD ZHARR RAYYAN BIN HALIM","C-14-07","Lelaki","MALAM (8.00 MALAM - 10.00 MALAM)","AKTIVITI SANTAI","","","","","","","","","","","","","","","","","","","","","","","","",""
"2026/04/13 8:20:00 pm GMT+8","11 tahun","","","","","","","","","","","","","","","","","","","","","","QASEH NUR ZAHRA BIN KAMA","A-07-05","Perempuan","MALAM (8.00 MALAM - 10.00 MALAM)","AKTIVITI SANTAI","","","","","","","","","","","","","","","","","","","","","","","","","","","","","","","","","","",""
"2026/04/13 8:20:44 pm GMT+8","11 tahun","","","","","","","","","","","","","","","","","","","","","","NUR ANEESA ILYANA BINTI MAZLI","A-06-08","Perempuan","MALAM (8.00 MALAM - 10.00 MALAM)","AKTIVITI SANTAI","","","","","","","","","","","","","","","","","","","","","","","","","","","","","","","","","","",""
"2026/04/13 8:21:00 pm GMT+8","12 tahun","","","","","","","","","","","","","","","","","","","","","","","","","","","NUR MIZA ILYANA BINTI MAZLI","A-06-08","Perempuan","MALAM (8.00 MALAM - 10.00 MALAM)","KELAS TUISYEN","","","","","","","","","","","","","","","","","","","","","","","","","","","","","",""
"2026/04/13 8:21:53 pm GMT+8","12 tahun","","","","","","","","","","","","","","","","","","","","","","","","","","","ISMAHANI AFIA BINTI MUHAMAD YAMANI","B-04-15","Perempuan","MALAM (8.00 MALAM - 10.00 MALAM)","KELAS TUISYEN","","","","","","","","","","","","","","","","","","","","","","","","","","","","","",""
"2026/04/13 8:22:33 pm GMT+8","12 tahun","","","","","","","","","","","","","","","","","","","","","","","","","","","NURUL HAWA AMANI BINTI SULAIMAN","C-13-03","Perempuan","MALAM (8.00 MALAM - 10.00 MALAM)","KELAS TUISYEN","","","","","","","","","","","","","","","","","","","","","","","","","","","","","",""
"2026/04/13 8:23:04 pm GMT+8","12 tahun","","","","","","","","","","","","","","","","","","","","","","","","","","","NURATHIRA SYAHIRAH BINTI MOHAMAD","C-13-14","Perempuan","MALAM (8.00 MALAM - 10.00 MALAM)","KELAS TUISYEN","","","","","","","","","","","","","","","","","","","","","","","","","","","","","",""
"2026/04/13 8:29:25 pm GMT+8","12 tahun","","","","","","","","","","","","","","","","","","","","","","","","","","","MUHAMMAD AZRUL AZIEB BIN HISHAM","B-13-12","Lelaki","MALAM (8.00 MALAM - 10.00 MALAM)","KELAS TUISYEN","","","","","","","","","","","","","","","","","","","","","","","","","","","","","",""
"2026/04/13 8:30:19 pm GMT+8","12 tahun","","","","","","","","","","","","","","","","","","","","","","","","","","","MUHAMMAD TAUFIQ AL AMIN BIN MOHD RIZAN","B-08-08","Lelaki","MALAM (8.00 MALAM - 10.00 MALAM)","KELAS TUISYEN","","","","","","","","","","","","","","","","","","","","","","","","","","","","","",""
"2026/04/13 8:31:33 pm GMT+8","12 tahun","","","","","","","","","","","","","","","","","","","","","","","","","","","MUHD FARISH HAIQAL BIN MOHD FAAIRUZ","C-8-14","Lelaki","MALAM (8.00 MALAM - 10.00 MALAM)","PERMAINAN KOMPUTER","","","","","","","","","","","","","","","","","","","","","","","","","","","","","",""
"2026/04/13 8:32:43 pm GMT+8","11 tahun","","","","","","","","","","","","","","","","","","","","","","SUHAILA HANIFA BINTI MUHAMMADUN","B-02-14","Perempuan","MALAM (8.00 MALAM - 10.00 MALAM)","AKTIVITI SANTAI","","","","","","","","","","","","","","","","","","","","","","","","","","","","","","","","","","",""
"2026/04/13 8:33:55 pm GMT+8","15 tahun","","","","","","","","","","","","","","","","","","","","","","","","","","","","","","","","","","","","","","","","","","SITI NUR HASIRA BINTI MUHAMMADUN","B-02-14","Perempuan","MALAM (8.00 MALAM - 10.00 MALAM)","AKTIVITI SANTAI","","","","","","","","","","","","","","",""
"2026/04/13 8:47:43 pm GMT+8","17 tahun","","","","","","","","","","","","","","","","","","","","","","","","","","","","","","","","","","","","","","","","","","","","","","","","","","","","MOHAMAD AZRUL AZRAI BIN HISHAM","B-13-12","Lelaki","MALAM (8.00 MALAM - 10.00 MALAM)","AKITIVITI SANTAI","","","","",""
"2026/04/13 8:59:27 pm GMT+8","18 tahun ke atas","","","","","","","","","","","","","","","","","","","","","","","","","","","","","","","","","","","","","","","","","","","","","","","","","","","","","","","","","MAIZATULAKMA LISA AQILAH BINTI ABDULLAH","Perempuan","B-4-16","MALAM ( 8.00 MALAM - 10.00 MALAM)","AKTIVITI SANTAI"
"2026/04/13 9:00:09 pm GMT+8","16 tahun","","","","","","","","","","","","","","","","","","","","","","","","","","","","","","","","","","","","","","","","","","","","","","","ADAM ZAKRY BIN ZUL AMALI","B-13-10","Lelaki","MALAM (8.00 MALAM - 10.00 MALAM)","HOMEWORK CLUB","","","","","","","","","",""
"2026/04/13 9:57:40 pm GMT+8","17 tahun","","","","","","","","","","","","","","","","","","","","","","","","","","","","","","","","","","","","","","","","","","","","","","","","","","","","NUR QASEH QAISARA BINTI ABD RAHIM","A-04-10","Perempuan","MALAM (8.00 MALAM - 10.00 MALAM)","AKITIVITI SANTAI","","","","",""
"2026/04/14 3:01:01 pm GMT+8","15 tahun","","","","","","","","","","","","","","","","","","","","","","","","","","","","","","","","","","","","","","","","","","MUHAMMAD HARRAZ SAUQI BIN KAMA","A-07-05","Lelaki","PETANG (3.00 PETANG - 6.30 PETANG)","AKTIVITI SANTAI","","","","","","","","","","","","","","",""
"2026/04/14 3:01:38 pm GMT+8","12 tahun","","","","","","","","","","","","","","","","","","","","","","","","","","","MOHAMED ADAM DANIAL BIN MOHD NASIR","B-15-18","Lelaki","PETANG (3.00 PETANG - 6.30 PETANG)","AKTIVITI SANTAI","","","","","","","","","","","","","","","","","","","","","","","","","","","","","",""
"2026/04/14 3:02:02 pm GMT+8","11 tahun","","","","","","","","","","","","","","","","","","","","","","QASEH NUR ZAHRA BIN KAMA","A-07-05","Perempuan","PETANG (3.00 PETANG - 6.30 PETANG)","AKTIVITI SANTAI","","","","","","","","","","","","","","","","","","","","","","","","","","","","","","","","","","",""
"2026/04/14 3:02:25 pm GMT+8","11 tahun","","","","","","","","","","","","","","","","","","","","","","NUR ANEESA ILYANA BINTI MAZLI","A-06-08","Perempuan","PETANG (3.00 PETANG - 6.30 PETANG)","AKTIVITI SANTAI","","","","","","","","","","","","","","","","","","","","","","","","","","","","","","","","","","",""
"2026/04/14 3:03:46 pm GMT+8","13 tahun","","","","","","","","","","","","","","","","","","","","","","","","","","","","","","","","MUHAMAD QHAIRIL BIN MOHD KHAIRUL ANUAR","B-13-19","Lelaki","PETANG (3.00 PETANG - 6.30 PETANG)","AKTIVITI SANTAI","","","","","","","","","","","","","","","","","","","","","","","","",""
"2026/04/14 3:04:48 pm GMT+8","13 tahun","","","","","","","","","","","","","","","","","","","","","","","","","","","","","","","","Muhammad shahaziq aiman","A-11-06","Lelaki","PETANG (3.00 PETANG - 6.30 PETANG)","AKTIVITI SANTAI","","","","","","","","","","","","","","","","","","","","","","","","",""
"2026/04/14 3:06:34 pm GMT+8","10 tahun","","","","","","","","","","","","","","","","","NUR ZAHIRA ARDANI","B-5-17","Perempuan","PETANG (3.00 PETANG - 6.30 PETANG)","AKTIVITI SANTAI","","","","","","","","","","","","","","","","","","","","","","","","","","","","","","","","","","","","","","","",""
"2026/04/14 3:08:23 pm GMT+8","12 tahun","","","","","","","","","","","","","","","","","","","","","","","","","","","NUR KHAIRUNNIL AZZALEA BINTI AZLAN SHAH","B-15-08","Perempuan","PETANG (3.00 PETANG - 6.30 PETANG)","AKTIVITI SANTAI","","","","","","","","","","","","","","","","","","","","","","","","","","","","","",""
"2026/04/14 3:09:45 pm GMT+8","11 tahun","","","","","","","","","","","","","","","","","","","","","","MUHAMMAD KHASYI QAISER","B-15-08","Lelaki","PETANG (3.00 PETANG - 6.30 PETANG)","AKTIVITI SANTAI","","","","","","","","","","","","","","","","","","","","","","","","","","","","","","","","","","",""
"2026/04/14 3:10:40 pm GMT+8","15 tahun","","","","","","","","","","","","","","","","","","","","","","","","","","","","","","","","","","","","","","","","","","ARIF DANIEL BIN FAIZUL AZLI","B-13-06","Lelaki","PETANG (3.00 PETANG - 6.30 PETANG)","AKTIVITI SANTAI","","","","","","","","","","","","","","",""
"2026/04/14 3:17:16 pm GMT+8","13 tahun","","","","","","","","","","","","","","","","","","","","","","","","","","","","","","","","QASEH NUR SALINA","A-07-05","Perempuan","PETANG (3.00 PETANG - 6.30 PETANG)","AKTIVITI SANTAI","","","","","","","","","","","","","","","","","","","","","","","","",""
"2026/04/14 3:38:24 pm GMT+8","15 tahun","","","","","","","","","","","","","","","","","","","","","","","","","","","","","","","","","","","","","","","","","","NOR DAMIA FATIN BINTI GHAFFAR","C-06-10","Perempuan","PETANG (3.00 PETANG - 6.30 PETANG)","AKTIVITI SANTAI","","","","","","","","","","","","","","",""
"2026/04/14 4:06:34 pm GMT+8","15 tahun","","","","","","","","","","","","","","","","","","","","","","","","","","","","","","","","","","","","","","","","","","NUR ALIA HUSNA BINTI ABDUL HADI","C-10-09","Perempuan","PETANG (3.00 PETANG - 6.30 PETANG)","AKTIVITI SANTAI","","","","","","","","","","","","","","",""
"2026/04/14 4:41:03 pm GMT+8","11 tahun","","","","","","","","","","","","","","","","","","","","","","SUHAILA HANIFA BINTI MUHAMMADUN","B-02-14","Perempuan","PETANG (3.00 PETANG - 6.30 PETANG)","AKTIVITI SANTAI","","","","","","","","","","","","","","","","","","","","","","","","","","","","","","","","","","",""
"2026/04/14 4:45:25 pm GMT+8","11 tahun","","","","","","","","","","","","","","","","","","","","","","NUR AFIRA RAISYA BIN MUHAMAD FAIZAL","B-10-18","Perempuan","PETANG (3.00 PETANG - 6.30 PETANG)","AKTIVITI SANTAI","","","","","","","","","","","","","","","","","","","","","","","","","","","","","","","","","","",""
"2026/04/14 4:53:31 pm GMT+8","12 tahun","","","","","","","","","","","","","","","","","","","","","","","","","","","MUHAMMAD RAYYAN ADAM","A-06-08","Lelaki","PETANG (3.00 PETANG - 6.30 PETANG)","AKTIVITI SANTAI","","","","","","","","","","","","","","","","","","","","","","","","","","","","","",""
"2026/04/14 6:12:29 pm GMT+8","10 tahun","","","","","","","","","","","","","","","","","MUHAMMAD HAFIZAN BIN MUHAMAD FAIZAN","B-04-06","Lelaki","PETANG (3.00 PETANG - 6.30 PETANG)","PERMAINAN KOMPUTER","","","","","","","","","","","","","","","","","","","","","","","","","","","","","","","","","","","","","","","",""
"2026/04/14 6:40:34 pm GMT+8","17 tahun","","","","","","","","","","","","","","","","","","","","","","","","","","","","","","","","","","","","","","","","","","","","","","","","","","","","NUR QASEH QAISARA BINTI ABD RAHIM","A-04-10","Perempuan","PETANG (3.00 PETANG - 6.30 PETANG)","AKITIVITI SANTAI","","","","",""
"2026/04/14 8:07:45 pm GMT+8","12 tahun","","","","","","","","","","","","","","","","","","","","","","","","","","","MUHAMMAD TAUFIQ AL AMIN BIN MOHD RIZAN","B-08-08","Lelaki","MALAM (8.00 MALAM - 10.00 MALAM)","KELAS TUISYEN","","","","","","","","","","","","","","","","","","","","","","","","","","","","","",""
"2026/04/14 8:08:59 pm GMT+8","12 tahun","","","","","","","","","","","","","","","","","","","","","","","","","","","MUHD FARISH HAIQAL BIN MOHD FAIRUZ","C-8-14","Lelaki","MALAM (8.00 MALAM - 10.00 MALAM)","PERMAINAN KOMPUTER","","","","","","","","","","","","","","","","","","","","","","","","","","","","","",""
"2026/04/14 8:25:01 pm GMT+8","12 tahun","","","","","","","","","","","","","","","","","","","","","","","","","","","MUHAMMAD AZRUL AZIEB BIN HISHAM","B-13-12","Lelaki","MALAM (8.00 MALAM - 10.00 MALAM)","KELAS TUISYEN","","","","","","","","","","","","","","","","","","","","","","","","","","","","","",""
"2026/04/14 8:26:21 pm GMT+8","12 tahun","","","","","","","","","","","","","","","","","","","","","","","","","","","NURATHIRA SYAHIRAH BINTI MOHAMAD","C-13-14","Perempuan","MALAM (8.00 MALAM - 10.00 MALAM)","KELAS TUISYEN","","","","","","","","","","","","","","","","","","","","","","","","","","","","","",""
"2026/04/14 8:26:54 pm GMT+8","12 tahun","","","","","","","","","","","","","","","","","","","","","","","","","","","SARAH KHAIRINA DHAMIRAH BT ARMAN","B-08-10","Perempuan","MALAM (8.00 MALAM - 10.00 MALAM)","KELAS TUISYEN","","","","","","","","","","","","","","","","","","","","","","","","","","","","","",""
"2026/04/14 8:28:02 pm GMT+8","12 tahun","","","","","","","","","","","","","","","","","","","","","","","","","","","NURUL HAWA AMANI BINTI SULAIMAN","C-13-03","Perempuan","MALAM (8.00 MALAM - 10.00 MALAM)","KELAS TUISYEN","","","","","","","","","","","","","","","","","","","","","","","","","","","","","",""
"2026/04/14 8:28:34 pm GMT+8","12 tahun","","","","","","","","","","","","","","","","","","","","","","","","","","","NUR FATHIA ALEEYA BINTI MUHD FAZIHAN","B-14-10","Perempuan","MALAM (8.00 MALAM - 10.00 MALAM)","KELAS TUISYEN","","","","","","","","","","","","","","","","","","","","","","","","","","","","","",""
"2026/04/14 8:29:07 pm GMT+8","12 tahun","","","","","","","","","","","","","","","","","","","","","","","","","","","NUR MIZA ILYANA BINTI MAZLI","A-06-08","Perempuan","MALAM (8.00 MALAM - 10.00 MALAM)","KELAS TUISYEN","","","","","","","","","","","","","","","","","","","","","","","","","","","","","",""
"2026/04/14 8:29:48 pm GMT+8","12 tahun","","","","","","","","","","","","","","","","","","","","","","","","","","","NUR SALSABILLA RAMADHANI BINTI ABD RAHIM","A-04-10","Perempuan","MALAM (8.00 MALAM - 10.00 MALAM)","KELAS TUISYEN","","","","","","","","","","","","","","","","","","","","","","","","","","","","","",""
"2026/04/14 8:41:45 pm GMT+8","13 tahun","","","","","","","","","","","","","","","","","","","","","","","","","","","","","","","","MUHAMAD RAMADAN BN MUHAMADUN","B-02-14","Lelaki","MALAM (8.00 MALAM - 10.00 MALAM)","AKTIVITI SANTAI","","","","","","","","","","","","","","","","","","","","","","","","",""
"2026/04/14 8:42:42 pm GMT+8","13 tahun","","","","","","","","","","","","","","","","","","","","","","","","","","","","","","","","Muhammad shahaziq aiman ","A-11-06","Lelaki","MALAM (8.00 MALAM - 10.00 MALAM)","AKTIVITI SANTAI","","","","","","","","","","","","","","","","","","","","","","","","",""
"2026/04/14 8:44:10 pm GMT+8","11 tahun","","","","","","","","","","","","","","","","","","","","","","SUHAILA HANIFA BINTI MUHAMMADUN","B-02-14","Perempuan","MALAM (8.00 MALAM - 10.00 MALAM)","AKTIVITI SANTAI","","","","","","","","","","","","","","","","","","","","","","","","","","","","","","","","","","",""
"2026/04/14 8:45:37 pm GMT+8","11 tahun","","","","","","","","","","","","","","","","","","","","","","QASEH NUR ZAHRA BIN KAMA","A-07-05","Perempuan","MALAM (8.00 MALAM - 10.00 MALAM)","AKTIVITI SANTAI","","","","","","","","","","","","","","","","","","","","","","","","","","","","","","","","","","",""
"2026/04/14 8:46:17 pm GMT+8","11 tahun","","","","","","","","","","","","","","","","","","","","","","NUR ANEESA ILYANA BINTI MAZLI","A-06-08","Perempuan","MALAM (8.00 MALAM - 10.00 MALAM)","AKTIVITI SANTAI","","","","","","","","","","","","","","","","","","","","","","","","","","","","","","","","","","",""
"2026/04/14 8:46:39 pm GMT+8","12 tahun","","","","","","","","","","","","","","","","","","","","","","","","","","","NUR KHAIRUNNIL AZZALEA BINTI AZLAN SHAH","B-15-08","Perempuan","MALAM (8.00 MALAM - 10.00 MALAM)","AKTIVITI SANTAI","","","","","","","","","","","","","","","","","","","","","","","","","","","","","",""
"2026/04/14 8:54:42 pm GMT+8","16 tahun","","","","","","","","","","","","","","","","","","","","","","","","","","","","","","","","","","","","","","","","","","","","","","","Saidatul UmairH binti Md Khairi","C-6-01","Perempuan","MALAM (8.00 MALAM - 10.00 MALAM)","HOMEWORK CLUB","","","","","","","","","",""
"2026/04/14 8:57:02 pm GMT+8","8 tahun","","","","","","","MUHAMAD AYAS BN MUHAMADUN","B-02-14","Lelaki","PETANG (3.00 PETANG - 6.30 PETANG)","PERMAINAN KOMPUTER","","","","","","","","","","","","","","","","","","","","","","","","","","","","","","","","","","","","","","","","","","","","","","","","","",""
"2026/04/14 8:58:13 pm GMT+8","7 tahun ke bawah","NUR ZARA AULIA BINTI MUHAMADUN","5","B-02-14","Perempuan","MALAM (8.00 MALAM - 10.00 MALAM)","MENONTON TELEVISYEN","","","","","","","","","","","","","","","","","","","","","","","","","","","","","","","","","","","","","","","","","","","","","","","","","","","","","","",""
"2026/04/14 8:58:53 pm GMT+8","15 tahun","","","","","","","","","","","","","","","","","","","","","","","","","","","","","","","","","","","","","","","","","","MUHAMAD ARFAN AQIM BIN ARMAN","B-08-10","Lelaki","MALAM (8.00 MALAM - 10.00 MALAM)","AKTIVITI MODUL","","","","","","","","","","","","","","",""
"2026/04/14 8:59:52 pm GMT+8","13 tahun","","","","","","","","","","","","","","","","","","","","","","","","","","","","","","","","MUHAMMAD SHAHIR HAIKAL BIN ROSLAN","C-11-17","Lelaki","MALAM (8.00 MALAM - 10.00 MALAM)","AKTIVITI SANTAI","","","","","","","","","","","","","","","","","","","","","","","","",""
"2026/04/14 9:22:59 pm GMT+8","17 tahun","","","","","","","","","","","","","","","","","","","","","","","","","","","","","","","","","","","","","","","","","","","","","","","","","","","","MOHAMAD AZRUL AZRAI BIN HISHAM","B-13-12","Lelaki","MALAM (8.00 MALAM - 10.00 MALAM)","AKITIVITI SANTAI","","","","",""
"2026/04/14 9:23:56 pm GMT+8","17 tahun","","","","","","","","","","","","","","","","","","","","","","","","","","","","","","","","","","","","","","","","","","","","","","","","","","","","SHAIRAH BINTI ROSLAN","C-11-17","Perempuan","MALAM (8.00 MALAM - 10.00 MALAM)","AKITIVITI SANTAI","","","","",""
"2026/04/14 10:04:36 pm GMT+8","17 tahun","","","","","","","","","","","","","","","","","","","","","","","","","","","","","","","","","","","","","","","","","","","","","","","","","","","","NUR QASEH QAISARA BINTI ABD RAHIM","A-04-10","Perempuan","MALAM (8.00 MALAM - 10.00 MALAM)","AKITIVITI SANTAI","","","","",""
"2026/04/15 3:16:56 pm GMT+8","12 tahun","","","","","","","","","","","","","","","","","","","","","","","","","","","NUR KHAIRUNNIL AZZALEA BINTI AZLAN SHAH","B-15-08","Lelaki","PETANG (3.00 PETANG - 6.30 PETANG)","AKTIVITI SANTAI","","","","","","","","","","","","","","","","","","","","","","","","","","","","","",""
"2026/04/15 3:31:04 pm GMT+8","11 tahun","","","","","","","","","","","","","","","","","","","","","","NUR ANEESA ILYANA BINTI MAZLI","A-06-08","Perempuan","PETANG (3.00 PETANG - 6.30 PETANG)","AKTIVITI SANTAI","","","","","","","","","","","","","","","","","","","","","","","","","","","","","","","","","","",""
"2026/04/15 3:31:25 pm GMT+8","11 tahun","","","","","","","","","","","","","","","","","","","","","","NUR AFIRA RAISYA BIN MUHAMAD FAIZAL","B-10-18","Perempuan","PETANG (3.00 PETANG - 6.30 PETANG)","AKTIVITI SANTAI","","","","","","","","","","","","","","","","","","","","","","","","","","","","","","","","","","",""
"2026/04/15 3:48:02 pm GMT+8","12 tahun","","","","","","","","","","","","","","","","","","","","","","","","","","","ERRYSHA DHAWEYYA BINTI MOHD ROSDI","C-6-16","Perempuan","PETANG (3.00 PETANG - 6.30 PETANG)","AKTIVITI SANTAI","","","","","","","","","","","","","","","","","","","","","","","","","","","","","",""
"2026/04/15 5:09:59 pm GMT+8","10 tahun","","","","","","","","","","","","","","","","","MUHAMMAD HAFIZAN BIN MUHAMAD FAIZAN","B-04-06","Lelaki","PETANG (3.00 PETANG - 6.30 PETANG)","PERMAINAN KOMPUTER","","","","","","","","","","","","","","","","","","","","","","","","","","","","","","","","","","","","","","","",""
"2026/04/15 5:10:25 pm GMT+8","11 tahun","","","","","","","","","","","","","","","","","","","","","","QASEH NUR ZAHRA BIN KAMA","A-07-05","Perempuan","PETANG (3.00 PETANG - 6.30 PETANG)","AKTIVITI SANTAI","","","","","","","","","","","","","","","","","","","","","","","","","","","","","","","","","","",""
"2026/04/15 5:11:11 pm GMT+8","11 tahun","","","","","","","","","","","","","","","","","","","","","","SUHAILA HANIFA BINTI MUHAMMADUN","B-02-14","Perempuan","PETANG (3.00 PETANG - 6.30 PETANG)","AKTIVITI SANTAI","","","","","","","","","","","","","","","","","","","","","","","","","","","","","","","","","","",""
"2026/04/15 5:13:46 pm GMT+8","11 tahun","","","","","","","","","","","","","","","","","","","","","","MUHAMMAD KHASYI QAISER","B-15-08","Lelaki","PETANG (3.00 PETANG - 6.30 PETANG)","AKTIVITI SANTAI","","","","","","","","","","","","","","","","","","","","","","","","","","","","","","","","","","",""
"2026/04/15 5:33:07 pm GMT+8","15 tahun","","","","","","","","","","","","","","","","","","","","","","","","","","","","","","","","","","","","","","","","","","NOR DAMIA FATIN BINTI GHAFFAR","C-06-10","Perempuan","PETANG (3.00 PETANG - 6.30 PETANG)","AKTIVITI SANTAI","","","","","","","","","","","","","","",""
"2026/04/15 5:41:24 pm GMT+8","15 tahun","","","","","","","","","","","","","","","","","","","","","","","","","","","","","","","","","","","","","","","","","","ARIF DANIEL BIN FAIZUL AZLI","B-13-06","Lelaki","PETANG (3.00 PETANG - 6.30 PETANG)","AKTIVITI SANTAI","","","","","","","","","","","","","","",""
"2026/04/15 6:17:54 pm GMT+8","8 tahun","","","","","","","MUHAMAD AYAS BN MUHAMADUN","B-02-14","Lelaki","PETANG (3.00 PETANG - 6.30 PETANG)","PERMAINAN KOMPUTER","","","","","","","","","","","","","","","","","","","","","","","","","","","","","","","","","","","","","","","","","","","","","","","","","",""
"2026/04/15 8:01:38 pm GMT+8","8 tahun","","","","","","","MUHAMAD AYAS BN MUHAMADUN","B-02-14","Lelaki","MALAM (8.00 MALAM - 10.00 MALAM)","MENONTON TELEVISYEN","","","","","","","","","","","","","","","","","","","","","","","","","","","","","","","","","","","","","","","","","","","","","","","","","",""
"2026/04/15 8:01:53 pm GMT+8","12 tahun","","","","","","","","","","","","","","","","","","","","","","","","","","","MOHAMED ADAM DANIAL BIN MOHD NASIR","B-15-18","Lelaki","MALAM (8.00 MALAM - 10.00 MALAM)","AKTIVITI SANTAI","","","","","","","","","","","","","","","","","","","","","","","","","","","","","",""
"2026/04/15 8:04:22 pm GMT+8","11 tahun","","","","","","","","","","","","","","","","","","","","","","SUHAILA HANIFA BINTI MUHAMMADUN","B-02-14","Perempuan","MALAM (8.00 MALAM - 10.00 MALAM)","AKTIVITI SANTAI","","","","","","","","","","","","","","","","","","","","","","","","","","","","","","","","","","",""
"2026/04/15 8:05:04 pm GMT+8","7 tahun ke bawah","Nur zada fakihah","3","B-02-14","Perempuan","MALAM (8.00 MALAM - 10.00 MALAM)","AKTIVITI SANTAI","","","","","","","","","","","","","","","","","","","","","","","","","","","","","","","","","","","","","","","","","","","","","","","","","","","","","","",""
"2026/04/15 8:05:28 pm GMT+8","7 tahun ke bawah","NUR ZARA AULIA BINTI MUHAMADUN","5","B-02-14","Perempuan","MALAM (8.00 MALAM - 10.00 MALAM)","AKTIVITI SANTAI","","","","","","","","","","","","","","","","","","","","","","","","","","","","","","","","","","","","","","","","","","","","","","","","","","","","","","",""
"2026/04/15 8:06:25 pm GMT+8","12 tahun","","","","","","","","","","","","","","","","","","","","","","","","","","","NUR KHAIRUNNIL AZZALEA BINTI AZLAN SHAH","B-15-08","Perempuan","MALAM (8.00 MALAM - 10.00 MALAM)","AKTIVITI SANTAI","","","","","","","","","","","","","","","","","","","","","","","","","","","","","",""
"2026/04/15 8:07:51 pm GMT+8","11 tahun","","","","","","","","","","","","","","","","","","","","","","MUHAMMAD KHASYI QAISER BIN AZLAN SHAH","B-15-08","Lelaki","MALAM (8.00 MALAM - 10.00 MALAM)","AKTIVITI MODUL","","","","","","","","","","","","","","","","","","","","","","","","","","","","","","","","","","",""
"2026/04/15 8:18:52 pm GMT+8","13 tahun","","","","","","","","","","","","","","","","","","","","","","","","","","","","","","","","MUHAMAD RAMADAN BN MUHAMADUN","B-02-14","Lelaki","MALAM (8.00 MALAM - 10.00 MALAM)","AKTIVITI SANTAI","","","","","","","","","","","","","","","","","","","","","","","","",""
"2026/04/15 8:20:47 pm GMT+8","11 tahun","","","","","","","","","","","","","","","","","","","","","","ALISHA HUMAIRAH","A-1-16","Perempuan","PETANG (3.00 PETANG - 6.30 PETANG)","AKTIVITI SANTAI","","","","","","","","","","","","","","","","","","","","","","","","","","","","","","","","","","",""
"2026/04/15 8:36:11 pm GMT+8","16 tahun","","","","","","","","","","","","","","","","","","","","","","","","","","","","","","","","","","","","","","","","","","","","","","","Saidatul Umairah Binti Md Khairi","C-6-01","Perempuan","MALAM (8.00 MALAM - 10.00 MALAM)","HOMEWORK CLUB","","","","","","","","","",""
"2026/04/15 8:50:38 pm GMT+8","15 tahun","","","","","","","","","","","","","","","","","","","","","","","","","","","","","","","","","","","","","","","","","","SITI NUR HASIRA BINTI MUHAMMADUN","B-02-14","Perempuan","MALAM (8.00 MALAM - 10.00 MALAM)","AKTIVITI SANTAI","","","","","","","","","","","","","","",""
"2026/04/15 9:51:16 pm GMT+8","17 tahun","","","","","","","","","","","","","","","","","","","","","","","","","","","","","","","","","","","","","","","","","","","","","","","","","","","","MOHAMAD AZRUL AZRAI BIN HISHAM","B-13-12","Lelaki","MALAM (8.00 MALAM - 10.00 MALAM)","AKITIVITI SANTAI","","","","",""
"2026/04/16 3:01:32 pm GMT+8","15 tahun","","","","","","","","","","","","","","","","","","","","","","","","","","","","","","","","","","","","","","","","","","ARIF DANIEL BIN FAIZUL AZLI","B-13-06","Lelaki","PETANG (3.00 PETANG - 6.30 PETANG)","AKTIVITI SANTAI","","","","","","","","","","","","","","",""
"2026/04/16 3:02:35 pm GMT+8","11 tahun","","","","","","","","","","","","","","","","","","","","","","NUR ANEESA ILYANA BINTI MAZLI","A-06-08","Perempuan","PETANG (3.00 PETANG - 6.30 PETANG)","AKTIVITI SANTAI","","","","","","","","","","","","","","","","","","","","","","","","","","","","","","","","","","",""
"2026/04/16 3:02:52 pm GMT+8","12 tahun","","","","","","","","","","","","","","","","","","","","","","","","","","","NUR SALSABILLA RAMADHANI BINTI ABD RAHIM","A-04-10","Perempuan","PETANG (3.00 PETANG - 6.30 PETANG)","AKTIVITI SANTAI","","","","","","","","","","","","","","","","","","","","","","","","","","","","","",""
"2026/04/16 3:03:08 pm GMT+8","11 tahun","","","","","","","","","","","","","","","","","","","","","","QASEH NUR ZAHRA BIN KAMA","A-07-05","Perempuan","PETANG (3.00 PETANG - 6.30 PETANG)","AKTIVITI SANTAI","","","","","","","","","","","","","","","","","","","","","","","","","","","","","","","","","","",""
"2026/04/16 3:08:42 pm GMT+8","10 tahun","","","","","","","","","","","","","","","","","NUR ZAHIRA ARDHANI","B-5-17","Perempuan","PETANG (3.00 PETANG - 6.30 PETANG)","AKTIVITI SANTAI","","","","","","","","","","","","","","","","","","","","","","","","","","","","","","","","","","","","","","","",""
"2026/04/16 3:26:29 pm GMT+8","15 tahun","","","","","","","","","","","","","","","","","","","","","","","","","","","","","","","","","","","","","","","","","","MUHAMMAD HARRAZ SAUQI BIN KAMA","A-07-05","Lelaki","PETANG (3.00 PETANG - 6.30 PETANG)","AKTIVITI SANTAI","","","","","","","","","","","","","","",""
"2026/04/16 3:27:08 pm GMT+8","16 tahun","","","","","","","","","","","","","","","","","","","","","","","","","","","","","","","","","","","","","","","","","","","","","","","ADAM ZAKRY BIN ZUL AMALI","B-13-10","Lelaki","PETANG (3.00 PETANG - 6.30 PETANG)","AKTIVITI SANTAI","","","","","","","","","",""
"2026/04/16 3:29:31 pm GMT+8","11 tahun","","","","","","","","","","","","","","","","","","","","","","MUHAMMAD NUR IMAN BIN AZAHHAR","C-01-08","Lelaki","PETANG (3.00 PETANG - 6.30 PETANG)","PERMAINAN DALAMAN","","","","","","","","","","","","","","","","","","","","","","","","","","","","","","","","","","",""
"2026/04/16 3:30:44 pm GMT+8","7 tahun ke bawah","Izzati khainurisa","7","C-1-8","Perempuan","PETANG (3.00 PETANG - 6.30 PETANG)","PERMAINAN DALAMAN","","","","","","","","","","","","","","","","","","","","","","","","","","","","","","","","","","","","","","","","","","","","","","","","","","","","","","",""
"2026/04/16 3:31:56 pm GMT+8","7 tahun ke bawah","Muhammad aish raiqal","4","C-1-8","Lelaki","PETANG (3.00 PETANG - 6.30 PETANG)","PERMAINAN DALAMAN","","","","","","","","","","","","","","","","","","","","","","","","","","","","","","","","","","","","","","","","","","","","","","","","","","","","","","",""
"2026/04/16 3:33:42 pm GMT+8","11 tahun","","","","","","","","","","","","","","","","","","","","","","AFI NAZHAN ONG BIN MOHD RIEZMAN IZZANIE","C-04-15","Lelaki","PETANG (3.00 PETANG - 6.30 PETANG)","PERMAINAN DALAMAN","","","","","","","","","","","","","","","","","","","","","","","","","","","","","","","","","","",""
"2026/04/16 3:34:13 pm GMT+8","11 tahun","","","","","","","","","","","","","","","","","","","","","","AFI NURHAN ONG BIN MOHD RIEZMAN IZZANIE","C-04-15","Lelaki","PETANG (3.00 PETANG - 6.30 PETANG)","PERMAINAN DALAMAN","","","","","","","","","","","","","","","","","","","","","","","","","","","","","","","","","","",""
"2026/04/16 3:39:43 pm GMT+8","11 tahun","","","","","","","","","","","","","","","","","","","","","","MUHAMMAD KHASYI QAISER","B-15-08","Lelaki","PETANG (3.00 PETANG - 6.30 PETANG)","AKTIVITI SANTAI","","","","","","","","","","","","","","","","","","","","","","","","","","","","","","","","","","",""
"2026/04/16 4:31:08 pm GMT+8","12 tahun","","","","","","","","","","","","","","","","","","","","","","","","","","","NUR KHAIRUNNIL AZZALEA BINTI AZLAN SHAH","B-15-08","Perempuan","PETANG (3.00 PETANG - 6.30 PETANG)","AKTIVITI SANTAI","","","","","","","","","","","","","","","","","","","","","","","","","","","","","",""
"2026/04/16 4:35:47 pm GMT+8","12 tahun","","","","","","","","","","","","","","","","","","","","","","","","","","","ERRYSHA DHAWEYYA","C-6-16","Perempuan","PETANG (3.00 PETANG - 6.30 PETANG)","AKTIVITI SANTAI","","","","","","","","","","","","","","","","","","","","","","","","","","","","","",""
"2026/04/16 4:37:48 pm GMT+8","12 tahun","","","","","","","","","","","","","","","","","","","","","","","","","","","MUHAMMAD KHAIRUL SYAFIQ","C-8-10","Lelaki","PETANG (3.00 PETANG - 6.30 PETANG)","AKTIVITI SANTAI","","","","","","","","","","","","","","","","","","","","","","","","","","","","","",""
"2026/04/16 4:39:21 pm GMT+8","10 tahun","","","","","","","","","","","","","","","","","Muhammad RAMADHAN","C-10-19","Lelaki","PETANG (3.00 PETANG - 6.30 PETANG)","AKTIVITI SANTAI","","","","","","","","","","","","","","","","","","","","","","","","","","","","","","","","","","","","","","","",""
"2026/04/16 4:40:20 pm GMT+8","10 tahun","","","","","","","","","","","","","","","","","Errysyam","C-6-16","Lelaki","PETANG (3.00 PETANG - 6.30 PETANG)","PERMAINAN DALAMAN","","","","","","","","","","","","","","","","","","","","","","","","","","","","","","","","","","","","","","","",""
"2026/04/16 4:43:19 pm GMT+8","15 tahun","","","","","","","","","","","","","","","","","","","","","","","","","","","","","","","","","","","","","","","","","","MUHAMAD ARFAN AQIM BIN ARMAN","B-08-10","Lelaki","PETANG (3.00 PETANG - 6.30 PETANG)","AKTIVITI SANTAI","","","","","","","","","","","","","","",""
"2026/04/16 4:53:49 pm GMT+8","12 tahun","","","","","","","","","","","","","","","","","","","","","","","","","","","MOHAMED ADAM DANIAL BIN MOHD NASIR","B-15-18","Lelaki","PETANG (3.00 PETANG - 6.30 PETANG)","AKTIVITI SANTAI","","","","","","","","","","","","","","","","","","","","","","","","","","","","","",""
"2026/04/16 4:55:09 pm GMT+8","12 tahun","","","","","","","","","","","","","","","","","","","","","","","","","","","MUHAMMAD ADAM RAYYAN","B-17-14","Lelaki","PETANG (3.00 PETANG - 6.30 PETANG)","AKTIVITI SANTAI","","","","","","","","","","","","","","","","","","","","","","","","","","","","","",""
"2026/04/16 4:55:57 pm GMT+8","11 tahun","","","","","","","","","","","","","","","","","","","","","","SUHAILA HANIFA BINTI MUHAMMADUN","B-02-14","Perempuan","PETANG (3.00 PETANG - 6.30 PETANG)","AKTIVITI SANTAI","","","","","","","","","","","","","","","","","","","","","","","","","","","","","","","","","","",""
"2026/04/16 4:56:43 pm GMT+8","7 tahun ke bawah","Nur zada faihah","3","B-02-14","Perempuan","PETANG (3.00 PETANG - 6.30 PETANG)","AKTIVITI SANTAI","","","","","","","","","","","","","","","","","","","","","","","","","","","","","","","","","","","","","","","","","","","","","","","","","","","","","","",""
"2026/04/16 4:57:04 pm GMT+8","7 tahun ke bawah","NUR ZARA AULIA BINTI MUHAMADUN","5","B-02-14","Perempuan","PETANG (3.00 PETANG - 6.30 PETANG)","MENONTON TELEVISYEN","","","","","","","","","","","","","","","","","","","","","","","","","","","","","","","","","","","","","","","","","","","","","","","","","","","","","","",""
"2026/04/16 4:57:29 pm GMT+8","11 tahun","","","","","","","","","","","","","","","","","","","","","","NUR AFIRA RAISYA BIN MUHAMAD FAIZAL","B-10-18","Perempuan","PETANG (3.00 PETANG - 6.30 PETANG)","MENONTON TELEVISYEN","","","","","","","","","","","","","","","","","","","","","","","","","","","","","","","","","","",""
"2026/04/16 6:15:00 pm GMT+8","17 tahun","","","","","","","","","","","","","","","","","","","","","","","","","","","","","","","","","","","","","","","","","","","","","","","","","","","","MOHAMAD AZRUL AZRAI BIN HISHAM","B-13-12","Lelaki","PETANG (3.00 PETANG - 6.30 PETANG)","AKITIVITI SANTAI","","","","",""
"2026/04/16 6:22:17 pm GMT+8","15 tahun","","","","","","","","","","","","","","","","","","","","","","","","","","","","","","","","","","","","","","","","","","SITI NUR HASIRA BINTI MUHAMMADUN","B-02-14","Perempuan","PETANG (3.00 PETANG - 6.30 PETANG)","AKTIVITI SANTAI","","","","","","","","","","","","","","",""
"2026/04/16 8:00:37 pm GMT+8","16 tahun","","","","","","","","","","","","","","","","","","","","","","","","","","","","","","","","","","","","","","","","","","","","","","","ADAM ZAKRY BIN ZUL AMALI","B-13-10","Lelaki","MALAM (8.00 MALAM - 10.00 MALAM)","KELAS TUISYEN","","","","","","","","","",""
"2026/04/16 8:01:41 pm GMT+8","8 tahun","","","","","","","MUHAMAD AYAS BN MUHAMADUN","B-02-14","Lelaki","MALAM (8.00 MALAM - 10.00 MALAM)","AKTIVITI SANTAI","","","","","","","","","","","","","","","","","","","","","","","","","","","","","","","","","","","","","","","","","","","","","","","","","",""
"2026/04/16 8:02:11 pm GMT+8","11 tahun","","","","","","","","","","","","","","","","","","","","","","SUHAILA HANIFA BINTI MUHAMMADUN","B-02-14","Perempuan","MALAM (8.00 MALAM - 10.00 MALAM)","AKTIVITI SANTAI","","","","","","","","","","","","","","","","","","","","","","","","","","","","","","","","","","",""
"2026/04/16 8:02:44 pm GMT+8","7 tahun ke bawah","NUR ZARA AULIA BINTI MUHAMADUN","5 tahun","B-02-14","Perempuan","MALAM (8.00 MALAM - 10.00 MALAM)","AKTIVITI SANTAI","","","","","","","","","","","","","","","","","","","","","","","","","","","","","","","","","","","","","","","","","","","","","","","","","","","","","","",""
"2026/04/16 8:03:22 pm GMT+8","15 tahun","","","","","","","","","","","","","","","","","","","","","","","","","","","","","","","","","","","","","","","","","","SITI NUR HASIRA BINTI MUHAMMADUN","B-02-14","Perempuan","MALAM (8.00 MALAM - 10.00 MALAM)","KELAS TUISYEN","","","","","","","","","","","","","","",""
"2026/04/16 8:04:18 pm GMT+8","17 tahun","","","","","","","","","","","","","","","","","","","","","","","","","","","","","","","","","","","","","","","","","","","","","","","","","","","","SHAIRAH BINTI ROSLAN","C-11-17","Perempuan","MALAM (8.00 MALAM - 10.00 MALAM)","KELAS TUISYEN","","","","",""
"2026/04/16 8:04:56 pm GMT+8","17 tahun","","","","","","","","","","","","","","","","","","","","","","","","","","","","","","","","","","","","","","","","","","","","","","","","","","","","MOHAMAD AZRUL AZRAI BIN HISHAM","B-13-12","Lelaki","MALAM (8.00 MALAM - 10.00 MALAM)","KELAS TUISYEN","","","","",""
"2026/04/16 8:09:15 pm GMT+8","17 tahun","","","","","","","","","","","","","","","","","","","","","","","","","","","","","","","","","","","","","","","","","","","","","","","","","","","","LUTH MIKHAIL BIN AHMAD NOOR","C-09-20","Lelaki","MALAM (8.00 MALAM - 10.00 MALAM)","KELAS TUISYEN","","","","",""
"2026/04/16 8:09:43 pm GMT+8","17 tahun","","","","","","","","","","","","","","","","","","","","","","","","","","","","","","","","","","","","","","","","","","","","","","","","","","","","MUHAMMAD NAQIB IRHAS BIN RAMLAN","A-01-06","Lelaki","MALAM (8.00 MALAM - 10.00 MALAM)","KELAS TUISYEN","","","","",""
"2026/04/16 8:10:12 pm GMT+8","15 tahun","","","","","","","","","","","","","","","","","","","","","","","","","","","","","","","","","","","","","","","","","","MUHAMMAD HARRAZ SAUQI BIN KAMA","A-07-05","Lelaki","MALAM (8.00 MALAM - 10.00 MALAM)","KELAS TUISYEN","","","","","","","","","","","","","","",""
"2026/04/16 8:10:40 pm GMT+8","16 tahun","","","","","","","","","","","","","","","","","","","","","","","","","","","","","","","","","","","","","","","","","","","","","","","ADAM ZAKRY BIN ZUL AMALI","B-13-10","Lelaki","MALAM (8.00 MALAM - 10.00 MALAM)","KELAS TUISYEN","","","","","","","","","",""
"2026/04/16 8:25:02 pm GMT+8","13 tahun","","","","","","","","","","","","","","","","","","","","","","","","","","","","","","","","MUHAMAD RAMADAN BN MUHAMADUN","B-02-14","Lelaki","MALAM (8.00 MALAM - 10.00 MALAM)","AKTIVITI SANTAI","","","","","","","","","","","","","","","","","","","","","","","","",""
"2026/04/16 8:25:52 pm GMT+8","14 tahun","","","","","","","","","","","","","","","","","","","","","","","","","","","","","","","","","","","","","MUHAMMAD YUSSUF BIN RUSLI","C-12-16","Lelaki","MALAM (8.00 MALAM - 10.00 MALAM)","AKTIVITI SANTAI","","","","","","","","","","","","","","","","","","","",""
"2026/04/16 8:26:40 pm GMT+8","12 tahun","","","","","","","","","","","","","","","","","","","","","","","","","","","MUHAMMAD SYAKIR MUKHRIZ BIN SHAHRILRIZAL","B-4-13","Lelaki","MALAM (8.00 MALAM - 10.00 MALAM)","AKTIVITI SANTAI","","","","","","","","","","","","","","","","","","","","","","","","","","","","","",""
"2026/04/16 9:18:05 pm GMT+8","13 tahun","","","","","","","","","","","","","","","","","","","","","","","","","","","","","","","","Muhammad shahaziq aiman","A-11-06","Lelaki","MALAM (8.00 MALAM - 10.00 MALAM)","AKTIVITI SANTAI","","","","","","","","","","","","","","","","","","","","","","","","",""
"2026/04/16 9:19:12 pm GMT+8","14 tahun","","","","","","","","","","","","","","","","","","","","","","","","","","","","","","","","","","","","","MUHAMMAD AZRUL AZFAR BIN HISHAM","B-13-12","Lelaki","MALAM (8.00 MALAM - 10.00 MALAM)","AKTIVITI SANTAI","","","","","","","","","","","","","","","","","","","",""
"2026/04/16 9:34:10 pm GMT+8","13 tahun","","","","","","","","","","","","","","","","","","","","","","","","","","","","","","","","QASEH NUR SALINA","A-07-05","Perempuan","MALAM (8.00 MALAM - 10.00 MALAM)","AKTIVITI MODUL","","","","","","","","","","","","","","","","","","","","","","","","",""
"2026/04/16 9:34:41 pm GMT+8","12 tahun","","","","","","","","","","","","","","","","","","","","","","","","","","","NUR MIZA ILYANA BINTI MAZLI","A-06-08","Perempuan","MALAM (8.00 MALAM - 10.00 MALAM)","AKTIVITI SANTAI","","","","","","","","","","","","","","","","","","","","","","","","","","","","","",""
"2026/04/17 3:05:30 pm GMT+8","11 tahun","","","","","","","","","","","","","","","","","","","","","","NUR ANEESA ILYANA BINTI MAZLI","A-06-08","Perempuan","PETANG (3.00 PETANG - 6.30 PETANG)","AKTIVITI SANTAI","","","","","","","","","","","","","","","","","","","","","","","","","","","","","","","","","","",""
"2026/04/17 3:07:02 pm GMT+8","11 tahun","","","","","","","","","","","","","","","","","","","","","","QASEH NUR ZAHRA BIN KAMA","A-07-05","Perempuan","PETANG (3.00 PETANG - 6.30 PETANG)","AKTIVITI SANTAI","","","","","","","","","","","","","","","","","","","","","","","","","","","","","","","","","","",""
"2026/04/17 3:07:29 pm GMT+8","12 tahun","","","","","","","","","","","","","","","","","","","","","","","","","","","NUR SALSABILLA RAMADHANI BINTI ABD RAHIM","A-04-10","Perempuan","PETANG (3.00 PETANG - 6.30 PETANG)","AKTIVITI SANTAI","","","","","","","","","","","","","","","","","","","","","","","","","","","","","",""
"2026/04/17 3:08:32 pm GMT+8","15 tahun","","","","","","","","","","","","","","","","","","","","","","","","","","","","","","","","","","","","","","","","","","SITI NUR HASIRA BINTI MUHAMMADUN","B-02-14","Perempuan","PETANG (3.00 PETANG - 6.30 PETANG)","AKTIVITI SANTAI","","","","","","","","","","","","","","",""
"2026/04/17 3:11:34 pm GMT+8","10 tahun","","","","","","","","","","","","","","","","","NUR ZAHIRA","B-5-17","Perempuan","PETANG (3.00 PETANG - 6.30 PETANG)","AKTIVITI SANTAI","","","","","","","","","","","","","","","","","","","","","","","","","","","","","","","","","","","","","","","",""
"2026/04/17 3:13:11 pm GMT+8","11 tahun","","","","","","","","","","","","","","","","","","","","","","NUR AISYAH SYAHIRAH ","B-6-18","Perempuan","PETANG (3.00 PETANG - 6.30 PETANG)","AKTIVITI SANTAI","","","","","","","","","","","","","","","","","","","","","","","","","","","","","","","","","","",""
"2026/04/17 3:18:10 pm GMT+8","16 tahun","","","","","","","","","","","","","","","","","","","","","","","","","","","","","","","","","","","","","","","","","","","","","","","ADAM ZAKRY BIN ZUL AMALI","B-13-10","Lelaki","PETANG (3.00 PETANG - 6.30 PETANG)","KELAS TUISYEN","","","","","","","","","",""
"2026/04/17 3:28:31 pm GMT+8","12 tahun","","","","","","","","","","","","","","","","","","","","","","","","","","","NUR KHAIRUNNIL AZZALEA BINTI AZLAN SHAH","B-15-08","Perempuan","PETANG (3.00 PETANG - 6.30 PETANG)","AKTIVITI SANTAI","","","","","","","","","","","","","","","","","","","","","","","","","","","","","",""
"2026/04/17 3:31:12 pm GMT+8","9 tahun","","","","","","","","","","","","MUHAMMAD AZALI BIN FIZI","C-12-20","Lelaki","PETANG (3.00 PETANG - 6.30 PETANG)","MENONTON TELEVISYEN","","","","","","","","","","","","","","","","","","","","","","","","","","","","","","","","","","","","","","","","","","","","",""
"2026/04/17 3:32:18 pm GMT+8","12 tahun","","","","","","","","","","","","","","","","","","","","","","","","","","","MUHAMMAD KHAIRUL SYAFIQ","C-8-10","Lelaki","PETANG (3.00 PETANG - 6.30 PETANG)","AKTIVITI SANTAI","","","","","","","","","","","","","","","","","","","","","","","","","","","","","",""
"2026/04/17 3:33:33 pm GMT+8","10 tahun","","","","","","","","","","","","","","","","","ZUL HAKIF BIN MOHD EZUAN","C-16-09","Lelaki","PETANG (3.00 PETANG - 6.30 PETANG)","PERMAINAN DALAMAN","","","","","","","","","","","","","","","","","","","","","","","","","","","","","","","","","","","","","","","",""
"2026/04/17 3:57:30 pm GMT+8","17 tahun","","","","","","","","","","","","","","","","","","","","","","","","","","","","","","","","","","","","","","","","","","","","","","","","","","","","LUTH MIKHAIL BIN AHMAD NOOR","C-09-20","Lelaki","PETANG (3.00 PETANG - 6.30 PETANG)","AKITIVITI SANTAI","","","","",""
"2026/04/17 3:57:57 pm GMT+8","17 tahun","","","","","","","","","","","","","","","","","","","","","","","","","","","","","","","","","","","","","","","","","","","","","","","","","","","","MOHAMAD AZRUL AZRAI BIN HISHAM","B-13-12","Lelaki","PETANG (3.00 PETANG - 6.30 PETANG)","AKITIVITI SANTAI","","","","",""
"2026/04/17 4:03:18 pm GMT+8","17 tahun","","","","","","","","","","","","","","","","","","","","","","","","","","","","","","","","","","","","","","","","","","","","","","","","","","","","NUR QASEH QAISARA BINTI ABD RAHIM","A-04-10","Perempuan","PETANG (3.00 PETANG - 6.30 PETANG)","AKITIVITI SANTAI","","","","",""
"2026/04/17 4:03:57 pm GMT+8","15 tahun","","","","","","","","","","","","","","","","","","","","","","","","","","","","","","","","","","","","","","","","","","NOR DAMIA FATIN BINTI GHAFFAR","C-06-10","Perempuan","PETANG (3.00 PETANG - 6.30 PETANG)","AKTIVITI SANTAI","","","","","","","","","","","","","","",""
"2026/04/17 4:06:34 pm GMT+8","11 tahun","","","","","","","","","","","","","","","","","","","","","","SUHAILA HANIFA BINTI MUHAMMADUN","B-02-14","Perempuan","PETANG (3.00 PETANG - 6.30 PETANG)","AKTIVITI SANTAI","","","","","","","","","","","","","","","","","","","","","","","","","","","","","","","","","","",""
"2026/04/17 5:17:49 pm GMT+8","12 tahun","","","","","","","","","","","","","","","","","","","","","","","","","","","MOHAMED ADAM DANIAL BIN MOHD NASIR","B-15-18","Lelaki","PETANG (3.00 PETANG - 6.30 PETANG)","AKTIVITI SANTAI","","","","","","","","","","","","","","","","","","","","","","","","","","","","","",""
"2026/04/17 5:32:11 pm GMT+8","12 tahun","","","","","","","","","","","","","","","","","","","","","","","","","","","MUHAMMAD RAYYAN ADAM","B-17-14","Lelaki","PETANG (3.00 PETANG - 6.30 PETANG)","AKTIVITI SANTAI","","","","","","","","","","","","","","","","","","","","","","","","","","","","","",""
"2026/04/17 6:20:03 pm GMT+8","10 tahun","","","","","","","","","","","","","","","","","ZUL HAKIF BIN MOHD EZUAN","C-16-09","Lelaki","PETANG (3.00 PETANG - 6.30 PETANG)","AKTIVITI SANTAI","","","","","","","","","","","","","","","","","","","","","","","","","","","","","","","","","","","","","","","",""
"2026/04/17 6:21:21 pm GMT+8","10 tahun","","","","","","","","","","","","","","","","","Errysyam","C-6-16","Lelaki","PETANG (3.00 PETANG - 6.30 PETANG)","AKTIVITI SANTAI","","","","","","","","","","","","","","","","","","","","","","","","","","","","","","","","","","","","","","","",""
"2026/04/17 8:07:32 pm GMT+8","10 tahun","","","","","","","","","","","","","","","","","MUHAMMAD HAFIZAN BIN MUHAMAD FAIZAN","B-04-06","Lelaki","PETANG (3.00 PETANG - 6.30 PETANG)","PERMAINAN KOMPUTER","","","","","","","","","","","","","","","","","","","","","","","","","","","","","","","","","","","","","","","",""
"2026/04/17 8:08:36 pm GMT+8","13 tahun","","","","","","","","","","","","","","","","","","","","","","","","","","","","","","","","Muhammad shahaziq aiman","A-11-06","Lelaki","MALAM (8.00 MALAM - 10.00 MALAM)","AKTIVITI SANTAI","","","","","","","","","","","","","","","","","","","","","","","","",""
"2026/04/17 8:09:29 pm GMT+8","13 tahun","","","","","","","","","","","","","","","","","","","","","","","","","","","","","","","","MOHAMMAD ZHARR RAYYAN BIN HALIM","C-14-07","Lelaki","MALAM (8.00 MALAM - 10.00 MALAM)","AKTIVITI SANTAI","","","","","","","","","","","","","","","","","","","","","","","","",""
"2026/04/17 8:10:18 pm GMT+8","15 tahun","","","","","","","","","","","","","","","","","","","","","","","","","","","","","","","","","","","","","","","","","","SITI NUR HASIRA BINTI MUHAMMADUN","B-02-14","Perempuan","MALAM (8.00 MALAM - 10.00 MALAM)","AKTIVITI SANTAI","","","","","","","","","","","","","","",""
"2026/04/17 8:10:50 pm GMT+8","13 tahun","","","","","","","","","","","","","","","","","","","","","","","","","","","","","","","","MUHAMAD RAMADAN BN MUHAMADUN","B-02-14","Lelaki","MALAM (8.00 MALAM - 10.00 MALAM)","AKTIVITI SANTAI","","","","","","","","","","","","","","","","","","","","","","","","",""
"2026/04/17 8:13:49 pm GMT+8","16 tahun","","","","","","","","","","","","","","","","","","","","","","","","","","","","","","","","","","","","","","","","","","","","","","","Saidatul UmairH Binti Md Khairi","C-6-01","Perempuan","MALAM (8.00 MALAM - 10.00 MALAM)","AKTIVITI SANTAI","","","","","","","","","",""
"2026/04/17 8:17:06 pm GMT+8","16 tahun","","","","","","","","","","","","","","","","","","","","","","","","","","","","","","","","","","","","","","","","","","","","","","","ADAM ZAKRY BIN ZUL AMALI","B-13-10","Lelaki","MALAM (8.00 MALAM - 10.00 MALAM)","AKTIVITI SANTAI","","","","","","","","","",""
"2026/04/17 8:17:53 pm GMT+8","15 tahun","","","","","","","","","","","","","","","","","","","","","","","","","","","","","","","","","","","","","","","","","","MUHAMMAD HARRAZ SAUQI BIN KAMA","A-07-05","Lelaki","MALAM (8.00 MALAM - 10.00 MALAM)","AKTIVITI SANTAI","","","","","","","","","","","","","","",""
"2026/04/17 8:19:21 pm GMT+8","11 tahun","","","","","","","","","","","","","","","","","","","","","","SUHAILA HANIFA BINTI MUHAMMADUN","B-02-14","Perempuan","MALAM (8.00 MALAM - 10.00 MALAM)","AKTIVITI SANTAI","","","","","","","","","","","","","","","","","","","","","","","","","","","","","","","","","","",""
"2026/04/17 8:19:44 pm GMT+8","13 tahun","","","","","","","","","","","","","","","","","","","","","","","","","","","","","","","","QASEH NUR SALINA","A-07-05","Perempuan","MALAM (8.00 MALAM - 10.00 MALAM)","AKTIVITI SANTAI","","","","","","","","","","","","","","","","","","","","","","","","",""
"2026/04/17 8:20:40 pm GMT+8","7 tahun ke bawah","Nur zada faihah","3 yahun","B-02-14","Perempuan","MALAM (8.00 MALAM - 10.00 MALAM)","AKTIVITI SANTAI","","","","","","","","","","","","","","","","","","","","","","","","","","","","","","","","","","","","","","","","","","","","","","","","","","","","","","",""
"2026/04/17 8:20:58 pm GMT+8","11 tahun","","","","","","","","","","","","","","","","","","","","","","NUR ANEESA ILYANA BINTI MAZLI","A-06-08","Perempuan","MALAM (8.00 MALAM - 10.00 MALAM)","AKTIVITI SANTAI","","","","","","","","","","","","","","","","","","","","","","","","","","","","","","","","","","",""
"2026/04/17 8:22:25 pm GMT+8","12 tahun","","","","","","","","","","","","","","","","","","","","","","","","","","","MUHAMMAD SYAKIR MUKHRIZ BIN SHAHRILRIZAL","B-4-13","Lelaki","MALAM (8.00 MALAM - 10.00 MALAM)","AKTIVITI SANTAI","","","","","","","","","","","","","","","","","","","","","","","","","","","","","",""
"2026/04/17 8:33:19 pm GMT+8","15 tahun","","","","","","","","","","","","","","","","","","","","","","","","","","","","","","","","","","","","","","","","","","NOR DAMIA FATIN BINTI GHAFFAR","C-06-10","Perempuan","MALAM (8.00 MALAM - 10.00 MALAM)","AKTIVITI SANTAI","","","","","","","","","","","","","","",""
"2026/04/20 3:31:44 pm GMT+8","11 tahun","","","","","","","","","","","","","","","","","","","","","","NUR AFIRA RAISYA BIN MUHAMAD FAIZAL","B-10-18","Perempuan","PETANG (3.00 PETANG - 6.30 PETANG)","AKTIVITI SANTAI","","","","","","","","","","","","","","","","","","","","","","","","","","","","","","","","","","",""
"2026/04/20 3:32:06 pm GMT+8","11 tahun","","","","","","","","","","","","","","","","","","","","","","QASEH NUR ZAHRA BIN KAMA","A-07-05","Perempuan","PETANG (3.00 PETANG - 6.30 PETANG)","AKTIVITI SANTAI","","","","","","","","","","","","","","","","","","","","","","","","","","","","","","","","","","",""
"2026/04/20 3:32:28 pm GMT+8","11 tahun","","","","","","","","","","","","","","","","","","","","","","SUHAILA HANIFA BINTI MUHAMMADUN","B-02-12","Perempuan","PETANG (3.00 PETANG - 6.30 PETANG)","AKTIVITI SANTAI","","","","","","","","","","","","","","","","","","","","","","","","","","","","","","","","","","",""
"2026/04/20 3:34:36 pm GMT+8","7 tahun ke bawah","NUR ZARA AULIA BINTI MUHAMADUN","5","B-02-14","Perempuan","PETANG (3.00 PETANG - 6.30 PETANG)","AKTIVITI SANTAI","","","","","","","","","","","","","","","","","","","","","","","","","","","","","","","","","","","","","","","","","","","","","","","","","","","","","","",""
"2026/04/20 3:35:36 pm GMT+8","10 tahun","","","","","","","","","","","","","","","","","ZAHIRA ARDHANI","B-5-17","Perempuan","PETANG (3.00 PETANG - 6.30 PETANG)","AKTIVITI SANTAI","","","","","","","","","","","","","","","","","","","","","","","","","","","","","","","","","","","","","","","",""
"2026/04/20 3:37:39 pm GMT+8","11 tahun","","","","","","","","","","","","","","","","","","","","","","NUR AISYAH SYAHIRAH","B-6-18","Perempuan","PETANG (3.00 PETANG - 6.30 PETANG)","AKTIVITI SANTAI","","","","","","","","","","","","","","","","","","","","","","","","","","","","","","","","","","",""
"2026/04/20 3:39:13 pm GMT+8","9 tahun","","","","","","","","","","","","MUHAMMAD WAFIUDDYN","B-6-18 ","Lelaki","PETANG (3.00 PETANG - 6.30 PETANG)","PERMAINAN KOMPUTER","","","","","","","","","","","","","","","","","","","","","","","","","","","","","","","","","","","","","","","","","","","","",""
"2026/04/20 3:41:01 pm GMT+8","9 tahun","","","","","","","","","","","","MUHAMMAD FAREEZ AMRI","A-3-13","Lelaki","PETANG (3.00 PETANG - 6.30 PETANG)","PERMAINAN KOMPUTER","","","","","","","","","","","","","","","","","","","","","","","","","","","","","","","","","","","","","","","","","","","","",""
"2026/04/20 3:43:15 pm GMT+8","8 tahun","","","","","","","MUHAMMAD AARIZ RAFIQIN","A-3-12","Lelaki","PETANG (3.00 PETANG - 6.30 PETANG)","PERMAINAN KOMPUTER","","","","","","","","","","","","","","","","","","","","","","","","","","","","","","","","","","","","","","","","","","","","","","","","","",""
"2026/04/20 4:14:12 pm GMT+8","12 tahun","","","","","","","","","","","","","","","","","","","","","","","","","","","NUR MIZA ILYANA BINTI MAZLI","A-06-08","Perempuan","PETANG (3.00 PETANG - 6.30 PETANG)","KELAS TUISYEN","","","","","","","","","","","","","","","","","","","","","","","","","","","","","",""
"2026/04/20 5:29:15 pm GMT+8","16 tahun","","","","","","","","","","","","","","","","","","","","","","","","","","","","","","","","","","","","","","","","","","","","","","","ADAM ZAKRY BIN ZUL AMALI","B-13-10","Lelaki","PETANG (3.00 PETANG - 6.30 PETANG)","AKTIVITI SANTAI","","","","","","","","","",""
"2026/04/20 5:29:50 pm GMT+8","15 tahun","","","","","","","","","","","","","","","","","","","","","","","","","","","","","","","","","","","","","","","","","","MUHAMMAD HARRAZ SAUQI BIN KAMA","A-07-05","Lelaki","PETANG (3.00 PETANG - 6.30 PETANG)","AKTIVITI SANTAI","","","","","","","","","","","","","","",""
"2026/04/20 5:31:09 pm GMT+8","15 tahun","","","","","","","","","","","","","","","","","","","","","","","","","","","","","","","","","","","","","","","","","","SITI NUR HASIRA BINTI MUHAMMADUN","B-02-14","Perempuan","PETANG (3.00 PETANG - 6.30 PETANG)","AKTIVITI SANTAI","","","","","","","","","","","","","","",""
"2026/04/20 5:31:30 pm GMT+8","17 tahun","","","","","","","","","","","","","","","","","","","","","","","","","","","","","","","","","","","","","","","","","","","","","","","","","","","","NUR QASEH QAISARA BINTI ABD RAHIM","A-04-10","Perempuan","PETANG (3.00 PETANG - 6.30 PETANG)","AKITIVITI SANTAI","","","","",""
"2026/04/20 8:01:55 pm GMT+8","12 tahun","","","","","","","","","","","","","","","","","","","","","","","","","","","MOHAMED ADAM DANIAL BIN MOHD NASIR","B-15-18","Lelaki","MALAM (8.00 MALAM - 10.00 MALAM)","AKTIVITI SANTAI","","","","","","","","","","","","","","","","","","","","","","","","","","","","","",""
"2026/04/20 8:02:47 pm GMT+8","13 tahun","","","","","","","","","","","","","","","","","","","","","","","","","","","","","","","","Muhammad shahaziq aiman","A-11-06","Lelaki","MALAM (8.00 MALAM - 10.00 MALAM)","AKTIVITI SANTAI","","","","","","","","","","","","","","","","","","","","","","","","",""
"2026/04/20 8:03:32 pm GMT+8","13 tahun","","","","","","","","","","","","","","","","","","","","","","","","","","","","","","","","MOHAMMAD ZHARR RAYYAN BIN HALIM","C-14-07","Lelaki","MALAM (8.00 MALAM - 10.00 MALAM)","AKTIVITI SANTAI","","","","","","","","","","","","","","","","","","","","","","","","",""
"2026/04/20 8:04:08 pm GMT+8","13 tahun","","","","","","","","","","","","","","","","","","","","","","","","","","","","","","","","MUHAMAD RAMADAN BN MUHAMADUN","B-02-14","Lelaki","MALAM (8.00 MALAM - 10.00 MALAM)","AKTIVITI SANTAI","","","","","","","","","","","","","","","","","","","","","","","","",""
"2026/04/20 8:10:17 pm GMT+8","8 tahun","","","","","","","MUHAMAD AYAS BN MUHAMADUN","B-02-14","Lelaki","MALAM (8.00 MALAM - 10.00 MALAM)","AKTIVITI SANTAI","","","","","","","","","","","","","","","","","","","","","","","","","","","","","","","","","","","","","","","","","","","","","","","","","",""
"2026/04/20 8:16:52 pm GMT+8","13 tahun","","","","","","","","","","","","","","","","","","","","","","","","","","","","","","","","QASEH NUR SALINA","A-07-05","Perempuan","MALAM (8.00 MALAM - 10.00 MALAM)","AKTIVITI SANTAI","","","","","","","","","","","","","","","","","","","","","","","","",""
"2026/04/20 8:17:44 pm GMT+8","12 tahun","","","","","","","","","","","","","","","","","","","","","","","","","","","NUR MIZA ILYANA BINTI MAZLI","A-06-08","Perempuan","MALAM (8.00 MALAM - 10.00 MALAM)","AKTIVITI SANTAI","","","","","","","","","","","","","","","","","","","","","","","","","","","","","",""
"2026/04/20 8:18:02 pm GMT+8","9 tahun","","","","","","","","","","","","NUR AAIRA ILYANA BINTI MAZLI","A-06-08","Perempuan","MALAM (8.00 MALAM - 10.00 MALAM)","AKTIVITI SANTAI","","","","","","","","","","","","","","","","","","","","","","","","","","","","","","","","","","","","","","","","","","","","",""
"2026/04/20 8:18:54 pm GMT+8","11 tahun","","","","","","","","","","","","","","","","","","","","","","SUHAILA HANIFA BINTI MUHAMMADUN","B-02-14","Perempuan","MALAM (8.00 MALAM - 10.00 MALAM)","AKTIVITI SANTAI","","","","","","","","","","","","","","","","","","","","","","","","","","","","","","","","","","",""
"2026/04/20 8:19:18 pm GMT+8","11 tahun","","","","","","","","","","","","","","","","","","","","","","NUR AFIRA RAISYA BIN MUHAMAD FAIZAL","B-10-18","Perempuan","MALAM (8.00 MALAM - 10.00 MALAM)","AKTIVITI SANTAI","","","","","","","","","","","","","","","","","","","","","","","","","","","","","","","","","","",""
"2026/04/20 8:50:29 pm GMT+8","13 tahun","","","","","","","","","","","","","","","","","","","","","","","","","","","","","","","","MUHAMMAD SHAHIR HAIKAL BIN ROSLAN","C-11-05","Lelaki","MALAM (8.00 MALAM - 10.00 MALAM)","AKTIVITI SANTAI","","","","","","","","","","","","","","","","","","","","","","","","",""
"2026/04/20 9:18:10 pm GMT+8","17 tahun","","","","","","","","","","","","","","","","","","","","","","","","","","","","","","","","","","","","","","","","","","","","","","","","","","","","MOHAMAD AZRUL AZRAI BIN HISHAM","B-13-12","Lelaki","MALAM (8.00 MALAM - 10.00 MALAM)","AKITIVITI SANTAI","","","","",""
"2026/04/20 9:18:45 pm GMT+8","18 tahun ke atas","","","","","","","","","","","","","","","","","","","","","","","","","","","","","","","","","","","","","","","","","","","","","","","","","","","","","","","","","MAIZATULAKMA LISA AQILAH BINTI ABDULLAH","Perempuan","B-4-16","MALAM ( 8.00 MALAM - 10.00 MALAM)","AKTIVITI SANTAI"
"2026/04/20 9:19:04 pm GMT+8","17 tahun","","","","","","","","","","","","","","","","","","","","","","","","","","","","","","","","","","","","","","","","","","","","","","","","","","","","NUR QASEH QAISARA BINTI ABD RAHIM","A-04-10","Perempuan","MALAM (8.00 MALAM - 10.00 MALAM)","AKITIVITI SANTAI","","","","",""
"2026/04/20 9:19:45 pm GMT+8","15 tahun","","","","","","","","","","","","","","","","","","","","","","","","","","","","","","","","","","","","","","","","","","SITI NUR HASIRA BINTI MUHAMMADUN","B-02-14","Perempuan","MALAM (8.00 MALAM - 10.00 MALAM)","AKTIVITI SANTAI","","","","","","","","","","","","","","",""
"2026/04/20 9:34:17 pm GMT+8","13 tahun","","","","","","","","","","","","","","","","","","","","","","","","","","","","","","","","MUHAMAD QHAIRIL BIN MOHD KHAIRUL ANUAR","B-13-19","Lelaki","MALAM (8.00 MALAM - 10.00 MALAM)","AKTIVITI SANTAI","","","","","","","","","","","","","","","","","","","","","","","","",""
"2026/04/21 3:14:25 pm GMT+8","10 tahun","","","","","","","","","","","","","","","","","ZAHIRA ARDHANI","B-5-17","Perempuan","PETANG (3.00 PETANG - 6.30 PETANG)","AKTIVITI SANTAI","","","","","","","","","","","","","","","","","","","","","","","","","","","","","","","","","","","","","","","",""
"2026/04/21 3:14:57 pm GMT+8","12 tahun","","","","","","","","","","","","","","","","","","","","","","","","","","","NUR KHAIRUNNIL AZZALEA BINTI AZLAN SHAH","B-15-08","Perempuan","PETANG (3.00 PETANG - 6.30 PETANG)","AKTIVITI SANTAI","","","","","","","","","","","","","","","","","","","","","","","","","","","","","",""
"2026/04/21 3:19:56 pm GMT+8","9 tahun","","","","","","","","","","","","NUR AAIRA ILYANA BINTI MAZLI","A-06-08","Perempuan","PETANG (3.00 PETANG - 6.30 PETANG)","AKTIVITI SANTAI","","","","","","","","","","","","","","","","","","","","","","","","","","","","","","","","","","","","","","","","","","","","",""
"2026/04/21 3:20:16 pm GMT+8","11 tahun","","","","","","","","","","","","","","","","","","","","","","QASEH NUR ZAHRA BIN KAMA","A-07-05","Perempuan","PETANG (3.00 PETANG - 6.30 PETANG)","AKTIVITI SANTAI","","","","","","","","","","","","","","","","","","","","","","","","","","","","","","","","","","",""
"2026/04/21 3:20:50 pm GMT+8","12 tahun","","","","","","","","","","","","","","","","","","","","","","","","","","","NUR MIZA ILYANA BINTI MAZLI","A-06-08","Perempuan","PETANG (3.00 PETANG - 6.30 PETANG)","AKTIVITI SANTAI","","","","","","","","","","","","","","","","","","","","","","","","","","","","","",""
"2026/04/21 3:21:10 pm GMT+8","12 tahun","","","","","","","","","","","","","","","","","","","","","","","","","","","NUR SALSABILLA RAMADHANI BINTI ABD RAHIM","A-04-10","Perempuan","PETANG (3.00 PETANG - 6.30 PETANG)","AKTIVITI SANTAI","","","","","","","","","","","","","","","","","","","","","","","","","","","","","",""
"2026/04/21 3:21:45 pm GMT+8","12 tahun","","","","","","","","","","","","","","","","","","","","","","","","","","","NUR KHAIRUNNIL AZZALEA BINTI AZLAN SHAH","B-15-08","Perempuan","PETANG (3.00 PETANG - 6.30 PETANG)","AKTIVITI SANTAI","","","","","","","","","","","","","","","","","","","","","","","","","","","","","",""
"2026/04/21 3:22:10 pm GMT+8","13 tahun","","","","","","","","","","","","","","","","","","","","","","","","","","","","","","","","QASEH NUR SALINA","A-07-05","Perempuan","PETANG (3.00 PETANG - 6.30 PETANG)","AKTIVITI SANTAI","","","","","","","","","","","","","","","","","","","","","","","","",""
"2026/04/21 3:22:38 pm GMT+8","13 tahun","","","","","","","","","","","","","","","","","","","","","","","","","","","","","","","","MUHAMMAD SAFUANAJMIN BIN JASMI","B-05-12","Lelaki","PETANG (3.00 PETANG - 6.30 PETANG)","AKTIVITI SANTAI","","","","","","","","","","","","","","","","","","","","","","","","",""
"2026/04/21 3:28:47 pm GMT+8","15 tahun","","","","","","","","","","","","","","","","","","","","","","","","","","","","","","","","","","","","","","","","","","ARIF DANIEL BIN FAIZUL AZLI","B-13-06","Lelaki","PETANG (3.00 PETANG - 6.30 PETANG)","AKTIVITI SANTAI","","","","","","","","","","","","","","",""
"2026/04/21 3:30:08 pm GMT+8","13 tahun","","","","","","","","","","","","","","","","","","","","","","","","","","","","","","","","QASEH NUR SALINA","A-07-05","Perempuan","PETANG (3.00 PETANG - 6.30 PETANG)","AKTIVITI SANTAI","","","","","","","","","","","","","","","","","","","","","","","","",""
"2026/04/21 3:45:41 pm GMT+8","12 tahun","","","","","","","","","","","","","","","","","","","","","","","","","","","NUR MIZA ILYANA BINTI MAZLI","A-06-08","Perempuan","PETANG (3.00 PETANG - 6.30 PETANG)","AKTIVITI SANTAI","","","","","","","","","","","","","","","","","","","","","","","","","","","","","",""
"2026/04/21 4:14:59 pm GMT+8","16 tahun","","","","","","","","","","","","","","","","","","","","","","","","","","","","","","","","","","","","","","","","","","","","","","","ADAM ZAKRY BIN ZUL AMALI","B-13-10","Lelaki","PETANG (3.00 PETANG - 6.30 PETANG)","AKTIVITI SANTAI","","","","","","","","","",""
"2026/04/21 4:52:44 pm GMT+8","15 tahun","","","","","","","","","","","","","","","","","","","","","","","","","","","","","","","","","","","","","","","","","","SITI NUR HASIRA BINTI MUHAMMADUN","B-02-14","Perempuan","PETANG (3.00 PETANG - 6.30 PETANG)","AKTIVITI SANTAI","","","","","","","","","","","","","","",""
"2026/04/21 4:55:30 pm GMT+8","12 tahun","","","","","","","","","","","","","","","","","","","","","","","","","","","MUHAMMAD RAYYAN ADAM","B-17-14","Lelaki","PETANG (3.00 PETANG - 6.30 PETANG)","AKTIVITI SANTAI","","","","","","","","","","","","","","","","","","","","","","","","","","","","","",""
"2026/04/21 4:56:05 pm GMT+8","12 tahun","","","","","","","","","","","","","","","","","","","","","","","","","","","MOHAMED ADAM DANIAL BIN MOHD NASIR","B-15-18","Lelaki","PETANG (3.00 PETANG - 6.30 PETANG)","AKTIVITI SANTAI","","","","","","","","","","","","","","","","","","","","","","","","","","","","","",""
"2026/04/21 6:20:04 pm GMT+8","15 tahun","","","","","","","","","","","","","","","","","","","","","","","","","","","","","","","","","","","","","","","","","","NUR ALIA HUSNA BINTI ABDUL HADI","C-10-09","Perempuan","PETANG (3.00 PETANG - 6.30 PETANG)","AKTIVITI SANTAI","","","","","","","","","","","","","","",""
"2026/04/21 6:20:32 pm GMT+8","15 tahun","","","","","","","","","","","","","","","","","","","","","","","","","","","","","","","","","","","","","","","","","","NOR DAMIA FATIN BINTI GHAFFAR","C-06-10","Perempuan","PETANG (3.00 PETANG - 6.30 PETANG)","AKTIVITI SANTAI","","","","","","","","","","","","","","",""
"2026/04/21 8:10:26 pm GMT+8","12 tahun","","","","","","","","","","","","","","","","","","","","","","","","","","","MUHD FARISH HAIQAL BIN MOHD FAIRUZ","C-8-14","Lelaki","MALAM (8.00 MALAM - 10.00 MALAM)","PERMAINAN KOMPUTER","","","","","","","","","","","","","","","","","","","","","","","","","","","","","",""
"2026/04/21 8:10:55 pm GMT+8","12 tahun","","","","","","","","","","","","","","","","","","","","","","","","","","","MUHAMMAD TAUFIQ AL AMIN BIN MOHD RIZAN","B-08-08","Lelaki","MALAM (8.00 MALAM - 10.00 MALAM)","KELAS TUISYEN","","","","","","","","","","","","","","","","","","","","","","","","","","","","","",""
"2026/04/21 8:11:39 pm GMT+8","12 tahun","","","","","","","","","","","","","","","","","","","","","","","","","","","MUHAMMAD AZRUL AZIEB BIN HISHAM","B-13-12","Lelaki","MALAM (8.00 MALAM - 10.00 MALAM)","KELAS TUISYEN","","","","","","","","","","","","","","","","","","","","","","","","","","","","","",""
"2026/04/21 8:12:16 pm GMT+8","12 tahun","","","","","","","","","","","","","","","","","","","","","","","","","","","SARAH KHAIRINA DHAMIRAH BT ARMAN","B-08-10","Perempuan","MALAM (8.00 MALAM - 10.00 MALAM)","KELAS TUISYEN","","","","","","","","","","","","","","","","","","","","","","","","","","","","","",""
"2026/04/21 8:13:01 pm GMT+8","12 tahun","","","","","","","","","","","","","","","","","","","","","","","","","","","NURATHIRA SYAHIRAH BINTI MOHAMAD","C-13-14","Perempuan","MALAM (8.00 MALAM - 10.00 MALAM)","KELAS TUISYEN","","","","","","","","","","","","","","","","","","","","","","","","","","","","","",""
"2026/04/21 8:13:42 pm GMT+8","12 tahun","","","","","","","","","","","","","","","","","","","","","","","","","","","NURUL HAWA AMANI BINTI SULAIMAN","C-13-03","Perempuan","MALAM (8.00 MALAM - 10.00 MALAM)","KELAS TUISYEN","","","","","","","","","","","","","","","","","","","","","","","","","","","","","",""
"2026/04/21 8:14:27 pm GMT+8","12 tahun","","","","","","","","","","","","","","","","","","","","","","","","","","","NURUL HAWA AMANI BINTI SULAIMAN","C-13-03","Perempuan","MALAM (8.00 MALAM - 10.00 MALAM)","KELAS TUISYEN","","","","","","","","","","","","","","","","","","","","","","","","","","","","","",""
"2026/04/21 8:22:38 pm GMT+8","12 tahun","","","","","","","","","","","","","","","","","","","","","","","","","","","NUR SOFEA SOLEHAH","C-12-14","Perempuan","MALAM (8.00 MALAM - 10.00 MALAM)","KELAS TUISYEN","","","","","","","","","","","","","","","","","","","","","","","","","","","","","",""
"2026/04/21 8:23:06 pm GMT+8","12 tahun","","","","","","","","","","","","","","","","","","","","","","","","","","","NUR FATHIA ALEEYA BINTI MUHD FAZIHAN","B-14-10","Perempuan","MALAM (8.00 MALAM - 10.00 MALAM)","KELAS TUISYEN","","","","","","","","","","","","","","","","","","","","","","","","","","","","","",""
"2026/04/21 8:27:34 pm GMT+8","11 tahun","","","","","","","","","","","","","","","","","","","","","","SUHAILA HANIFA BINTI MUHAMMADUN","B-02-14","Perempuan","MALAM (8.00 MALAM - 10.00 MALAM)","Latihan sains","","","","","","","","","","","","","","","","","","","","","","","","","","","","","","","","","","",""
"2026/04/21 8:39:40 pm GMT+8","13 tahun","","","","","","","","","","","","","","","","","","","","","","","","","","","","","","","","MUHAMMAD SHAHIR HAIKAL BIN ROSLAN","C-11-17","Lelaki","MALAM (8.00 MALAM - 10.00 MALAM)","AKTIVITI SANTAI","","","","","","","","","","","","","","","","","","","","","","","","",""
"2026/04/21 8:41:16 pm GMT+8","13 tahun","","","","","","","","","","","","","","","","","","","","","","","","","","","","","","","","MUHAMAD RAMADAN BN MUHAMADUN","B-02-14","Lelaki","MALAM (8.00 MALAM - 10.00 MALAM)","AKTIVITI SANTAI","","","","","","","","","","","","","","","","","","","","","","","","",""
"2026/04/21 8:42:03 pm GMT+8","16 tahun","","","","","","","","","","","","","","","","","","","","","","","","","","","","","","","","","","","","","","","","","","","","","","","ADAM ZAKRY BIN ZUL AMALI","B-13-10","Lelaki","MALAM (8.00 MALAM - 10.00 MALAM)","AKTIVITI SANTAI","","","","","","","","","",""
"2026/04/21 9:30:12 pm GMT+8","11 tahun","","","","","","","","","","","","","","","","","","","","","","QASEH NUR ZAHRA BIN KAMA","A-07-05","Perempuan","MALAM (8.00 MALAM - 10.00 MALAM)","AKTIVITI SANTAI","","","","","","","","","","","","","","","","","","","","","","","","","","","","","","","","","","",""
"2026/04/21 9:31:29 pm GMT+8","13 tahun","","","","","","","","","","","","","","","","","","","","","","","","","","","","","","","","MUHAMAD QHAIRIL BIN MOHD KHAIRUL ANUAR","B-13-19","Perempuan","MALAM (8.00 MALAM - 10.00 MALAM)","AKTIVITI SANTAI","","","","","","","","","","","","","","","","","","","","","","","","",""
"2026/04/21 9:32:41 pm GMT+8","12 tahun","","","","","","","","","","","","","","","","","","","","","","","","","","","MOHAMED ADAM DANIAL BIN MOHD NASIR","B-15-18","Lelaki","MALAM (8.00 MALAM - 10.00 MALAM)","AKTIVITI SANTAI","","","","","","","","","","","","","","","","","","","","","","","","","","","","","",""
"2026/04/22 3:38:54 pm GMT+8","11 tahun","","","","","","","","","","","","","","","","","","","","","","QASEH NUR ZAHRA BIN KAMA","A-07-05","Perempuan","PETANG (3.00 PETANG - 6.30 PETANG)","AKTIVITI SANTAI","","","","","","","","","","","","","","","","","","","","","","","","","","","","","","","","","","",""
"2026/04/22 3:39:45 pm GMT+8","11 tahun","","","","","","","","","","","","","","","","","","","","","","NUR ANEESA ILYANA BINTI MAZLI","A-06-08","Perempuan","PETANG (3.00 PETANG - 6.30 PETANG)","AKTIVITI SANTAI","","","","","","","","","","","","","","","","","","","","","","","","","","","","","","","","","","",""
"2026/04/22 3:40:25 pm GMT+8","15 tahun","","","","","","","","","","","","","","","","","","","","","","","","","","","","","","","","","","","","","","","","","","SITI NUR HASIRA BINTI MUHAMMADUN","B-02-14","Perempuan","PETANG (3.00 PETANG - 6.30 PETANG)","AKTIVITI SANTAI","","","","","","","","","","","","","","",""
"2026/04/22 3:41:26 pm GMT+8","11 tahun","","","","","","","","","","","","","","","","","","","","","","NUR AFIRA RAISYA BIN MUHAMAD FAIZAL","B-10-18","Perempuan","PETANG (3.00 PETANG - 6.30 PETANG)","AKTIVITI SANTAI","","","","","","","","","","","","","","","","","","","","","","","","","","","","","","","","","","",""
"2026/04/22 3:43:54 pm GMT+8","11 tahun","","","","","","","","","","","","","","","","","","","","","","NUR ARIANA SAFIYA NABILA BINTI MHD YUSNI","A-05-09","Perempuan","PETANG (3.00 PETANG - 6.30 PETANG)","AKTIVITI SANTAI","","","","","","","","","","","","","","","","","","","","","","","","","","","","","","","","","","",""
"2026/04/22 3:46:58 pm GMT+8","11 tahun","","","","","","","","","","","","","","","","","","","","","","SUHAILA HANIFA BINTI MUHAMMADUN","B-02-14","Perempuan","PETANG (3.00 PETANG - 6.30 PETANG)","AKTIVITI SANTAI","","","","","","","","","","","","","","","","","","","","","","","","","","","","","","","","","","",""
"2026/04/22 3:54:41 pm GMT+8","16 tahun","","","","","","","","","","","","","","","","","","","","","","","","","","","","","","","","","","","","","","","","","","","","","","","ADAM ZAKRY BIN ZUL AMALI","B-13-10","Lelaki","PETANG (3.00 PETANG - 6.30 PETANG)","AKTIVITI SANTAI","","","","","","","","","",""
"2026/04/22 3:55:25 pm GMT+8","18 tahun ke atas","","","","","","","","","","","","","","","","","","","","","","","","","","","","","","","","","","","","","","","","","","","","","","","","","","","","","","","","","MUHAMAD FITRI ASHARI BIN MUHAMAD FAIZAN","Lelaki","B-4-06","PETANG (3.00 PETANG - 6.30 PETANG","PERMAINAN KOMPUTER"
"2026/04/22 3:56:48 pm GMT+8","16 tahun","","","","","","","","","","","","","","","","","","","","","","","","","","","","","","","","","","","","","","","","","","","","","","","MOHAMAD AZRUL AZIEM BIN HISHAM","B-13-12","Lelaki","PETANG (3.00 PETANG - 6.30 PETANG)","HOMEWORK CLUB","","","","","","","","","",""
"2026/04/22 3:57:40 pm GMT+8","15 tahun","","","","","","","","","","","","","","","","","","","","","","","","","","","","","","","","","","","","","","","","","","MUHAMMAD HARRAZ SAUQI BIN KAMA","A-07-05","Lelaki","PETANG (3.00 PETANG - 6.30 PETANG)","AKTIVITI SANTAI","","","","","","","","","","","","","","",""
"2026/04/22 4:03:02 pm GMT+8","9 tahun","","","","","","","","","","","","MUHAMMAD AZALI BIN FIZI","C-12-20","Lelaki","PETANG (3.00 PETANG - 6.30 PETANG)","MENONTON TELEVISYEN","","","","","","","","","","","","","","","","","","","","","","","","","","","","","","","","","","","","","","","","","","","","",""
"2026/04/22 4:04:20 pm GMT+8","10 tahun","","","","","","","","","","","","","","","","","ZUL HAKIF BIN MOHD EZUAN","C-16-09","Lelaki","PETANG (3.00 PETANG - 6.30 PETANG)","PERMAINAN DALAMAN","","","","","","","","","","","","","","","","","","","","","","","","","","","","","","","","","","","","","","","",""
"2026/04/22 4:15:56 pm GMT+8","12 tahun","","","","","","","","","","","","","","","","","","","","","","","","","","","MUHAMMAD KHAIRUL SYAFIQ","C-8-10","Lelaki","PETANG (3.00 PETANG - 6.30 PETANG)","AKTIVITI SANTAI","","","","","","","","","","","","","","","","","","","","","","","","","","","","","",""
"2026/04/22 4:21:09 pm GMT+8","11 tahun","","","","","","","","","","","","","","","","","","","","",""," NUR AQASHA NABILA BINTI MHD NISAM","A-03-16","Perempuan","PETANG (3.00 PETANG - 6.30 PETANG)","AKTIVITI SANTAI","","","","","","","","","","","","","","","","","","","","","","","","","","","","","","","","","","",""
"2026/04/22 4:22:23 pm GMT+8","17 tahun","","","","","","","","","","","","","","","","","","","","","","","","","","","","","","","","","","","","","","","","","","","","","","","","","","","","MOHAMAD AZRUL AZRAI BIN HISHAM","B-13-12","Lelaki","PETANG (3.00 PETANG - 6.30 PETANG)","AKITIVITI SANTAI","","","","",""
"2026/04/22 5:15:48 pm GMT+8","12 tahun","","","","","","","","","","","","","","","","","","","","","","","","","","","MOHAMED ADAM DANIAL BIN MOHD NASIR","B-15-18","Lelaki","PETANG (3.00 PETANG - 6.30 PETANG)","AKTIVITI SANTAI","","","","","","","","","","","","","","","","","","","","","","","","","","","","","",""
"2026/04/22 5:16:16 pm GMT+8","12 tahun","","","","","","","","","","","","","","","","","","","","","","","","","","","MUHAMMAD RAYYAN ADAM","B-17-14","Lelaki","PETANG (3.00 PETANG - 6.30 PETANG)","AKTIVITI SANTAI","","","","","","","","","","","","","","","","","","","","","","","","","","","","","",""
"2026/04/22 8:10:16 pm GMT+8","13 tahun","","","","","","","","","","","","","","","","","","","","","","","","","","","","","","","","MUHAMAD RAMADAN BN MUHAMADUN","B-02-14","Lelaki","MALAM (8.00 MALAM - 10.00 MALAM)","AKTIVITI SANTAI","","","","","","","","","","","","","","","","","","","","","","","","",""
"2026/04/22 8:10:39 pm GMT+8","15 tahun","","","","","","","","","","","","","","","","","","","","","","","","","","","","","","","","","","","","","","","","","","SITI NUR HASIRA BINTI MUHAMMADUN","B-02-14","Perempuan","MALAM (8.00 MALAM - 10.00 MALAM)","AKTIVITI SANTAI","","","","","","","","","","","","","","",""
"2026/04/22 8:11:10 pm GMT+8","17 tahun","","","","","","","","","","","","","","","","","","","","","","","","","","","","","","","","","","","","","","","","","","","","","","","","","","","","LUTH MIKHAIL BIN AHMAD NOOR","C-09-20","Lelaki","MALAM (8.00 MALAM - 10.00 MALAM)","AKITIVITI SANTAI","","","","",""
"2026/04/22 8:17:27 pm GMT+8","17 tahun","","","","","","","","","","","","","","","","","","","","","","","","","","","","","","","","","","","","","","","","","","","","","","","","","","","","MOHAMAD AZRUL AZRAI BIN HISHAM","B-13-12","Lelaki","MALAM (8.00 MALAM - 10.00 MALAM)","AKITIVITI SANTAI","","","","",""
"2026/04/22 8:18:22 pm GMT+8","13 tahun","","","","","","","","","","","","","","","","","","","","","","","","","","","","","","","","MUHAMAD QHAIRIL BIN MOHD KHAIRUL ANUAR","B-13-19","Lelaki","MALAM (8.00 MALAM - 10.00 MALAM)","AKTIVITI SANTAI","","","","","","","","","","","","","","","","","","","","","","","","",""
"2026/04/22 8:28:15 pm GMT+8","16 tahun","","","","","","","","","","","","","","","","","","","","","","","","","","","","","","","","","","","","","","","","","","","","","","","ADAM ZAKRY BIN ZUL AMALI","B-13-10","Lelaki","MALAM (8.00 MALAM - 10.00 MALAM)","AKTIVITI SANTAI","","","","","","","","","",""
"2026/04/22 10:03:16 pm GMT+8","15 tahun","","","","","","","","","","","","","","","","","","","","","","","","","","","","","","","","","","","","","","","","","","NOR DAMIA FATIN BINTI GHAFFAR","C-06-10","Perempuan","MALAM (8.00 MALAM - 10.00 MALAM)","AKTIVITI SANTAI","","","","","","","","","","","","","","",""
"2026/04/23 4:10:27 pm GMT+8","12 tahun","","","","","","","","","","","","","","","","","","","","","","","","","","","NUR SALSABILLA RAMADHANI BINTI ABD RAHIM","A-04-10","Perempuan","PETANG (3.00 PETANG - 6.30 PETANG)","PERMAINAN DALAMAN","","","","","","","","","","","","","","","","","","","","","","","","","","","","","",""
"2026/04/23 4:12:49 pm GMT+8","11 tahun","","","","","","","","","","","","","","","","","","","","","","SUHAILA HANIFA BINTI MUHAMMADUN","B-02-14","Perempuan","PETANG (3.00 PETANG - 6.30 PETANG)","AKTIVITI SANTAI","","","","","","","","","","","","","","","","","","","","","","","","","","","","","","","","","","",""
"2026/04/23 4:14:15 pm GMT+8","10 tahun","","","","","","","","","","","","","","","","","ZAHIRA ARDHANN","B-5-17","Perempuan","PETANG (3.00 PETANG - 6.30 PETANG)","AKTIVITI SANTAI","","","","","","","","","","","","","","","","","","","","","","","","","","","","","","","","","","","","","","","",""
"2026/04/23 4:16:25 pm GMT+8","12 tahun","","","","","","","","","","","","","","","","","","","","","","","","","","","ERRYSHA DAWEYYA BINTI MOHD  ROSDI","C-6-16","Perempuan","PETANG (3.00 PETANG - 6.30 PETANG)","AKTIVITI SANTAI","","","","","","","","","","","","","","","","","","","","","","","","","","","","","",""
"2026/04/23 4:17:54 pm GMT+8","10 tahun","","","","","","","","","","","","","","","","","ERRYSYAM AMEER AIMAN  BIN ABDULLAH","C-6-16","Lelaki","PETANG (3.00 PETANG - 6.30 PETANG)","AKTIVITI SANTAI","","","","","","","","","","","","","","","","","","","","","","","","","","","","","","","","","","","","","","","",""
"2026/04/23 4:19:12 pm GMT+8","10 tahun","","","","","","","","","","","","","","","","","ZUL HAKIF BIN MOHD EZUAN","C-16-09","Lelaki","PETANG (3.00 PETANG - 6.30 PETANG)","AKTIVITI SANTAI","","","","","","","","","","","","","","","","","","","","","","","","","","","","","","","","","","","","","","","",""
"2026/04/23 4:21:32 pm GMT+8","10 tahun","","","","","","","","","","","","","","","","","MUHAMMAD RAMADHAN FITRI","C-10-19","Lelaki","PETANG (3.00 PETANG - 6.30 PETANG)","AKTIVITI SANTAI","","","","","","","","","","","","","","","","","","","","","","","","","","","","","","","","","","","","","","","",""
"2026/04/23 4:22:02 pm GMT+8","10 tahun","","","","","","","","","","","","","","","","","ZUL HAKIF BIN MOHD EZUAN","C-16-09","Lelaki","PETANG (3.00 PETANG - 6.30 PETANG)","AKTIVITI SANTAI","","","","","","","","","","","","","","","","","","","","","","","","","","","","","","","","","","","","","","","",""
"2026/04/23 4:26:33 pm GMT+8","8 tahun","","","","","","","ERRYSYAM AFEEZ AMSYAR"," C-6-16","Lelaki","PETANG (3.00 PETANG - 6.30 PETANG)","AKTIVITI MODUL","","","","","","","","","","","","","","","","","","","","","","","","","","","","","","","","","","","","","","","","","","","","","","","","","",""
"2026/04/23 4:30:15 pm GMT+8","7 tahun ke bawah","ERRYSYAM ARIQ ARYAN BIN MOHD AIMAN","7 tahun","C-6-16","Lelaki","PETANG (3.00 PETANG - 6.30 PETANG)","AKTIVITI SANTAI","","","","","","","","","","","","","","","","","","","","","","","","","","","","","","","","","","","","","","","","","","","","","","","","","","","","","","",""
"2026/04/23 4:32:46 pm GMT+8","15 tahun","","","","","","","","","","","","","","","","","","","","","","","","","","","","","","","","","","","","","","","","","","MUHAMAD ARFAN AQIM BIN ARMAN","B-08-10","Lelaki","PETANG (3.00 PETANG - 6.30 PETANG)","AKTIVITI SANTAI","","","","","","","","","","","","","","",""
"2026/04/23 4:33:34 pm GMT+8","15 tahun","","","","","","","","","","","","","","","","","","","","","","","","","","","","","","","","","","","","","","","","","","MUHAMMAD HARRAZ SAUQI BIN KAMA","A-07-05","Lelaki","PETANG (3.00 PETANG - 6.30 PETANG)","AKTIVITI SANTAI","","","","","","","","","","","","","","",""
"2026/04/23 4:45:26 pm GMT+8","13 tahun","","","","","","","","","","","","","","","","","","","","","","","","","","","","","","","","MUHAMAD QHAIRIL BIN MOHD KHAIRUL ANUAR","B-13-19","Lelaki","PETANG (3.00 PETANG - 6.30 PETANG)","AKTIVITI SANTAI","","","","","","","","","","","","","","","","","","","","","","","","",""
"2026/04/23 4:46:08 pm GMT+8","16 tahun","","","","","","","","","","","","","","","","","","","","","","","","","","","","","","","","","","","","","","","","","","","","","","","MOHAMAD AZRUL AZIEM BIN HISHAM","B-13-12","Lelaki","PETANG (3.00 PETANG - 6.30 PETANG)","AKTIVITI SANTAI","","","","","","","","","",""
"2026/04/23 4:49:46 pm GMT+8","17 tahun","","","","","","","","","","","","","","","","","","","","","","","","","","","","","","","","","","","","","","","","","","","","","","","","","","","","NUR QASEH QAISARA BINTI ABD RAHIM","A-04-10","Perempuan","PETANG (3.00 PETANG - 6.30 PETANG)","AKTIVITI MODUL","","","","",""
"2026/04/23 4:53:51 pm GMT+8","15 tahun","","","","","","","","","","","","","","","","","","","","","","","","","","","","","","","","","","","","","","","","","","SITI NUR HASIRA BINTI MUHAMMADUN","B-02-14","Perempuan","PETANG (3.00 PETANG - 6.30 PETANG)","AKTIVITI SANTAI","","","","","","","","","","","","","","",""
"2026/04/23 4:57:25 pm GMT+8","12 tahun","","","","","","","","","","","","","","","","","","","","","","","","","","","MUHAMMAD RAYYAN ADAM","B-17-14","Lelaki","PETANG (3.00 PETANG - 6.30 PETANG)","AKTIVITI SANTAI","","","","","","","","","","","","","","","","","","","","","","","","","","","","","",""
"2026/04/23 4:58:18 pm GMT+8","12 tahun","","","","","","","","","","","","","","","","","","","","","","","","","","","MOHAMED ADAM DANIAL BIN MOHD NASIR","B-15-18","Lelaki","PETANG (3.00 PETANG - 6.30 PETANG)","AKTIVITI SANTAI","","","","","","","","","","","","","","","","","","","","","","","","","","","","","",""
"2026/04/23 5:32:02 pm GMT+8","11 tahun","","","","","","","","","","","","","","","","","","","","","","QASEH NUR ZAHRA BIN KAMA","A-07-05","Perempuan","PETANG (3.00 PETANG - 6.30 PETANG)","AKTIVITI SANTAI","","","","","","","","","","","","","","","","","","","","","","","","","","","","","","","","","","",""
"2026/04/23 5:32:23 pm GMT+8","11 tahun","","","","","","","","","","","","","","","","","","","","","","NUR ANEESA ILYANA BINTI MAZLI","A-06-08","Perempuan","PETANG (3.00 PETANG - 6.30 PETANG)","AKTIVITI SANTAI","","","","","","","","","","","","","","","","","","","","","","","","","","","","","","","","","","",""
"2026/04/23 6:11:13 pm GMT+8","15 tahun","","","","","","","","","","","","","","","","","","","","","","","","","","","","","","","","","","","","","","","","","","NOR DAMIA FATIN BINTI GHAFFAR","C-06-10","Perempuan","PETANG (3.00 PETANG - 6.30 PETANG)","AKTIVITI SANTAI","","","","","","","","","","","","","","",""
"2026/04/23 8:04:07 pm GMT+8","13 tahun","","","","","","","","","","","","","","","","","","","","","","","","","","","","","","","","MUHAMMAD SAFUANAJMIN BIN JASMI","B-05-12","Lelaki","PETANG (3.00 PETANG - 6.30 PETANG)","AKTIVITI SANTAI","","","","","","","","","","","","","","","","","","","","","","","","",""
"2026/04/23 8:14:21 pm GMT+8","13 tahun","","","","","","","","","","","","","","","","","","","","","","","","","","","","","","","","Muhammad shahaziq aiman","A-11-06","Lelaki","MALAM (8.00 MALAM - 10.00 MALAM)","AKTIVITI SANTAI","","","","","","","","","","","","","","","","","","","","","","","","",""
"2026/04/23 8:14:43 pm GMT+8","12 tahun","","","","","","","","","","","","","","","","","","","","","","","","","","","MOHAMED ADAM DANIAL BIN MOHD NASIR","B-15-18","Lelaki","MALAM (8.00 MALAM - 10.00 MALAM)","AKTIVITI SANTAI","","","","","","","","","","","","","","","","","","","","","","","","","","","","","",""
"2026/04/23 8:17:10 pm GMT+8","16 tahun","","","","","","","","","","","","","","","","","","","","","","","","","","","","","","","","","","","","","","","","","","","","","","","Saidatul Umairah binti Md khairi","C-6-01","Perempuan","MALAM (8.00 MALAM - 10.00 MALAM)","AKTIVITI SANTAI","","","","","","","","","",""
"2026/04/23 8:21:02 pm GMT+8","15 tahun","","","","","","","","","","","","","","","","","","","","","","","","","","","","","","","","","","","","","","","","","","NOR DAMIA FATIN BINTI GHAFFAR","C-06-10","Perempuan","MALAM (8.00 MALAM - 10.00 MALAM)","AKTIVITI SANTAI","","","","","","","","","","","","","","",""
"2026/04/23 8:21:56 pm GMT+8","13 tahun","","","","","","","","","","","","","","","","","","","","","","","","","","","","","","","","MOHAMMAD ZHARR RAYYAN BIN HALIM","C-14-07","Lelaki","MALAM (8.00 MALAM - 10.00 MALAM)","AKTIVITI SANTAI","","","","","","","","","","","","","","","","","","","","","","","","",""
"2026/04/23 8:23:34 pm GMT+8","13 tahun","","","","","","","","","","","","","","","","","","","","","","","","","","","","","","","","MUHAMAD RAMADAN BN MUHAMADUN","B-02-14","Lelaki","MALAM (8.00 MALAM - 10.00 MALAM)","AKTIVITI SANTAI","","","","","","","","","","","","","","","","","","","","","","","","",""
"2026/04/23 8:23:59 pm GMT+8","15 tahun","","","","","","","","","","","","","","","","","","","","","","","","","","","","","","","","","","","","","","","","","","SITI NUR HASIRA BINTI MUHAMMADUN","B-02-14","Perempuan","MALAM (8.00 MALAM - 10.00 MALAM)","AKTIVITI SANTAI","","","","","","","","","","","","","","",""
"2026/04/23 8:28:49 pm GMT+8","17 tahun","","","","","","","","","","","","","","","","","","","","","","","","","","","","","","","","","","","","","","","","","","","","","","","","","","","","LUTH MIKHAIL BIN AHMAD NOOR","C-09-20","Lelaki","MALAM (8.00 MALAM - 10.00 MALAM)","LATIHAN MATEMATIK","","","","",""
"2026/04/23 8:35:18 pm GMT+8","15 tahun","","","","","","","","","","","","","","","","","","","","","","","","","","","","","","","","","","","","","","","","","","ARIF DANIEL BIN FAIZUL AZLI","B-13-06","Lelaki","MALAM (8.00 MALAM - 10.00 MALAM)","AKTIVITI SANTAI","","","","","","","","","","","","","","",""
"2026/04/23 8:35:48 pm GMT+8","13 tahun","","","","","","","","","","","","","","","","","","","","","","","","","","","","","","","","QASEH NUR SALINA","A-07-05","Perempuan","MALAM (8.00 MALAM - 10.00 MALAM)","AKTIVITI SANTAI","","","","","","","","","","","","","","","","","","","","","","","","",""
"2026/04/23 8:44:37 pm GMT+8","12 tahun","","","","","","","","","","","","","","","","","","","","","","","","","","","NUR SALSABILLA RAMADHANI BINTI ABD RAHIM","A-04-10","Perempuan","MALAM (8.00 MALAM - 10.00 MALAM)","HOMEWORK CLUB","","","","","","","","","","","","","","","","","","","","","","","","","","","","","",""
"2026/04/27 3:25:36 pm GMT+8","11 tahun","","","","","","","","","","","","","","","","","","","","","","NUR ANEESA ILYANA BINTI MAZLI","A-06-08","Perempuan","PETANG (3.00 PETANG - 6.30 PETANG)","AKTIVITI SANTAI","","","","","","","","","","","","","","","","","","","","","","","","","","","","","","","","","","",""
"2026/04/27 3:26:08 pm GMT+8","11 tahun","","","","","","","","","","","","","","","","","","","","","","QASEH NUR ZAHRA BIN KAMA","A-07-05","Perempuan","PETANG (3.00 PETANG - 6.30 PETANG)","AKTIVITI SANTAI","","","","","","","","","","","","","","","","","","","","","","","","","","","","","","","","","","",""
"2026/04/27 3:26:29 pm GMT+8","12 tahun","","","","","","","","","","","","","","","","","","","","","","","","","","","NUR SALSABILLA RAMADHANI BINTI ABD RAHIM","A-04-10","Perempuan","PETANG (3.00 PETANG - 6.30 PETANG)","AKTIVITI SANTAI","","","","","","","","","","","","","","","","","","","","","","","","","","","","","",""
"2026/04/27 3:28:08 pm GMT+8","12 tahun","","","","","","","","","","","","","","","","","","","","","","","","","","","MUHAMMAD KHARUL SYAFIQ","C-8-10","Lelaki","PETANG (3.00 PETANG - 6.30 PETANG)","AKTIVITI SANTAI","","","","","","","","","","","","","","","","","","","","","","","","","","","","","",""
"2026/04/27 3:29:29 pm GMT+8","10 tahun","","","","","","","","","","","","","","","","","MuHammad ramadhan fitri","C-10-19","Lelaki","PETANG (3.00 PETANG - 6.30 PETANG)","AKTIVITI SANTAI","","","","","","","","","","","","","","","","","","","","","","","","","","","","","","","","","","","","","","","",""
"2026/04/27 3:31:24 pm GMT+8","10 tahun","","","","","","","","","","","","","","","","","ERRYSYAM AMEER AIMAN BIN ABDULLAH","C-6-16","Lelaki","PETANG (3.00 PETANG - 6.30 PETANG)","PERMAINAN DALAMAN","","","","","","","","","","","","","","","","","","","","","","","","","","","","","","","","","","","","","","","",""
"2026/04/27 4:47:51 pm GMT+8","11 tahun","","","","","","","","","","","","","","","","","","","","","","SUHAILA HANIFA BINTI MUHAMMADUN","B-02-14","Perempuan","PETANG (3.00 PETANG - 6.30 PETANG)","AKTIVITI SANTAI","","","","","","","","","","","","","","","","","","","","","","","","","","","","","","","","","","",""
"2026/04/27 4:48:31 pm GMT+8","17 tahun","","","","","","","","","","","","","","","","","","","","","","","","","","","","","","","","","","","","","","","","","","","","","","","","","","","","NUR QASEH QAISARA BINTI ABD RAHIM","A-04-10","Perempuan","PETANG (3.00 PETANG - 6.30 PETANG)","AKITIVITI SANTAI","","","","",""
"2026/04/27 4:58:00 pm GMT+8","15 tahun","","","","","","","","","","","","","","","","","","","","","","","","","","","","","","","","","","","","","","","","","","ARIF DANIEL BIN FAIZUL AZLI","B-13-06","Lelaki","PETANG (3.00 PETANG - 6.30 PETANG)","AKTIVITI SANTAI","","","","","","","","","","","","","","",""
"2026/04/27 5:08:20 pm GMT+8","12 tahun","","","","","","","","","","","","","","","","","","","","","","","","","","","MOHAMED ADAM DANIAL BIN MOHD NASIR","B-15-18","Lelaki","PETANG (3.00 PETANG - 6.30 PETANG)","AKTIVITI SANTAI","","","","","","","","","","","","","","","","","","","","","","","","","","","","","",""
"2026/04/27 5:08:48 pm GMT+8","12 tahun","","","","","","","","","","","","","","","","","","","","","","","","","","","MUHAMMAD RAYYAN ADAM","B-17-14","Lelaki","PETANG (3.00 PETANG - 6.30 PETANG)","AKTIVITI SANTAI","","","","","","","","","","","","","","","","","","","","","","","","","","","","","",""
"2026/04/27 5:27:44 pm GMT+8","17 tahun","","","","","","","","","","","","","","","","","","","","","","","","","","","","","","","","","","","","","","","","","","","","","","","","","","","","LUTH MIKHAIL BIN AHMAD NOOR","C-09-20","Lelaki","PETANG (3.00 PETANG - 6.30 PETANG)","AKITIVITI SANTAI","","","","",""
"2026/04/27 5:30:47 pm GMT+8","18 tahun ke atas","","","","","","","","","","","","","","","","","","","","","","","","","","","","","","","","","","","","","","","","","","","","","","","","","","","","","","","","","THIRAN A/L VIJAYA NATHAN","Lelaki","A-16-18","PETANG (3.00 PETANG - 6.30 PETANG","AKTIVITI SANTAI"
"2026/04/27 5:31:08 pm GMT+8","15 tahun","","","","","","","","","","","","","","","","","","","","","","","","","","","","","","","","","","","","","","","","","","MUHAMAD ARFAN AQIM BIN ARMAN","B-08-10","Lelaki","PETANG (3.00 PETANG - 6.30 PETANG)","AKTIVITI SANTAI","","","","","","","","","","","","","","",""
"2026/04/27 5:31:36 pm GMT+8","18 tahun ke atas","","","","","","","","","","","","","","","","","","","","","","","","","","","","","","","","","","","","","","","","","","","","","","","","","","","","","","","","","MUHAMAD FITRI ASHARI BIN MUHAMAD FAIZAN","Lelaki","B-4-06","PETANG (3.00 PETANG - 6.30 PETANG","AKTIVITI SANTAI"
"2026/04/27 5:32:17 pm GMT+8","17 tahun","","","","","","","","","","","","","","","","","","","","","","","","","","","","","","","","","","","","","","","","","","","","","","","","","","","","MOHAMAD AZRUL AZRAI BIN HISHAM","B-13-12","Lelaki","PETANG (3.00 PETANG - 6.30 PETANG)","AKITIVITI SANTAI","","","","",""
"2026/04/27 8:04:16 pm GMT+8","17 tahun","","","","","","","","","","","","","","","","","","","","","","","","","","","","","","","","","","","","","","","","","","","","","","","","","","","","NUR QASEH QAISARA BINTI ABD RAHIM","A-04-10","Perempuan","MALAM (8.00 MALAM - 10.00 MALAM)","KELAS TUISYEN","","","","",""
"2026/04/27 8:05:15 pm GMT+8","17 tahun","","","","","","","","","","","","","","","","","","","","","","","","","","","","","","","","","","","","","","","","","","","","","","","","","","","","MOHAMAD AZRUL AZRAI BIN HISHAM","B-13-12","Lelaki","MALAM (8.00 MALAM - 10.00 MALAM)","KELAS TUISYEN","","","","",""
"2026/04/27 8:05:47 pm GMT+8","17 tahun","","","","","","","","","","","","","","","","","","","","","","","","","","","","","","","","","","","","","","","","","","","","","","","","","","","","MUHAMMAD NAQIB IRHAS BIN RAMLAN","A-01-06","Lelaki","MALAM (8.00 MALAM - 10.00 MALAM)","KELAS TUISYEN","","","","",""
"2026/04/27 8:06:15 pm GMT+8","16 tahun","","","","","","","","","","","","","","","","","","","","","","","","","","","","","","","","","","","","","","","","","","","","","","","ADAM ZAKRY BIN ZUL AMALI","B-13-10","Lelaki","MALAM (8.00 MALAM - 10.00 MALAM)","KELAS TUISYEN","","","","","","","","","",""
"2026/04/27 8:06:40 pm GMT+8","17 tahun","","","","","","","","","","","","","","","","","","","","","","","","","","","","","","","","","","","","","","","","","","","","","","","","","","","","SHAIRAH BINTI ROSLAN","C-11-17","Perempuan","MALAM (8.00 MALAM - 10.00 MALAM)","KELAS TUISYEN","","","","",""
"2026/04/27 8:07:35 pm GMT+8","17 tahun","","","","","","","","","","","","","","","","","","","","","","","","","","","","","","","","","","","","","","","","","","","","","","","","","","","","NUR NADHIRAH NABILAH BINTI NAGDIR","C-08-17","Perempuan","MALAM (8.00 MALAM - 10.00 MALAM)","HOMEWORK CLUB","","","","",""
"2026/04/27 8:09:12 pm GMT+8","15 tahun","","","","","","","","","","","","","","","","","","","","","","","","","","","","","","","","","","","","","","","","","","SITI NUR HASIRA BINTI MUHAMMADUN","B-02-14","Perempuan","MALAM (8.00 MALAM - 10.00 MALAM)","KELAS TUISYEN","","","","","","","","","","","","","","",""
"2026/04/27 8:09:43 pm GMT+8","13 tahun","","","","","","","","","","","","","","","","","","","","","","","","","","","","","","","","MUHAMAD RAMADAN BN MUHAMADUN","B-02-14","Lelaki","MALAM (8.00 MALAM - 10.00 MALAM)","AKTIVITI SANTAI","","","","","","","","","","","","","","","","","","","","","","","","",""
"2026/04/27 8:11:30 pm GMT+8","17 tahun","","","","","","","","","","","","","","","","","","","","","","","","","","","","","","","","","","","","","","","","","","","","","","","","","","","","LUTH MIKHAIL BIN AHMAD NOOR","C-09-20","Lelaki","MALAM (8.00 MALAM - 10.00 MALAM)","KELAS TUISYEN","","","","",""
"2026/04/28 3:05:43 pm GMT+8","11 tahun","","","","","","","","","","","","","","","","","","","","","","QASEH NUR ZAHRA BIN KAMA","A-07-05","Perempuan","PETANG (3.00 PETANG - 6.30 PETANG)","AKTIVITI SANTAI","","","","","","","","","","","","","","","","","","","","","","","","","","","","","","","","","","",""
"2026/04/28 3:06:01 pm GMT+8","11 tahun","","","","","","","","","","","","","","","","","","","","","","NUR ANEESA ILYANA BINTI MAZLI","A-06-08","Perempuan","PETANG (3.00 PETANG - 6.30 PETANG)","AKTIVITI SANTAI","","","","","","","","","","","","","","","","","","","","","","","","","","","","","","","","","","",""
"2026/04/28 3:06:20 pm GMT+8","12 tahun","","","","","","","","","","","","","","","","","","","","","","","","","","","NUR SALSABILLA RAMADHANI BINTI ABD RAHIM","A-04-10","Perempuan","PETANG (3.00 PETANG - 6.30 PETANG)","AKTIVITI SANTAI","","","","","","","","","","","","","","","","","","","","","","","","","","","","","",""
"2026/04/28 3:07:04 pm GMT+8","9 tahun","","","","","","","","","","","","NUR AAIRA ILYANA BINTI MAZLI","A-06-08","Perempuan","PETANG (3.00 PETANG - 6.30 PETANG)","AKTIVITI SANTAI","","","","","","","","","","","","","","","","","","","","","","","","","","","","","","","","","","","","","","","","","","","","",""
"2026/04/28 3:07:29 pm GMT+8","7 tahun ke bawah","QASEH NUR HIDAYAH BINTI KAMA","4 tahu ","A-07-05","Perempuan","PETANG (3.00 PETANG - 6.30 PETANG)","AKTIVITI SANTAI","","","","","","","","","","","","","","","","","","","","","","","","","","","","","","","","","","","","","","","","","","","","","","","","","","","","","","",""
"2026/04/28 3:08:21 pm GMT+8","16 tahun","","","","","","","","","","","","","","","","","","","","","","","","","","","","","","","","","","","","","","","","","","","","","","","Saidatul Umairah bitni Md Khairi","C-6-01","Perempuan","PETANG (3.00 PETANG - 6.30 PETANG)","AKTIVITI SANTAI","","","","","","","","","",""
"2026/04/28 3:12:25 pm GMT+8","17 tahun","","","","","","","","","","","","","","","","","","","","","","","","","","","","","","","","","","","","","","","","","","","","","","","","","","","","NUR QASEH QAISARA BINTI ABD RAHIM","A-04-10","Perempuan","PETANG (3.00 PETANG - 6.30 PETANG)","AKITIVITI SANTAI","","","","",""
"2026/04/28 3:13:02 pm GMT+8","15 tahun","","","","","","","","","","","","","","","","","","","","","","","","","","","","","","","","","","","","","","","","","","SITI NUR HASIRA BINTI MUHAMMADUN","B-02-14","Perempuan","PETANG (3.00 PETANG - 6.30 PETANG)","AKTIVITI SANTAI","","","","","","","","","","","","","","",""
"2026/04/28 3:36:03 pm GMT+8","17 tahun","","","","","","","","","","","","","","","","","","","","","","","","","","","","","","","","","","","","","","","","","","","","","","","","","","","","MOHAMAD AZRUL AZRAI BIN HISHAM","B-13-12","Lelaki","PETANG (3.00 PETANG - 6.30 PETANG)","AKITIVITI SANTAI","","","","",""
"2026/04/28 3:38:56 pm GMT+8","11 tahun","","","","","","","","","","","","","","","","","","","","","","SUHAILA HANIFA BINTI MUHAMMADUN","B-02-14","Perempuan","PETANG (3.00 PETANG - 6.30 PETANG)","AKTIVITI SANTAI","","","","","","","","","","","","","","","","","","","","","","","","","","","","","","","","","","",""
"2026/04/28 3:42:03 pm GMT+8","15 tahun","","","","","","","","","","","","","","","","","","","","","","","","","","","","","","","","","","","","","","","","","","NOR DAMIA FATIN BINTI GHAFFAR","C-06-10","Perempuan","PETANG (3.00 PETANG - 6.30 PETANG)","AKTIVITI SANTAI","","","","","","","","","","","","","","",""
"2026/04/28 4:51:28 pm GMT+8","12 tahun","","","","","","","","","","","","","","","","","","","","","","","","","","","NUR KHAIRUNNIL AZZALEA BINTI AZLAN SHAH","B-15-08","Perempuan","PETANG (3.00 PETANG - 6.30 PETANG)","AKTIVITI SANTAI","","","","","","","","","","","","","","","","","","","","","","","","","","","","","",""
"2026/04/28 4:59:44 pm GMT+8","8 tahun","","","","","","","MUHAMMAD QAYYUM AMSYAR","B-17-14","Lelaki","PETANG (3.00 PETANG - 6.30 PETANG)","AKTIVITI SANTAI","","","","","","","","","","","","","","","","","","","","","","","","","","","","","","","","","","","","","","","","","","","","","","","","","",""
"2026/04/28 5:00:04 pm GMT+8","12 tahun","","","","","","","","","","","","","","","","","","","","","","","","","","","MUHAMMAD RAYYAN ADAM","B-17-14","Lelaki","PETANG (3.00 PETANG - 6.30 PETANG)","AKTIVITI SANTAI","","","","","","","","","","","","","","","","","","","","","","","","","","","","","",""
"2026/04/28 5:00:23 pm GMT+8","12 tahun","","","","","","","","","","","","","","","","","","","","","","","","","","","MOHAMED ADAM DANIAL BIN MOHD NASIR","B-15-18","Lelaki","PETANG (3.00 PETANG - 6.30 PETANG)","AKTIVITI SANTAI","","","","","","","","","","","","","","","","","","","","","","","","","","","","","",""
"2026/04/28 5:01:12 pm GMT+8","8 tahun","","","","","","","MUHAMMAD AZALI BIN FIZI","B-17-14","Lelaki","PETANG (3.00 PETANG - 6.30 PETANG)","AKTIVITI SANTAI","","","","","","","","","","","","","","","","","","","","","","","","","","","","","","","","","","","","","","","","","","","","","","","","","",""
"2026/04/28 5:50:09 pm GMT+8","10 tahun","","","","","","","","","","","","","","","","","MUHAMMAD RAMADHAN fITRI","C-10-19","Lelaki","PETANG (3.00 PETANG - 6.30 PETANG)","AKTIVITI SANTAI","","","","","","","","","","","","","","","","","","","","","","","","","","","","","","","","","","","","","","","",""
"2026/04/28 5:51:27 pm GMT+8","12 tahun","","","","","","","","","","","","","","","","","","","","","","","","","","","MUHAMMAD KHAIRUL SYAFIQ","C-8-10","Lelaki","PETANG (3.00 PETANG - 6.30 PETANG)","AKTIVITI SANTAI","","","","","","","","","","","","","","","","","","","","","","","","","","","","","",""
"2026/04/28 5:52:08 pm GMT+8","17 tahun","","","","","","","","","","","","","","","","","","","","","","","","","","","","","","","","","","","","","","","","","","","","","","","","","","","","LUTH MIKHAIL BIN AHMAD NOOR","C-09-20","Lelaki","PETANG (3.00 PETANG - 6.30 PETANG)","AKITIVITI SANTAI","","","","",""
"2026/04/28 8:07:56 pm GMT+8","12 tahun","","","","","","","","","","","","","","","","","","","","","","","","","","","MUHD FARISH HAIQAL BIN MOHD FAIRUZ","C-8-14","Lelaki","MALAM (8.00 MALAM - 10.00 MALAM)","PERMAINAN KOMPUTER","","","","","","","","","","","","","","","","","","","","","","","","","","","","","",""
"2026/04/28 8:08:55 pm GMT+8","12 tahun","","","","","","","","","","","","","","","","","","","","","","","","","","","MUHAMMAD TAUFIQ AL AMIN BIN MOHD RIZAN","B-08-08","Lelaki","MALAM (8.00 MALAM - 10.00 MALAM)","KELAS TUISYEN","","","","","","","","","","","","","","","","","","","","","","","","","","","","","",""
"2026/04/28 8:09:50 pm GMT+8","12 tahun","","","","","","","","","","","","","","","","","","","","","","","","","","","MUHAMMAD AZRUL AZIEB BIN HISHAM","B-13-12","Lelaki","MALAM (8.00 MALAM - 10.00 MALAM)","KELAS TUISYEN","","","","","","","","","","","","","","","","","","","","","","","","","","","","","",""
"2026/04/28 8:10:27 pm GMT+8","12 tahun","","","","","","","","","","","","","","","","","","","","","","","","","","","NUR SOFEA SOLEHAH","C-12-14","Perempuan","MALAM (8.00 MALAM - 10.00 MALAM)","KELAS TUISYEN","","","","","","","","","","","","","","","","","","","","","","","","","","","","","",""
"2026/04/28 8:11:02 pm GMT+8","12 tahun","","","","","","","","","","","","","","","","","","","","","","","","","","","NUR FATHIRA SHAHIRA BINTI MOHAMAD","B-14-10","Perempuan","MALAM (8.00 MALAM - 10.00 MALAM)","KELAS TUISYEN","","","","","","","","","","","","","","","","","","","","","","","","","","","","","",""
"2026/04/28 8:12:13 pm GMT+8","12 tahun","","","","","","","","","","","","","","","","","","","","","","","","","","","SARAH KHAIRINA DHAMIRAH BT ARMAN","B-08-10","Perempuan","MALAM (8.00 MALAM - 10.00 MALAM)","KELAS TUISYEN","","","","","","","","","","","","","","","","","","","","","","","","","","","","","",""
"2026/04/28 8:13:28 pm GMT+8","12 tahun","","","","","","","","","","","","","","","","","","","","","","","","","","","ISMAHANI AFIA BINTI MUHAMAD YAMANI","B-04-15","Perempuan","MALAM (8.00 MALAM - 10.00 MALAM)","KELAS TUISYEN","","","","","","","","","","","","","","","","","","","","","","","","","","","","","",""
"2026/04/28 8:30:31 pm GMT+8","13 tahun","","","","","","","","","","","","","","","","","","","","","","","","","","","","","","","","MUHAMAD RAMADAN BN MUHAMADUN","B-02-14","Lelaki","MALAM (8.00 MALAM - 10.00 MALAM)","AKTIVITI SANTAI","","","","","","","","","","","","","","","","","","","","","","","","",""
"2026/04/28 8:31:29 pm GMT+8","13 tahun","","","","","","","","","","","","","","","","","","","","","","","","","","","","","","","","Muhammad shahaziq aiman","A-11-06","Lelaki","MALAM (8.00 MALAM - 10.00 MALAM)","AKTIVITI SANTAI","","","","","","","","","","","","","","","","","","","","","","","","",""
"2026/04/28 8:31:49 pm GMT+8","12 tahun","","","","","","","","","","","","","","","","","","","","","","","","","","","MOHAMED ADAM DANIAL BIN MOHD NASIR","B-15-18","Lelaki","MALAM (8.00 MALAM - 10.00 MALAM)","AKTIVITI SANTAI","","","","","","","","","","","","","","","","","","","","","","","","","","","","","",""
"2026/04/28 9:14:49 pm GMT+8","17 tahun","","","","","","","","","","","","","","","","","","","","","","","","","","","","","","","","","","","","","","","","","","","","","","","","","","","","LUTH MIKHAIL BIN AHMAD NOOR","C-09-20","Lelaki","MALAM (8.00 MALAM - 10.00 MALAM)","AKITIVITI SANTAI","","","","",""
"2026/04/29 3:07:46 pm GMT+8","8 tahun","","","","","","","THEA ANGGUN MIKAYLA BINTI MOHD AZRRY","B-02-14","Lelaki","PETANG (3.00 PETANG - 6.30 PETANG)","PERMAINAN KOMPUTER","","","","","","","","","","","","","","","","","","","","","","","","","","","","","","","","","","","","","","","","","","","","","","","","","",""
"2026/04/29 3:12:58 pm GMT+8","12 tahun","","","","","","","","","","","","","","","","","","","","","","","","","","","NUR KHAIRUNNIL AZZALEA BINTI AZLAN SHAH","B-15-08","Perempuan","PETANG (3.00 PETANG - 6.30 PETANG)","AKTIVITI SANTAI","","","","","","","","","","","","","","","","","","","","","","","","","","","","","",""
"2026/04/29 3:14:36 pm GMT+8","7 tahun ke bawah","MUHAMMAD KHASYI QARIZH BIN AZLAN SHAH","7 tahun ke bawah","B-15-08","Lelaki","PETANG (3.00 PETANG - 6.30 PETANG)","AKTIVITI SANTAI","","","","","","","","","","","","","","","","","","","","","","","","","","","","","","","","","","","","","","","","","","","","","","","","","","","","","","",""
"2026/04/29 3:21:45 pm GMT+8","15 tahun","","","","","","","","","","","","","","","","","","","","","","","","","","","","","","","","","","","","","","","","","","ARIF DANIEL BIN FAIZUL AZLI","B-13-06","Lelaki","PETANG (3.00 PETANG - 6.30 PETANG)","AKTIVITI SANTAI","","","","","","","","","","","","","","",""
"2026/04/29 3:23:18 pm GMT+8","12 tahun","","","","","","","","","","","","","","","","","","","","","","","","","","","ERRYSHA DHAWEYYA  BINTI MOHD ROSDI","C-6-16","Perempuan","PETANG (3.00 PETANG - 6.30 PETANG)","AKTIVITI SANTAI","","","","","","","","","","","","","","","","","","","","","","","","","","","","","",""
"2026/04/29 3:24:42 pm GMT+8","10 tahun","","","","","","","","","","","","","","","","","MUHAMMAD RAMADHAN FITRI","C-10-19","Lelaki","PETANG (3.00 PETANG - 6.30 PETANG)","AKTIVITI SANTAI","","","","","","","","","","","","","","","","","","","","","","","","","","","","","","","","","","","","","","","",""
"2026/04/29 3:40:05 pm GMT+8","11 tahun","","","","","","","","","","","","","","","","","","","","","","DHIYA QAISARA BINTI KAMARUDDIN","B-16-14","Perempuan","PETANG (3.00 PETANG - 6.30 PETANG)","AKTIVITI SANTAI","","","","","","","","","","","","","","","","","","","","","","","","","","","","","","","","","","",""
"2026/04/29 3:41:14 pm GMT+8","11 tahun","","","","","","","","","","","","","","","","","","","","","","NUR ARIANA SAFIYA NABILA BINTI YUSNI","A-05-09","Perempuan","PETANG (3.00 PETANG - 6.30 PETANG)","AKTIVITI SANTAI","","","","","","","","","","","","","","","","","","","","","","","","","","","","","","","","","","",""
"2026/04/29 3:41:56 pm GMT+8","11 tahun","","","","","","","","","","","","","","","","","","","","","","NUR AFIRA RAISYA BIN MUHAMAD FAIZAL","B-10-18","Perempuan","PETANG (3.00 PETANG - 6.30 PETANG)","AKTIVITI SANTAI","","","","","","","","","","","","","","","","","","","","","","","","","","","","","","","","","","",""
"2026/04/29 3:46:44 pm GMT+8","11 tahun","","","","","","","","","","","","","","","","","","","","","","SUHAILA HANIFA BINTI MUHAMMADUN","B-02-14","Perempuan","PETANG (3.00 PETANG - 6.30 PETANG)","AKTIVITI SANTAI","","","","","","","","","","","","","","","","","","","","","","","","","","","","","","","","","","",""
"2026/04/29 3:47:12 pm GMT+8","9 tahun","","","","","","","","","","","","NUR SYAFIQAH MADIHAH BINTI SHAHRILRIZAL","B-04-13","Perempuan","PETANG (3.00 PETANG - 6.30 PETANG)","AKTIVITI SANTAI","","","","","","","","","","","","","","","","","","","","","","","","","","","","","","","","","","","","","","","","","","","","",""
"2026/04/29 4:54:51 pm GMT+8","15 tahun","","","","","","","","","","","","","","","","","","","","","","","","","","","","","","","","","","","","","","","","","","SITI NUR HASIRA BINTI MUHAMMADUN","B-02-14","Perempuan","PETANG (3.00 PETANG - 6.30 PETANG)","AKTIVITI SANTAI","","","","","","","","","","","","","","",""
"2026/04/29 5:06:10 pm GMT+8","16 tahun","","","","","","","","","","","","","","","","","","","","","","","","","","","","","","","","","","","","","","","","","","","","","","","ADAM ZAKRY BIN ZUL AMALI","B-13-10","Lelaki","PETANG (3.00 PETANG - 6.30 PETANG)","AKTIVITI SANTAI","","","","","","","","","",""
"2026/04/29 5:07:15 pm GMT+8","12 tahun","","","","","","","","","","","","","","","","","","","","","","","","","","","MUHAMMAD ASYRAF ZIQRI BIN MOHD AFZAINIZAM","C-15-13","Lelaki","PETANG (3.00 PETANG - 6.30 PETANG)","AKTIVITI SANTAI","","","","","","","","","","","","","","","","","","","","","","","","","","","","","",""
"2026/04/29 5:26:00 pm GMT+8","17 tahun","","","","","","","","","","","","","","","","","","","","","","","","","","","","","","","","","","","","","","","","","","","","","","","","","","","","LUTH MIKHAIL BIN AHMAD NOOR","C-09-20","Lelaki","PETANG (3.00 PETANG - 6.30 PETANG)","AKITIVITI SANTAI","","","","",""
"2026/04/29 5:50:21 pm GMT+8","12 tahun","","","","","","","","","","","","","","","","","","","","","","","","","","","Wan lqbal bin m. Kamal Azizi","B-16-13","Lelaki","PETANG (3.00 PETANG - 6.30 PETANG)","PERMAINAN KOMPUTER","","","","","","","","","","","","","","","","","","","","","","","","","","","","","",""
"2026/04/29 5:52:41 pm GMT+8","10 tahun","","","","","","","","","","","","","","","","","Wan irsyad bin muhamad kamal azizi","B-16-13","Lelaki","PETANG (3.00 PETANG - 6.30 PETANG)","PERMAINAN KOMPUTER","","","","","","","","","","","","","","","","","","","","","","","","","","","","","","","","","","","","","","","",""
"2026/04/29 6:08:25 pm GMT+8","11 tahun","","","","","","","","","","","","","","","","","","","","","","NUR AMIRA SOFEA BINTI ZULKIFLY","A-07-20","Perempuan","PETANG (3.00 PETANG - 6.30 PETANG)","AKTIVITI SANTAI","","","","","","","","","","","","","","","","","","","","","","","","","","","","","","","","","","",""
"2026/04/29 8:08:09 pm GMT+8","10 tahun","","","","","","","","","","","","","","","","","MUHAMMAD RAMADHAN FITRI","C-10-19","Lelaki","MALAM (8.00 MALAM - 10.00 MALAM)","AKTIVITI SANTAI","","","","","","","","","","","","","","","","","","","","","","","","","","","","","","","","","","","","","","","",""
"2026/04/29 8:08:52 pm GMT+8","13 tahun","","","","","","","","","","","","","","","","","","","","","","","","","","","","","","","","MUHAMAD QHAIRIL BIN MOHD KHAIRUL ANUAR","B-13-19","Lelaki","MALAM (8.00 MALAM - 10.00 MALAM)","AKTIVITI SANTAI","","","","","","","","","","","","","","","","","","","","","","","","",""
"2026/04/29 8:09:56 pm GMT+8","13 tahun","","","","","","","","","","","","","","","","","","","","","","","","","","","","","","","","Muhammad shahaziq aiman","A-11-06","Lelaki","MALAM (8.00 MALAM - 10.00 MALAM)","AKTIVITI SANTAI","","","","","","","","","","","","","","","","","","","","","","","","",""
"2026/04/29 8:10:20 pm GMT+8","12 tahun","","","","","","","","","","","","","","","","","","","","","","","","","","","MOHAMED ADAM DANIAL BIN MOHD NASIR","B-15-18","Lelaki","MALAM (8.00 MALAM - 10.00 MALAM)","AKTIVITI SANTAI","","","","","","","","","","","","","","","","","","","","","","","","","","","","","",""
"2026/04/29 8:21:09 pm GMT+8","13 tahun","","","","","","","","","","","","","","","","","","","","","","","","","","","","","","","","MUHAMMAD SAFUANAJMIN BIN JASMI","B-05-12","Lelaki","MALAM (8.00 MALAM - 10.00 MALAM)","AKTIVITI SANTAI","","","","","","","","","","","","","","","","","","","","","","","","",""
"2026/04/29 8:25:38 pm GMT+8","15 tahun","","","","","","","","","","","","","","","","","","","","","","","","","","","","","","","","","","","","","","","","","","SITI NUR HASIRA BINTI MUHAMMADUN","B-02-14","Perempuan","MALAM (8.00 MALAM - 10.00 MALAM)","HOMEWORK CLUB","","","","","","","","","","","","","","",""
"2026/04/29 8:47:16 pm GMT+8","16 tahun","","","","","","","","","","","","","","","","","","","","","","","","","","","","","","","","","","","","","","","","","","","","","","","Saidatul Umairah binti Md Khairi","C-6-01","Perempuan","MALAM (8.00 MALAM - 10.00 MALAM)","HOMEWORK CLUB","","","","","","","","","",""
"2026/04/30 3:23:29 pm GMT+8","16 tahun","","","","","","","","","","","","","","","","","","","","","","","","","","","","","","","","","","","","","","","","","","","","","","","ADAM ZAKRY BIN ZUL AMALI","B-13-10","Lelaki","PETANG (3.00 PETANG - 6.30 PETANG)","AKTIVITI SANTAI","","","","","","","","","",""
"2026/04/30 3:24:05 pm GMT+8","15 tahun","","","","","","","","","","","","","","","","","","","","","","","","","","","","","","","","","","","","","","","","","","MUHAMMAD HARRAZ SAUQI BIN KAMA","A-07-05","Lelaki","PETANG (3.00 PETANG - 6.30 PETANG)","AKTIVITI SANTAI","","","","","","","","","","","","","","",""
"2026/04/30 3:24:50 pm GMT+8","11 tahun","","","","","","","","","","","","","","","","","","","","","","NUR ANEESA ILYANA BINTI MAZLI","A-06-08","Perempuan","PETANG (3.00 PETANG - 6.30 PETANG)","AKTIVITI SANTAI","","","","","","","","","","","","","","","","","","","","","","","","","","","","","","","","","","",""
"2026/04/30 3:25:06 pm GMT+8","12 tahun","","","","","","","","","","","","","","","","","","","","","","","","","","","NUR SALSABILLA RAMADHANI BINTI ABD RAHIM","A-04-10","Perempuan","PETANG (3.00 PETANG - 6.30 PETANG)","AKTIVITI SANTAI","","","","","","","","","","","","","","","","","","","","","","","","","","","","","",""
"2026/04/30 3:44:15 pm GMT+8","8 tahun","","","","","","","MUHAMAD AYAS BN MUHAMADUN","B-02-14","Lelaki","PETANG (3.00 PETANG - 6.30 PETANG)","PERMAINAN KOMPUTER","","","","","","","","","","","","","","","","","","","","","","","","","","","","","","","","","","","","","","","","","","","","","","","","","",""
"2026/04/30 3:49:54 pm GMT+8","12 tahun","","","","","","","","","","","","","","","","","","","","","","","","","","","NUR KHAIRUNNIL AZZALEA BINTI AZLAN SHAH","B-15-08","Perempuan","PETANG (3.00 PETANG - 6.30 PETANG)","AKTIVITI SANTAI","","","","","","","","","","","","","","","","","","","","","","","","","","","","","",""
"2026/04/30 3:59:40 pm GMT+8","8 tahun","","","","","","","MUHAMMAD AL-MUKMIN BIN GHAFFAR","C-06-10","Lelaki","PETANG (3.00 PETANG - 6.30 PETANG)","AKTIVITI SANTAI","","","","","","","","","","","","","","","","","","","","","","","","","","","","","","","","","","","","","","","","","","","","","","","","","",""
"2026/04/30 4:07:30 pm GMT+8","11 tahun","","","","","","","","","","","","","","","","","","","","","","MUHAMMAD KHASYI QAISER BIN AZLAN SHAH","B-15-08","Lelaki","PETANG (3.00 PETANG - 6.30 PETANG)","AKTIVITI SANTAI","","","","","","","","","","","","","","","","","","","","","","","","","","","","","","","","","","",""
"2026/04/30 4:47:22 pm GMT+8","11 tahun","","","","","","","","","","","","","","","","","","","","","","SUHAILA HANIFA BINTI MUHAMMADUN","B-02-14","Perempuan","PETANG (3.00 PETANG - 6.30 PETANG)","AKTIVITI SANTAI","","","","","","","","","","","","","","","","","","","","","","","","","","","","","","","","","","",""
"2026/04/30 4:49:01 pm GMT+8","11 tahun","","","","","","","","","","","","","","","","","","","","","","NUR AFIRA RAISYA BIN MUHAMAD FAIZAL","B-10-18","Perempuan","PETANG (3.00 PETANG - 6.30 PETANG)","AKTIVITI SANTAI","","","","","","","","","","","","","","","","","","","","","","","","","","","","","","","","","","",""
"2026/04/30 4:50:27 pm GMT+8","11 tahun","","","","","","","","","","","","","","","","","","","","","","NUR ARIANA SAFIYA NABILA BINTI MHD YUSNI","A-05-09","Perempuan","PETANG (3.00 PETANG - 6.30 PETANG)","AKTIVITI SANTAI","","","","","","","","","","","","","","","","","","","","","","","","","","","","","","","","","","",""
"2026/04/30 4:59:39 pm GMT+8","12 tahun","","","","","","","","","","","","","","","","","","","","","","","","","","","MOHAMED ADAM DANIAL BIN MOHD NASIR","B-15-18","Lelaki","PETANG (3.00 PETANG - 6.30 PETANG)","AKTIVITI SANTAI","","","","","","","","","","","","","","","","","","","","","","","","","","","","","",""
"2026/04/30 5:00:01 pm GMT+8","12 tahun","","","","","","","","","","","","","","","","","","","","","","","","","","","MUHAMMAD RAYYAN ADAM","B-17-14","Lelaki","PETANG (3.00 PETANG - 6.30 PETANG)","AKTIVITI SANTAI","","","","","","","","","","","","","","","","","","","","","","","","","","","","","",""
"2026/04/30 5:27:45 pm GMT+8","10 tahun","","","","","","","","","","","","","","","","","MUHAMMAD RAMADHAN FITRI","C-10-19","Lelaki","PETANG (3.00 PETANG - 6.30 PETANG)","AKTIVITI SANTAI","","","","","","","","","","","","","","","","","","","","","","","","","","","","","","","","","","","","","","","",""
"2026/04/30 5:29:30 pm GMT+8","12 tahun","","","","","","","","","","","","","","","","","","","","","","","","","","","MUHAMMAD KHAIRUL SYAFIQ","C-8-10","Lelaki","PETANG (3.00 PETANG - 6.30 PETANG)","AKTIVITI SANTAI","","","","","","","","","","","","","","","","","","","","","","","","","","","","","",""
"2026/04/30 5:29:49 pm GMT+8","15 tahun","","","","","","","","","","","","","","","","","","","","","","","","","","","","","","","","","","","","","","","","","","ARIF DANIEL BIN FAIZUL AZLI","B-13-06","Lelaki","PETANG (3.00 PETANG - 6.30 PETANG)","MENONTON TELEVISYEN","","","","","","","","","","","","","","",""
"2026/04/30 8:17:30 pm GMT+8","17 tahun","","","","","","","","","","","","","","","","","","","","","","","","","","","","","","","","","","","","","","","","","","","","","","","","","","","","SHAIRAH BINTI ROSLAN","C-11-17","Perempuan","MALAM (8.00 MALAM - 10.00 MALAM)","KELAS TUISYEN","","","","",""
"2026/04/30 8:18:10 pm GMT+8","15 tahun","","","","","","","","","","","","","","","","","","","","","","","","","","","","","","","","","","","","","","","","","","SITI NUR HASIRA BINTI MUHAMMADUN","B-02-14","Perempuan","MALAM (8.00 MALAM - 10.00 MALAM)","KELAS TUISYEN","","","","","","","","","","","","","","",""
"2026/04/30 8:19:03 pm GMT+8","16 tahun","","","","","","","","","","","","","","","","","","","","","","","","","","","","","","","","","","","","","","","","","","","","","","","ADAM ZAKRY BIN ZUL AMALI","B-13-10","Lelaki","MALAM (8.00 MALAM - 10.00 MALAM)","KELAS TUISYEN","","","","","","","","","",""
"2026/04/30 8:21:00 pm GMT+8","17 tahun","","","","","","","","","","","","","","","","","","","","","","","","","","","","","","","","","","","","","","","","","","","","","","","","","","","","MUHAMMAD NAQIB IRHAS BIN RAMLAN","A-01-06","Lelaki","MALAM (8.00 MALAM - 10.00 MALAM)","KELAS TUISYEN","","","","",""
"2026/04/30 8:21:27 pm GMT+8","17 tahun","","","","","","","","","","","","","","","","","","","","","","","","","","","","","","","","","","","","","","","","","","","","","","","","","","","","LUTH MIKHAIL BIN AHMAD NOOR","C-09-20","Lelaki","MALAM (8.00 MALAM - 10.00 MALAM)","AKITIVITI SANTAI","","","","",""
"2026/04/30 8:23:18 pm GMT+8","17 tahun","","","","","","","","","","","","","","","","","","","","","","","","","","","","","","","","","","","","","","","","","","","","","","","","","","","","MOHAMAD AZRUL AZRAI BIN HISHAM","B-13-12","Lelaki","MALAM (8.00 MALAM - 10.00 MALAM)","KELAS TUISYEN","","","","",""
"2026/04/30 8:23:51 pm GMT+8","17 tahun","","","","","","","","","","","","","","","","","","","","","","","","","","","","","","","","","","","","","","","","","","","","","","","","","","","","NUR QASEH QAISARA BINTI ABD RAHIM","A-04-10","Perempuan","MALAM (8.00 MALAM - 10.00 MALAM)","KELAS TUISYEN","","","","",""
"2026/05/04 3:50:50 pm GMT+8","8 tahun","","","","","","","MUHAMAD AYAS BN MUHAMADUN","B-02-14","Lelaki","PETANG (3.00 PETANG - 6.30 PETANG)","PERMAINAN KOMPUTER","","","","","","","","","","","","","","","","","","","","","","","","","","","","","","","","","","","","","","","","","","","","","","","","","",""
"2026/05/04 3:56:57 pm GMT+8","16 tahun","","","","","","","","","","","","","","","","","","","","","","","","","","","","","","","","","","","","","","","","","","","","","","","ADAM ZAKRY BIN ZUL AMALI","B-13-10","Lelaki","PETANG (3.00 PETANG - 6.30 PETANG)","AKTIVITI SANTAI","","","","","","","","","",""
"2026/05/04 4:05:35 pm GMT+8","10 tahun","","","","","","","","","","","","","","","","","MUHAMMAD RAMADHAN FITRI","C-10-19","Lelaki","PETANG (3.00 PETANG - 6.30 PETANG)","AKTIVITI SANTAI","","","","","","","","","","","","","","","","","","","","","","","","","","","","","","","","","","","","","","","",""
"2026/05/04 4:06:49 pm GMT+8","9 tahun","","","","","","","","","","","","MUHAMMAD AZALI BIN FIZI","C-12-20","Lelaki","PETANG (3.00 PETANG - 6.30 PETANG)","PERMAINAN DALAMAN","","","","","","","","","","","","","","","","","","","","","","","","","","","","","","","","","","","","","","","","","","","","",""
"2026/05/04 4:07:21 pm GMT+8","10 tahun","","","","","","","","","","","","","","","","","ZUL HAKIF BIN MOHD EZUAN","C-16-09","Lelaki","PETANG (3.00 PETANG - 6.30 PETANG)","AKTIVITI SANTAI","","","","","","","","","","","","","","","","","","","","","","","","","","","","","","","","","","","","","","","",""
"2026/05/04 4:14:08 pm GMT+8","15 tahun","","","","","","","","","","","","","","","","","","","","","","","","","","","","","","","","","","","","","","","","","","ARIF DANIEL BIN FAIZUL AZLI","B-13-06","Lelaki","PETANG (3.00 PETANG - 6.30 PETANG)","AKTIVITI SANTAI","","","","","","","","","","","","","","",""
"2026/05/04 5:00:47 pm GMT+8","15 tahun","","","","","","","","","","","","","","","","","","","","","","","","","","","","","","","","","","","","","","","","","","MUHAMMAD HARRAZ SAUQI BIN KAMA","A-07-05","Lelaki","PETANG (3.00 PETANG - 6.30 PETANG)","AKTIVITI SANTAI","","","","","","","","","","","","","","",""
"2026/05/04 5:07:31 pm GMT+8","15 tahun","","","","","","","","","","","","","","","","","","","","","","","","","","","","","","","","","","","","","","","","","","MUHAMAD ARFAN AQIM BIN ARMAN","B-08-10","Lelaki","PETANG (3.00 PETANG - 6.30 PETANG)","AKTIVITI SANTAI","","","","","","","","","","","","","","",""
"2026/05/04 5:14:42 pm GMT+8","12 tahun","","","","","","","","","","","","","","","","","","","","","","","","","","","MOHAMED ADAM DANIAL BIN MOHD NASIR","B-15-18","Lelaki","PETANG (3.00 PETANG - 6.30 PETANG)","AKTIVITI SANTAI","","","","","","","","","","","","","","","","","","","","","","","","","","","","","",""
"2026/05/04 5:15:00 pm GMT+8","12 tahun","","","","","","","","","","","","","","","","","","","","","","","","","","","MOHAMED ADAM DANIAL BIN MOHD NASIR","B-15-18","Lelaki","PETANG (3.00 PETANG - 6.30 PETANG)","AKTIVITI SANTAI","","","","","","","","","","","","","","","","","","","","","","","","","","","","","",""
"2026/05/04 5:15:35 pm GMT+8","8 tahun","","","","","","","MUHAMMAD QAYYUM AMSYAR","B-17-14","Lelaki","PETANG (3.00 PETANG - 6.30 PETANG)","LATIHAN MATEMATIK","","","","","","","","","","","","","","","","","","","","","","","","","","","","","","","","","","","","","","","","","","","","","","","","","",""
"2026/05/04 5:39:53 pm GMT+8","11 tahun","","","","","","","","","","","","","","","","","","","","","","SUHAILA HANIFA BINTI MUHAMMADUN","B-02-14","Perempuan","PETANG (3.00 PETANG - 6.30 PETANG)","AKTIVITI SANTAI","","","","","","","","","","","","","","","","","","","","","","","","","","","","","","","","","","",""
"2026/05/04 5:41:25 pm GMT+8","7 tahun ke bawah","Nur zada fakihah","4","B-02-14","Perempuan","PETANG (3.00 PETANG - 6.30 PETANG)","MENONTON TELEVISYEN","","","","","","","","","","","","","","","","","","","","","","","","","","","","","","","","","","","","","","","","","","","","","","","","","","","","","","",""
"2026/05/04 5:41:54 pm GMT+8","7 tahun ke bawah","NUR ZARA AULIA BINTI MUHAMADUN","5","B-02-14","Perempuan","PETANG (3.00 PETANG - 6.30 PETANG)","MENONTON TELEVISYEN","","","","","","","","","","","","","","","","","","","","","","","","","","","","","","","","","","","","","","","","","","","","","","","","","","","","","","",""
"2026/05/04 5:49:45 pm GMT+8","17 tahun","","","","","","","","","","","","","","","","","","","","","","","","","","","","","","","","","","","","","","","","","","","","","","","","","","","","MOHAMAD AZRUL AZRAI BIN HISHAM","B-13-12","Lelaki","PETANG (3.00 PETANG - 6.30 PETANG)","AKITIVITI SANTAI","","","","",""
"2026/05/04 6:25:06 pm GMT+8","17 tahun","","","","","","","","","","","","","","","","","","","","","","","","","","","","","","","","","","","","","","","","","","","","","","","","","","","","LUTH MIKHAIL BIN AHMAD NOOR","C-09-20","Lelaki","PETANG (3.00 PETANG - 6.30 PETANG)","AKITIVITI SANTAI","","","","",""
"2026/05/04 6:31:40 pm GMT+8","15 tahun","","","","","","","","","","","","","","","","","","","","","","","","","","","","","","","","","","","","","","","","","","SITI NUR HASIRA BINTI MUHAMMADUN","B-02-14","Perempuan","PETANG (3.00 PETANG - 6.30 PETANG)","AKTIVITI SANTAI","","","","","","","","","","","","","","",""
"2026/05/04 8:04:02 pm GMT+8","13 tahun","","","","","","","","","","","","","","","","","","","","","","","","","","","","","","","","MUHAMMAD SAFUANAJMIN BIN JASMI","B-05-12","Lelaki","PETANG (3.00 PETANG - 6.30 PETANG)","AKTIVITI SANTAI","","","","","","","","","","","","","","","","","","","","","","","","",""
"2026/05/04 8:04:28 pm GMT+8","15 tahun","","","","","","","","","","","","","","","","","","","","","","","","","","","","","","","","","","","","","","","","","","SITI NUR HASIRA BINTI MUHAMMADUN","B-02-14","Perempuan","MALAM (8.00 MALAM - 10.00 MALAM)","AKTIVITI SANTAI","","","","","","","","","","","","","","",""
"2026/05/04 8:04:52 pm GMT+8","10 tahun","","","","","","","","","","","","","","","","","MUHAMMAD HAFIZAN BIN MUHAMAD FAIZAN","B-04-06","Lelaki","PETANG (3.00 PETANG - 6.30 PETANG)","PERMAINAN KOMPUTER","","","","","","","","","","","","","","","","","","","","","","","","","","","","","","","","","","","","","","","",""
"2026/05/04 8:21:56 pm GMT+8","13 tahun","","","","","","","","","","","","","","","","","","","","","","","","","","","","","","","","Muhammad shahaziq aiman ","A-11-06","Lelaki","MALAM (8.00 MALAM - 10.00 MALAM)","AKTIVITI SANTAI","","","","","","","","","","","","","","","","","","","","","","","","",""
"2026/05/04 8:22:27 pm GMT+8","13 tahun","","","","","","","","","","","","","","","","","","","","","","","","","","","","","","","","MUHAMAD QHAIRIL BIN MOHD KHAIRUL ANUAR","B-13-19","Lelaki","MALAM (8.00 MALAM - 10.00 MALAM)","AKTIVITI SANTAI","","","","","","","","","","","","","","","","","","","","","","","","",""
"2026/05/04 8:22:50 pm GMT+8","12 tahun","","","","","","","","","","","","","","","","","","","","","","","","","","","MOHAMED ADAM DANIAL BIN MOHD NASIR","B-15-18","Lelaki","PETANG (3.00 PETANG - 6.30 PETANG)","AKTIVITI SANTAI","","","","","","","","","","","","","","","","","","","","","","","","","","","","","",""
"2026/05/04 8:49:50 pm GMT+8","13 tahun","","","","","","","","","","","","","","","","","","","","","","","","","","","","","","","","MOHAMAD AIDIL NAJWAN BIN MOHD EZUAN","C-16-09","Lelaki","MALAM (8.00 MALAM - 10.00 MALAM)","AKTIVITI SANTAI","","","","","","","","","","","","","","","","","","","","","","","","",""
"2026/05/04 9:03:58 pm GMT+8","15 tahun","","","","","","","","","","","","","","","","","","","","","","","","","","","","","","","","","","","","","","","","","","SITI NUR HASIRA BINTI MUHAMMADUN","B-02-14","Perempuan","MALAM (8.00 MALAM - 10.00 MALAM)","HOMEWORK CLUB","","","","","","","","","","","","","","",""
"2026/05/04 9:04:55 pm GMT+8","17 tahun","","","","","","","","","","","","","","","","","","","","","","","","","","","","","","","","","","","","","","","","","","","","","","","","","","","","NUR QASEH QAISARA BINTI ABD RAHIM","A-04-10","Perempuan","MALAM (8.00 MALAM - 10.00 MALAM)","HOMEWORK CLUB","","","","",""
"2026/05/04 9:26:54 pm GMT+8","17 tahun","","","","","","","","","","","","","","","","","","","","","","","","","","","","","","","","","","","","","","","","","","","","","","","","","","","","MUHAMMAD ALIFF FURQAN BIN LOKMAN","B-05-05","Lelaki","MALAM (8.00 MALAM - 10.00 MALAM)","AKITIVITI SANTAI","","","","",""
"2026/05/04 9:28:32 pm GMT+8","15 tahun","","","","","","","","","","","","","","","","","","","","","","","","","","","","","","","","","","","","","","","","","","MUHAMMAD HARRAZ SAUQI BIN KAMA","A-07-05","Lelaki","MALAM (8.00 MALAM - 10.00 MALAM)","AKTIVITI SANTAI","","","","","","","","","","","","","","",""
"2026/05/04 9:29:14 pm GMT+8","17 tahun","","","","","","","","","","","","","","","","","","","","","","","","","","","","","","","","","","","","","","","","","","","","","","","","","","","","LUTH MIKHAIL BIN AHMAD NOOR","C-09-20","Lelaki","MALAM (8.00 MALAM - 10.00 MALAM)","AKITIVITI SANTAI","","","","",""
"2026/05/04 9:36:08 pm GMT+8","8 tahun","","","","","","","MUHAMMAD AZALI BIN FIZI","C-03-07","Lelaki","MALAM (8.00 MALAM - 10.00 MALAM)","PERMAINAN KOMPUTER","","","","","","","","","","","","","","","","","","","","","","","","","","","","","","","","","","","","","","","","","","","","","","","","","",""
"2026/05/05 3:05:59 pm GMT+8","10 tahun","","","","","","","","","","","","","","","","","ZUL HAKIF BIN MOHD EZUAN","C-16-09","Lelaki","PETANG (3.00 PETANG - 6.30 PETANG)","PERMAINAN KOMPUTER","","","","","","","","","","","","","","","","","","","","","","","","","","","","","","","","","","","","","","","",""
"2026/05/05 3:07:32 pm GMT+8","10 tahun","","","","","","","","","","","","","","","","","MUHAMMAD RAMADHAN FITRI","C-10-19","Lelaki","PETANG (3.00 PETANG - 6.30 PETANG)","AKTIVITI SANTAI","","","","","","","","","","","","","","","","","","","","","","","","","","","","","","","","","","","","","","","",""
"2026/05/05 3:26:25 pm GMT+8","12 tahun","","","","","","","","","","","","","","","","","","","","","","","","","","","NUR SALSABILLA RAMADHANI BINTI ABD RAHIM","A-04-10","Perempuan","PETANG (3.00 PETANG - 6.30 PETANG)","AKTIVITI SANTAI","","","","","","","","","","","","","","","","","","","","","","","","","","","","","",""
"2026/05/05 3:26:47 pm GMT+8","12 tahun","","","","","","","","","","","","","","","","","","","","","","","","","","","NUR KHAIRUNNIL AZZALEA BINTI AZLAN SHAH","B-15-08","Perempuan","PETANG (3.00 PETANG - 6.30 PETANG)","AKTIVITI SANTAI","","","","","","","","","","","","","","","","","","","","","","","","","","","","","",""
"2026/05/05 3:27:06 pm GMT+8","11 tahun","","","","","","","","","","","","","","","","","","","","","","NUR ANEESA ILYANA BINTI MAZLI","A-06-08","Perempuan","PETANG (3.00 PETANG - 6.30 PETANG)","AKTIVITI SANTAI","","","","","","","","","","","","","","","","","","","","","","","","","","","","","","","","","","",""
"2026/05/05 3:30:50 pm GMT+8","10 tahun","","","","","","","","","","","","","","","","","NUR ZAHIRA ARDHANI","B-5-17","Perempuan","PETANG (3.00 PETANG - 6.30 PETANG)","AKTIVITI SANTAI","","","","","","","","","","","","","","","","","","","","","","","","","","","","","","","","","","","","","","","",""
"2026/05/05 3:40:40 pm GMT+8","16 tahun","","","","","","","","","","","","","","","","","","","","","","","","","","","","","","","","","","","","","","","","","","","","","","","ADAM ZAKRY BIN ZUL AMALI","B-13-10","Lelaki","PETANG (3.00 PETANG - 6.30 PETANG)","AKTIVITI SANTAI","","","","","","","","","",""
"2026/05/05 3:41:08 pm GMT+8","15 tahun","","","","","","","","","","","","","","","","","","","","","","","","","","","","","","","","","","","","","","","","","","SITI NUR HASIRA BINTI MUHAMMADUN","B-02-14","Perempuan","PETANG (3.00 PETANG - 6.30 PETANG)","AKTIVITI SANTAI","","","","","","","","","","","","","","",""
"2026/05/05 4:09:48 pm GMT+8","11 tahun","","","","","","","","","","","","","","","","","","","","","","SUHAILA HANIFA BINTI MUHAMMADUN","B-02-14","Perempuan","PETANG (3.00 PETANG - 6.30 PETANG)","AKTIVITI SANTAI","","","","","","","","","","","","","","","","","","","","","","","","","","","","","","","","","","",""
"2026/05/05 4:12:16 pm GMT+8","11 tahun","","","","","","","","","","","","","","","","","","","","","","QASEH NUR ZAHRA BIN KAMA","A-07-05","Perempuan","PETANG (3.00 PETANG - 6.30 PETANG)","AKTIVITI SANTAI","","","","","","","","","","","","","","","","","","","","","","","","","","","","","","","","","","",""
"2026/05/05 4:45:41 pm GMT+8","12 tahun","","","","","","","","","","","","","","","","","","","","","","","","","","","NUR KHAIRUNNIL AZZALEA BINTI AZLAN SHAH","B-15-08","Perempuan","PETANG (3.00 PETANG - 6.30 PETANG)","AKTIVITI SANTAI","","","","","","","","","","","","","","","","","","","","","","","","","","","","","",""
"2026/05/05 4:46:31 pm GMT+8","11 tahun","","","","","","","","","","","","","","","","","","","","","","QASEH NUR ZAHRA BIN KAMA","A-07-05","Perempuan","PETANG (3.00 PETANG - 6.30 PETANG)","AKTIVITI SANTAI","","","","","","","","","","","","","","","","","","","","","","","","","","","","","","","","","","",""
"2026/05/05 4:47:08 pm GMT+8","11 tahun","","","","","","","","","","","","","","","","","","","","","","QASEH NUR ZAHRA BIN KAMA","A-07-05","Perempuan","PETANG (3.00 PETANG - 6.30 PETANG)","AKTIVITI SANTAI","","","","","","","","","","","","","","","","","","","","","","","","","","","","","","","","","","",""
"2026/05/05 4:49:49 pm GMT+8","12 tahun","","","","","","","","","","","","","","","","","","","","","","","","","","","NUR MIZA ILYANA BINTI MAZLI","A-06-08","Perempuan","PETANG (3.00 PETANG - 6.30 PETANG)","AKTIVITI SANTAI","","","","","","","","","","","","","","","","","","","","","","","","","","","","","",""
"2026/05/05 4:58:37 pm GMT+8","12 tahun","","","","","","","","","","","","","","","","","","","","","","","","","","","MUHAMMAD RAYYAN ADAM","B-17-14","Lelaki","PETANG (3.00 PETANG - 6.30 PETANG)","AKTIVITI SANTAI","","","","","","","","","","","","","","","","","","","","","","","","","","","","","",""
"2026/05/05 5:15:29 pm GMT+8","16 tahun","","","","","","","","","","","","","","","","","","","","","","","","","","","","","","","","","","","","","","","","","","","","","","","Saidatul Umairah binti Md Khairi","C-6-01","Perempuan","PETANG (3.00 PETANG - 6.30 PETANG)","AKTIVITI SANTAI","","","","","","","","","",""
"2026/05/05 5:21:23 pm GMT+8","17 tahun","","","","","","","","","","","","","","","","","","","","","","","","","","","","","","","","","","","","","","","","","","","","","","","","","","","","MOHAMAD AZRUL AZRAI BIN HISHAM","B-13-12","Lelaki","PETANG (3.00 PETANG - 6.30 PETANG)","AKITIVITI SANTAI","","","","",""
"2026/05/05 5:22:34 pm GMT+8","12 tahun","","","","","","","","","","","","","","","","","","","","","","","","","","","MOHAMED ADAM DANIAL BIN MOHD NASIR","B-15-18","Lelaki","PETANG (3.00 PETANG - 6.30 PETANG)","AKTIVITI SANTAI","","","","","","","","","","","","","","","","","","","","","","","","","","","","","",""
"2026/05/05 5:28:26 pm GMT+8","8 tahun","","","","","","","ALISHA ZAHRA BINTI MOHD AFZAINIZAM","C-03-07","Lelaki","PETANG (3.00 PETANG - 6.30 PETANG)","MENONTON TELEVISYEN","","","","","","","","","","","","","","","","","","","","","","","","","","","","","","","","","","","","","","","","","","","","","","","","","",""
"2026/05/05 5:49:53 pm GMT+8","15 tahun","","","","","","","","","","","","","","","","","","","","","","","","","","","","","","","","","","","","","","","","","","ARIF DANIEL BIN FAIZUL AZLI","B-13-06","Lelaki","PETANG (3.00 PETANG - 6.30 PETANG)","AKTIVITI SANTAI","","","","","","","","","","","","","","",""
"2026/05/05 8:05:52 pm GMT+8","17 tahun","","","","","","","","","","","","","","","","","","","","","","","","","","","","","","","","","","","","","","","","","","","","","","","","","","","","LUTH MIKHAIL BIN AHMAD NOOR","C-09-20","Lelaki","MALAM (8.00 MALAM - 10.00 MALAM)","AKITIVITI SANTAI","","","","",""
"2026/05/05 8:06:09 pm GMT+8","12 tahun","","","","","","","","","","","","","","","","","","","","","","","","","","","SARAH KHAIRINA DHAMIRAH BT ARMAN","B-08-10","Perempuan","MALAM (8.00 MALAM - 10.00 MALAM)","KELAS TUISYEN","","","","","","","","","","","","","","","","","","","","","","","","","","","","","",""
"2026/05/05 8:07:02 pm GMT+8","12 tahun","","","","","","","","","","","","","","","","","","","","","","","","","","","ISMAHANI AFIA BINTI MUHAMAD YAMANI","B-04-15","Perempuan","MALAM (8.00 MALAM - 10.00 MALAM)","KELAS TUISYEN","","","","","","","","","","","","","","","","","","","","","","","","","","","","","",""
"2026/05/05 8:09:01 pm GMT+8","12 tahun","","","","","","","","","","","","","","","","","","","","","","","","","","","MUHAMMAD TAUFIQ AL AMIN BIN MOHD RIZAN","B-08-08","Lelaki","MALAM (8.00 MALAM - 10.00 MALAM)","KELAS TUISYEN","","","","","","","","","","","","","","","","","","","","","","","","","","","","","",""
"2026/05/05 8:10:32 pm GMT+8","12 tahun","","","","","","","","","","","","","","","","","","","","","","","","","","","MUHD FARISH HAIQAL BIN MOHD FAIRUZ","C-8-14","Lelaki","MALAM (8.00 MALAM - 10.00 MALAM)","PERMAINAN KOMPUTER","","","","","","","","","","","","","","","","","","","","","","","","","","","","","",""
"2026/05/05 8:10:56 pm GMT+8","12 tahun","","","","","","","","","","","","","","","","","","","","","","","","","","","MUHAMMAD AZRUL AZIEB BIN HISHAM","B-13-12","Lelaki","MALAM (8.00 MALAM - 10.00 MALAM)","KELAS TUISYEN","","","","","","","","","","","","","","","","","","","","","","","","","","","","","",""
"2026/05/05 8:11:42 pm GMT+8","11 tahun","","","","","","","","","","","","","","","","","","","","","","QASEH NUR ZAHRA BIN KAMA","A-07-05","Perempuan","MALAM (8.00 MALAM - 10.00 MALAM)","AKTIVITI SANTAI","","","","","","","","","","","","","","","","","","","","","","","","","","","","","","","","","","",""
"2026/05/05 8:14:22 pm GMT+8","12 tahun","","","","","","","","","","","","","","","","","","","","","","","","","","","NUR FATHIA ALEEYA BINTI MUHD FAZIHAN","B-14-10","Perempuan","MALAM (8.00 MALAM - 10.00 MALAM)","KELAS TUISYEN","","","","","","","","","","","","","","","","","","","","","","","","","","","","","",""
"2026/05/05 8:15:16 pm GMT+8","12 tahun","","","","","","","","","","","","","","","","","","","","","","","","","","","NURATHIRA SYAHIRAH BINTI MOHAMAD","C-13-14","Perempuan","MALAM (8.00 MALAM - 10.00 MALAM)","KELAS TUISYEN","","","","","","","","","","","","","","","","","","","","","","","","","","","","","",""
"2026/05/05 8:15:53 pm GMT+8","12 tahun","","","","","","","","","","","","","","","","","","","","","","","","","","","NURUL HAWA AMANI BINTI SULAIMAN","C-13-03","Perempuan","MALAM (8.00 MALAM - 10.00 MALAM)","KELAS TUISYEN","","","","","","","","","","","","","","","","","","","","","","","","","","","","","",""
"2026/05/05 8:16:28 pm GMT+8","12 tahun","","","","","","","","","","","","","","","","","","","","","","","","","","","NUR SOFEA SOLEHAH","C-12-14","Perempuan","MALAM (8.00 MALAM - 10.00 MALAM)","KELAS TUISYEN","","","","","","","","","","","","","","","","","","","","","","","","","","","","","",""
"2026/05/05 8:17:06 pm GMT+8","12 tahun","","","","","","","","","","","","","","","","","","","","","","","","","","","NUR MIZA ILYANA BINTI MAZLI","A-06-08","Perempuan","MALAM (8.00 MALAM - 10.00 MALAM)","KELAS TUISYEN","","","","","","","","","","","","","","","","","","","","","","","","","","","","","",""
"2026/05/05 8:18:15 pm GMT+8","12 tahun","","","","","","","","","","","","","","","","","","","","","","","","","","","NUR SALSABILLA RAMADHANI BINTI ABD RAHIM","A-04-10","Perempuan","MALAM (8.00 MALAM - 10.00 MALAM)","KELAS TUISYEN","","","","","","","","","","","","","","","","","","","","","","","","","","","","","",""
"2026/05/05 8:22:03 pm GMT+8","13 tahun","","","","","","","","","","","","","","","","","","","","","","","","","","","","","","","","QASEH NUR SALINA","A-07-05","Perempuan","MALAM (8.00 MALAM - 10.00 MALAM)","AKTIVITI SANTAI","","","","","","","","","","","","","","","","","","","","","","","","",""
"2026/05/05 9:12:55 pm GMT+8","8 tahun","","","","","","","Firash iman Bin zamri","C-15-13","Lelaki","MALAM (8.00 MALAM - 10.00 MALAM)","PERMAINAN DALAMAN","","","","","","","","","","","","","","","","","","","","","","","","","","","","","","","","","","","","","","","","","","","","","","","","","",""
"2026/05/05 9:18:27 pm GMT+8","13 tahun","","","","","","","","","","","","","","","","","","","","","","","","","","","","","","","","MUHAMMAD SHAHIR HAIKAL BIN ROSLAN","C-11-17","Lelaki","MALAM (8.00 MALAM - 10.00 MALAM)","AKTIVITI SANTAI","","","","","","","","","","","","","","","","","","","","","","","","",""
"2026/05/05 9:28:16 pm GMT+8","13 tahun","","","","","","","","","","","","","","","","","","","","","","","","","","","","","","","","MUHAMAD QHAIRIL BIN MOHD KHAIRUL ANUAR","B-13-19","Lelaki","MALAM (8.00 MALAM - 10.00 MALAM)","AKTIVITI SANTAI","","","","","","","","","","","","","","","","","","","","","","","","",""
"2026/05/05 9:29:41 pm GMT+8","12 tahun","","","","","","","","","","","","","","","","","","","","","","","","","","","MOHAMED ADAM DANIAL BIN MOHD NASIR","B-15-18","Lelaki","MALAM (8.00 MALAM - 10.00 MALAM)","AKTIVITI SANTAI","","","","","","","","","","","","","","","","","","","","","","","","","","","","","",""
"2026/05/05 9:30:40 pm GMT+8","13 tahun","","","","","","","","","","","","","","","","","","","","","","","","","","","","","","","","Muhammad shahaziq aiman","A-11-06","Lelaki","MALAM (8.00 MALAM - 10.00 MALAM)","AKTIVITI SANTAI","","","","","","","","","","","","","","","","","","","","","","","","",""
"2026/05/05 9:33:06 pm GMT+8","17 tahun","","","","","","","","","","","","","","","","","","","","","","","","","","","","","","","","","","","","","","","","","","","","","","","","","","","","MOHAMAD AZRUL AZRAI BIN HISHAM","B-13-12","Lelaki","MALAM (8.00 MALAM - 10.00 MALAM)","AKITIVITI SANTAI","","","","",""
"2026/05/05 9:38:11 pm GMT+8","15 tahun","","","","","","","","","","","","","","","","","","","","","","","","","","","","","","","","","","","","","","","","","","SITI NUR HASIRA BINTI MUHAMMADUN","B-02-14","Perempuan","MALAM (8.00 MALAM - 10.00 MALAM)","AKTIVITI SANTAI","","","","","","","","","","","","","","",""
"2026/05/06 3:08:07 pm GMT+8","11 tahun","","","","","","","","","","","","","","","","","","","","","","NUR ANEESA ILYANA BINTI MAZLI","A-06-08","Perempuan","PETANG (3.00 PETANG - 6.30 PETANG)","AKTIVITI SANTAI","","","","","","","","","","","","","","","","","","","","","","","","","","","","","","","","","","",""
"2026/05/06 3:09:50 pm GMT+8","11 tahun","","","","","","","","","","","","","","","","","","","","","","SUHAILA HANIFA BINTI MUHAMMADUN","B-02-14","Perempuan","PETANG (3.00 PETANG - 6.30 PETANG)","AKTIVITI SANTAI","","","","","","","","","","","","","","","","","","","","","","","","","","","","","","","","","","",""
"2026/05/06 3:47:31 pm GMT+8","10 tahun","","","","","","","","","","","","","","","","","ZUL HAKIF BIN MOHD EZUAN","C-16-09","Lelaki","PETANG (3.00 PETANG - 6.30 PETANG)","MENONTON TELEVISYEN","","","","","","","","","","","","","","","","","","","","","","","","","","","","","","","","","","","","","","","",""
"2026/05/06 3:49:26 pm GMT+8","10 tahun","","","","","","","","","","","","","","","","","MUHAMMAD RAMADHAN FITRI","C-10-19","Lelaki","PETANG (3.00 PETANG - 6.30 PETANG)","AKTIVITI SANTAI","","","","","","","","","","","","","","","","","","","","","","","","","","","","","","","","","","","","","","","",""
"2026/05/06 3:52:54 pm GMT+8","12 tahun","","","","","","","","","","","","","","","","","","","","","","","","","","","MUHAMMAD KHAIRUL SYAFIQ","C-8-10","Lelaki","PETANG (3.00 PETANG - 6.30 PETANG)","AKTIVITI SANTAI","","","","","","","","","","","","","","","","","","","","","","","","","","","","","",""
"2026/05/06 4:07:51 pm GMT+8","15 tahun","","","","","","","","","","","","","","","","","","","","","","","","","","","","","","","","","","","","","","","","","","ARIF DANIEL BIN FAIZUL AZLI","B-13-06","Lelaki","PETANG (3.00 PETANG - 6.30 PETANG)","AKTIVITI SANTAI","","","","","","","","","","","","","","",""
"2026/05/06 4:09:54 pm GMT+8","13 tahun","","","","","","","","","","","","","","","","","","","","","","","","","","","","","","","","Muhammad shahaziq aiman","A-11-06","Lelaki","MALAM (8.00 MALAM - 10.00 MALAM)","AKTIVITI SANTAI","","","","","","","","","","","","","","","","","","","","","","","","",""
"2026/05/06 4:10:23 pm GMT+8","13 tahun","","","","","","","","","","","","","","","","","","","","","","","","","","","","","","","","MUHAMAD RAMADAN BN MUHAMADUN","B-02-14","Lelaki","PETANG (3.00 PETANG - 6.30 PETANG)","AKTIVITI SANTAI","","","","","","","","","","","","","","","","","","","","","","","","",""
"2026/05/06 4:46:14 pm GMT+8","10 tahun","","","","","","","","","","","","","","","","","MUHAMMAD RAMADHAN FITRI","C-10-19","Lelaki","PETANG (3.00 PETANG - 6.30 PETANG)","AKTIVITI SANTAI","","","","","","","","","","","","","","","","","","","","","","","","","","","","","","","","","","","","","","","",""
"2026/05/06 4:52:51 pm GMT+8","11 tahun","","","","","","","","","","","","","","","","","","","","","","QASEH NUR ZAHRA BIN KAMA","A-07-05","Lelaki","PETANG (3.00 PETANG - 6.30 PETANG)","AKTIVITI SANTAI","","","","","","","","","","","","","","","","","","","","","","","","","","","","","","","","","","",""
"2026/05/06 5:05:37 pm GMT+8","12 tahun","","","","","","","","","","","","","","","","","","","","","","","","","","","MUHAMMAD RAYYAN ADAM","B-17-14","Lelaki","PETANG (3.00 PETANG - 6.30 PETANG)","AKTIVITI SANTAI","","","","","","","","","","","","","","","","","","","","","","","","","","","","","",""
"2026/05/06 8:06:32 pm GMT+8","17 tahun","","","","","","","","","","","","","","","","","","","","","","","","","","","","","","","","","","","","","","","","","","","","","","","","","","","","MOHAMAD AZRUL AZRAI BIN HISHAM","B-13-12","Lelaki","MALAM (8.00 MALAM - 10.00 MALAM)","AKITIVITI SANTAI","","","","",""
"2026/05/06 8:07:41 pm GMT+8","16 tahun","","","","","","","","","","","","","","","","","","","","","","","","","","","","","","","","","","","","","","","","","","","","","","","ADAM ZAKRY BIN ZUL AMALI","B-13-10","Lelaki","MALAM (8.00 MALAM - 10.00 MALAM)","AKTIVITI SANTAI","","","","","","","","","",""
"2026/05/06 8:47:10 pm GMT+8","13 tahun","","","","","","","","","","","","","","","","","","","","","","","","","","","","","","","","MUHAMMAD SHAHIR HAIKAL BIN ROSLAN","C-11-17","Lelaki","MALAM (8.00 MALAM - 10.00 MALAM)","AKTIVITI SANTAI","","","","","","","","","","","","","","","","","","","","","","","","",""
"2026/05/06 9:10:05 pm GMT+8","15 tahun","","","","","","","","","","","","","","","","","","","","","","","","","","","","","","","","","","","","","","","","","","NOR DAMIA FATIN BINTI GHAFFAR","C-06-10","Perempuan","MALAM (8.00 MALAM - 10.00 MALAM)","AKTIVITI SANTAI","","","","","","","","","","","","","","",""
"2026/05/06 9:13:23 pm GMT+8","17 tahun","","","","","","","","","","","","","","","","","","","","","","","","","","","","","","","","","","","","","","","","","","","","","","","","","","","","SHAIRAH BINTI ROSLAN","C-11-17","Perempuan","MALAM (8.00 MALAM - 10.00 MALAM)","AKITIVITI SANTAI","","","","",""
"2026/05/06 9:19:26 pm GMT+8","16 tahun","","","","","","","","","","","","","","","","","","","","","","","","","","","","","","","","","","","","","","","","","","","","","","","SAIDATUL UMAIRAH BINTI MAD KHAIRI","C-6-1","Perempuan","MALAM (8.00 MALAM - 10.00 MALAM)","AKTIVITI SANTAI","","","","","","","","","",""
"2026/05/08 3:13:46 pm GMT+8","15 tahun","","","","","","","","","","","","","","","","","","","","","","","","","","","","","","","","","","","","","","","","","","ARIF DANIEL BIN FAIZUL AZLI","B-13-06","Lelaki","PETANG (3.00 PETANG - 6.30 PETANG)","AKTIVITI SANTAI","","","","","","","","","","","","","","",""
"2026/05/08 3:15:18 pm GMT+8","10 tahun","","","","","","","","","","","","","","","","","MUHAMMAD RAMADHAN FITRI","C-10-19","Lelaki","PETANG (3.00 PETANG - 6.30 PETANG)","AKTIVITI SANTAI","","","","","","","","","","","","","","","","","","","","","","","","","","","","","","","","","","","","","","","",""
"2026/05/08 3:16:03 pm GMT+8","9 tahun","","","","","","","","","","","","MUHAMMAD AZALI BIN FIZI","C-12-20","Lelaki","PETANG (3.00 PETANG - 6.30 PETANG)","AKTIVITI SANTAI","","","","","","","","","","","","","","","","","","","","","","","","","","","","","","","","","","","","","","","","","","","","",""
"2026/05/08 5:17:14 pm GMT+8","12 tahun","","","","","","","","","","","","","","","","","","","","","","","","","","","MUHAMMAD RAYYAN ADAM","B-17-14","Lelaki","PETANG (3.00 PETANG - 6.30 PETANG)","AKTIVITI SANTAI","","","","","","","","","","","","","","","","","","","","","","","","","","","","","",""
"2026/05/08 5:17:48 pm GMT+8","8 tahun","","","","","","","MUHAMMAD QAYYUM AMSYAR","B-17-14","Lelaki","PETANG (3.00 PETANG - 6.30 PETANG)","AKTIVITI SANTAI","","","","","","","","","","","","","","","","","","","","","","","","","","","","","","","","","","","","","","","","","","","","","","","","","",""
"2026/05/08 5:33:23 pm GMT+8","10 tahun","","","","","","","","","","","","","","","","","ZUL HAKIF BIN MOHD EZUAN","C-16-09","Lelaki","PETANG (3.00 PETANG - 6.30 PETANG)","MENONTON TELEVISYEN","","","","","","","","","","","","","","","","","","","","","","","","","","","","","","","","","","","","","","","",""
"2026/05/08 5:34:30 pm GMT+8","12 tahun","","","","","","","","","","","","","","","","","","","","","","","","","","","danish iman bin zamri","C-1-06","Lelaki","PETANG (3.00 PETANG - 6.30 PETANG)","PERMAINAN DALAMAN","","","","","","","","","","","","","","","","","","","","","","","","","","","","","",""
"2026/05/08 5:36:03 pm GMT+8","12 tahun","","","","","","","","","","","","","","","","","","","","","","","","","","","MOHAMED ADAM DANIAL BIN MOHD NASIR","B-15-18","Lelaki","PETANG (3.00 PETANG - 6.30 PETANG)","AKTIVITI SANTAI","","","","","","","","","","","","","","","","","","","","","","","","","","","","","",""
"2026/05/08 5:48:49 pm GMT+8","12 tahun","","","","","","","","","","","","","","","","","","","","","","","","","","","Muhammad Al-farabbi Farhat","C-1-17","Lelaki","PETANG (3.00 PETANG - 6.30 PETANG)","AKTIVITI SANTAI","","","","","","","","","","","","","","","","","","","","","","","","","","","","","",""
"2026/05/08 5:50:07 pm GMT+8","8 tahun","","","","","","","MUHAMMAD AL-MUKMIN BIN GHAFFAR","C-06-10","Lelaki","PETANG (3.00 PETANG - 6.30 PETANG)","AKTIVITI SANTAI","","","","","","","","","","","","","","","","","","","","","","","","","","","","","","","","","","","","","","","","","","","","","","","","","",""
"2026/05/08 6:13:17 pm GMT+8","10 tahun","","","","","","","","","","","","","","","","","MUHAMMAD RAMADHAN FITRI","C-10-19","Lelaki","PETANG (3.00 PETANG - 6.30 PETANG)","AKTIVITI SANTAI","","","","","","","","","","","","","","","","","","","","","","","","","","","","","","","","","","","","","","","",""
"2026/05/08 6:14:09 pm GMT+8","9 tahun","","","","","","","","","","","","MUHAMMAD AZALI BIN FIZI","C-12-20","Lelaki","PETANG (3.00 PETANG - 6.30 PETANG)","AKTIVITI SANTAI","","","","","","","","","","","","","","","","","","","","","","","","","","","","","","","","","","","","","","","","","","","","",""
"2026/05/08 6:20:31 pm GMT+8","12 tahun","","","","","","","","","","","","","","","","","","","","","","","","","","","MUHAMMAD KHAIRUL SYAFIQ","C-8-10","Lelaki","PETANG (3.00 PETANG - 6.30 PETANG)","AKTIVITI SANTAI","","","","","","","","","","","","","","","","","","","","","","","","","","","","","",""
"2026/05/08 9:23:55 pm GMT+8","13 tahun","","","","","","","","","","","","","","","","","","","","","","","","","","","","","","","","Muhammad shahaziq aiman","A-11-06","Lelaki","MALAM (8.00 MALAM - 10.00 MALAM)","AKTIVITI SANTAI","","","","","","","","","","","","","","","","","","","","","","","","",""
"2026/05/08 9:24:39 pm GMT+8","13 tahun","","","","","","","","","","","","","","","","","","","","","","","","","","","","","","","","MUHAMAD QHAIRIL BIN MOHD KHAIRUL ANUAR","B-13-19","Lelaki","MALAM (8.00 MALAM - 10.00 MALAM)","AKTIVITI SANTAI","","","","","","","","","","","","","","","","","","","","","","","","",""
"2026/05/11 3:15:50 pm GMT+8","11 tahun","","","","","","","","","","","","","","","","","","","","","","SUHAILA HANIFA BINTI MUHAMMADUN","B-02-14","Perempuan","PETANG (3.00 PETANG - 6.30 PETANG)","AKTIVITI SANTAI","","","","","","","","","","","","","","","","","","","","","","","","","","","","","","","","","","",""
"2026/05/11 3:16:15 pm GMT+8","11 tahun","","","","","","","","","","","","","","","","","","","","","","QASEH NUR ZAHRA BIN KAMA","A-07-05","Perempuan","PETANG (3.00 PETANG - 6.30 PETANG)","AKTIVITI SANTAI","","","","","","","","","","","","","","","","","","","","","","","","","","","","","","","","","","",""
"2026/05/11 3:21:45 pm GMT+8","13 tahun","","","","","","","","","","","","","","","","","","","","","","","","","","","","","","","","MUHAMAD RAMADAN BN MUHAMADUN","B-02-14","Lelaki","PETANG (3.00 PETANG - 6.30 PETANG)","AKTIVITI SANTAI","","","","","","","","","","","","","","","","","","","","","","","","",""
"2026/05/11 3:22:08 pm GMT+8","15 tahun","","","","","","","","","","","","","","","","","","","","","","","","","","","","","","","","","","","","","","","","","","ARIF DANIEL BIN FAIZUL AZLI","B-13-06","Lelaki","PETANG (3.00 PETANG - 6.30 PETANG)","AKTIVITI SANTAI","","","","","","","","","","","","","","",""
"2026/05/11 4:18:33 pm GMT+8","10 tahun","","","","","","","","","","","","","","","","","MUHAMMAD RAMADHAN FITRI","C-10-19","Lelaki","PETANG (3.00 PETANG - 6.30 PETANG)","AKTIVITI SANTAI","","","","","","","","","","","","","","","","","","","","","","","","","","","","","","","","","","","","","","","",""
"2026/05/11 4:20:22 pm GMT+8","12 tahun","","","","","","","","","","","","","","","","","","","","","","","","","","","MUHAMMAD KHAIRUL SYAFIQ","C-8-10","Lelaki","PETANG (3.00 PETANG - 6.30 PETANG)","AKTIVITI SANTAI","","","","","","","","","","","","","","","","","","","","","","","","","","","","","",""
"2026/05/11 4:24:04 pm GMT+8","9 tahun","","","","","","","","","","","","NUR SYAFIQAH MADIHAH BINTI SHAHRILRIZAL","B-04-13","Perempuan","PETANG (3.00 PETANG - 6.30 PETANG)","AKTIVITI SANTAI","","","","","","","","","","","","","","","","","","","","","","","","","","","","","","","","","","","","","","","","","","","","",""
"2026/05/11 4:24:40 pm GMT+8","9 tahun","","","","","","","","","","","","NUR AAIRA ILYANA BINTI MAZLI","A-06-08","Perempuan","PETANG (3.00 PETANG - 6.30 PETANG)","AKTIVITI SANTAI","","","","","","","","","","","","","","","","","","","","","","","","","","","","","","","","","","","","","","","","","","","","",""
"2026/05/11 5:10:58 pm GMT+8","12 tahun","","","","","","","","","","","","","","","","","","","","","","","","","","","MUHAMMAD RAYYAN ADAM","B-17-14","Lelaki","PETANG (3.00 PETANG - 6.30 PETANG)","AKTIVITI SANTAI","","","","","","","","","","","","","","","","","","","","","","","","","","","","","",""
"2026/05/11 5:11:13 pm GMT+8","8 tahun","","","","","","","MUHAMMAD QAYYUM AMSYAR","B-17-14","Lelaki","PETANG (3.00 PETANG - 6.30 PETANG)","AKTIVITI SANTAI","","","","","","","","","","","","","","","","","","","","","","","","","","","","","","","","","","","","","","","","","","","","","","","","","",""
"2026/05/11 5:24:23 pm GMT+8","12 tahun","","","","","","","","","","","","","","","","","","","","","","","","","","","MUHAMMAD SYAKIR MUKHRIZ BIN SHAHRILRIZAL","B-4-13","Lelaki","PETANG (3.00 PETANG - 6.30 PETANG)","MENONTON TELEVISYEN","","","","","","","","","","","","","","","","","","","","","","","","","","","","","",""
"2026/05/11 5:51:13 pm GMT+8","15 tahun","","","","","","","","","","","","","","","","","","","","","","","","","","","","","","","","","","","","","","","","","","SITI NUR HASIRA BINTI MUHAMMADUN","B-02-14","Perempuan","PETANG (3.00 PETANG - 6.30 PETANG)","AKTIVITI SANTAI","","","","","","","","","","","","","","",""
"2026/05/11 5:51:54 pm GMT+8","8 tahun","","","","","","","MUHAMAD AYAS BN MUHAMADUN","B-02-14","Lelaki","PETANG (3.00 PETANG - 6.30 PETANG)","PERMAINAN KOMPUTER","","","","","","","","","","","","","","","","","","","","","","","","","","","","","","","","","","","","","","","","","","","","","","","","","",""
"2026/05/11 8:12:16 pm GMT+8","13 tahun","","","","","","","","","","","","","","","","","","","","","","","","","","","","","","","","MUHAMAD RAMADAN BN MUHAMADUN","B-02-14","Lelaki","MALAM (8.00 MALAM - 10.00 MALAM)","AKTIVITI SANTAI","","","","","","","","","","","","","","","","","","","","","","","","",""
"2026/05/11 8:12:58 pm GMT+8","13 tahun","","","","","","","","","","","","","","","","","","","","","","","","","","","","","","","","MUHAMMAD SHAHIR HAIKAL BIN ROSLAN","C-11-17","Lelaki","MALAM (8.00 MALAM - 10.00 MALAM)","AKTIVITI SANTAI","","","","","","","","","","","","","","","","","","","","","","","","",""
"2026/05/11 8:17:59 pm GMT+8","12 tahun","","","","","","","","","","","","","","","","","","","","","","","","","","","MOHAMED ADAM DANIAL BIN MOHD NASIR","B-15-18","Lelaki","MALAM (8.00 MALAM - 10.00 MALAM)","AKTIVITI SANTAI","","","","","","","","","","","","","","","","","","","","","","","","","","","","","",""
"2026/05/11 8:24:01 pm GMT+8","10 tahun","","","","","","","","","","","","","","","","","MUHAMMAD RAMADHAN FITRI","C-10-19","Lelaki","PETANG (3.00 PETANG - 6.30 PETANG)","AKTIVITI SANTAI","","","","","","","","","","","","","","","","","","","","","","","","","","","","","","","","","","","","","","","",""
"2026/05/11 8:24:49 pm GMT+8","9 tahun","","","","","","","","","","","","AISYWALDAN","C-03-15","Lelaki","MALAM (8.00 MALAM - 10.00 MALAM)","PERMAINAN KOMPUTER","","","","","","","","","","","","","","","","","","","","","","","","","","","","","","","","","","","","","","","","","","","","",""
"2026/05/11 8:25:34 pm GMT+8","9 tahun","","","","","","","","","","","","MUHAMMAD AZALI BIN FIZI","C-12-20","Lelaki","MALAM (8.00 MALAM - 10.00 MALAM)","AKTIVITI SANTAI","","","","","","","","","","","","","","","","","","","","","","","","","","","","","","","","","","","","","","","","","","","","",""
"2026/05/11 8:28:01 pm GMT+8","13 tahun","","","","","","","","","","","","","","","","","","","","","","","","","","","","","","","","Muhammad shahaziq aiman","A-11-06","Lelaki","MALAM (8.00 MALAM - 10.00 MALAM)","AKTIVITI SANTAI","","","","","","","","","","","","","","","","","","","","","","","","",""
"2026/05/11 8:31:05 pm GMT+8","12 tahun","","","","","","","","","","","","","","","","","","","","","","","","","","","MUHAMMAD SYAKIR MUKHRIZ BIN SHAHRILRIZAL","B-4-13","Lelaki","PETANG (3.00 PETANG - 6.30 PETANG)","MENONTON TELEVISYEN","","","","","","","","","","","","","","","","","","","","","","","","","","","","","",""
"2026/05/11 8:35:30 pm GMT+8","15 tahun","","","","","","","","","","","","","","","","","","","","","","","","","","","","","","","","","","","","","","","","","","MUHAMMAD HARRAZ SAUQI BIN KAMA","A-07-05","Lelaki","MALAM (8.00 MALAM - 10.00 MALAM)","AKTIVITI SANTAI","","","","","","","","","","","","","","",""
"2026/05/11 8:35:55 pm GMT+8","17 tahun","","","","","","","","","","","","","","","","","","","","","","","","","","","","","","","","","","","","","","","","","","","","","","","","","","","","MUHAMMAD ADAM DANISH BIN AZHAR","B-17-06","Lelaki","MALAM (8.00 MALAM - 10.00 MALAM)","AKITIVITI SANTAI","","","","",""
"2026/05/11 8:46:49 pm GMT+8","9 tahun","","","","","","","","","","","","NUR AAIRA ILYANA BINTI MAZLI","A-06-08","Perempuan","MALAM (8.00 MALAM - 10.00 MALAM)","AKTIVITI SANTAI","","","","","","","","","","","","","","","","","","","","","","","","","","","","","","","","","","","","","","","","","","","","",""
"2026/05/12 3:01:30 pm GMT+8","15 tahun","","","","","","","","","","","","","","","","","","","","","","","","","","","","","","","","","","","","","","","","","","ARIF DANIEL BIN FAIZUL AZLI","B-13-06","Lelaki","PETANG (3.00 PETANG - 6.30 PETANG)","AKTIVITI SANTAI","","","","","","","","","","","","","","",""
"2026/05/12 3:04:13 pm GMT+8","10 tahun","","","","","","","","","","","","","","","","","Errysyam ameer aiman bin abdallah","C-6-16","Lelaki","PETANG (3.00 PETANG - 6.30 PETANG)","AKTIVITI SANTAI","","","","","","","","","","","","","","","","","","","","","","","","","","","","","","","","","","","","","","","",""
"2026/05/12 3:05:06 pm GMT+8","10 tahun","","","","","","","","","","","","","","","","","MUHAMMAD RAMADHAN FITRI","C-10-19","Lelaki","PETANG (3.00 PETANG - 6.30 PETANG)","AKTIVITI SANTAI","","","","","","","","","","","","","","","","","","","","","","","","","","","","","","","","","","","","","","","",""
"2026/05/12 3:06:34 pm GMT+8","12 tahun","","","","","","","","","","","","","","","","","","","","","","","","","","","MUHAMMAD KHAIRUL SYAFIQ","C-8-10","Lelaki","PETANG (3.00 PETANG - 6.30 PETANG)","AKTIVITI SANTAI","","","","","","","","","","","","","","","","","","","","","","","","","","","","","",""
"2026/05/12 3:11:40 pm GMT+8","9 tahun","","","","","","","","","","","","Syaklr","C-8-10","Lelaki","PETANG (3.00 PETANG - 6.30 PETANG)","PERMAINAN DALAMAN","","","","","","","","","","","","","","","","","","","","","","","","","","","","","","","","","","","","","","","","","","","","",""
"2026/05/12 3:15:15 pm GMT+8","10 tahun","","","","","","","","","","","","","","","","","Muhammad harraz naufal bin mohd khairi","C-4-8","Lelaki","PETANG (3.00 PETANG - 6.30 PETANG)","PERMAINAN KOMPUTER","","","","","","","","","","","","","","","","","","","","","","","","","","","","","","","","","","","","","","","",""
"2026/05/12 3:16:49 pm GMT+8","9 tahun","","","","","","","","","","","","MUHAMMAD AZALI BIN FIZI","C-12-20","Lelaki","PETANG (3.00 PETANG - 6.30 PETANG)","MENONTON TELEVISYEN","","","","","","","","","","","","","","","","","","","","","","","","","","","","","","","","","","","","","","","","","","","","",""
"2026/05/12 3:19:41 pm GMT+8","15 tahun","","","","","","","","","","","","","","","","","","","","","","","","","","","","","","","","","","","","","","","","","","SITI NUR HASIRA BINTI MUHAMMADUN","B-02-14","Perempuan","PETANG (3.00 PETANG - 6.30 PETANG)","AKTIVITI SANTAI","","","","","","","","","","","","","","",""
"2026/05/12 3:20:46 pm GMT+8","12 tahun","","","","","","","","","","","","","","","","","","","","","","","","","","","MUHAMMAD ADAM RAYYAN","C-13-09","Lelaki","PETANG (3.00 PETANG - 6.30 PETANG)","AKTIVITI SANTAI","","","","","","","","","","","","","","","","","","","","","","","","","","","","","",""
"2026/05/12 4:32:36 pm GMT+8","7 tahun ke bawah","NUR ZARA AULIA BINTI MUHAMADUN","5","B-02-14","Perempuan","PETANG (3.00 PETANG - 6.30 PETANG)","AKTIVITI SANTAI","","","","","","","","","","","","","","","","","","","","","","","","","","","","","","","","","","","","","","","","","","","","","","","","","","","","","","",""
"2026/05/12 4:32:56 pm GMT+8","11 tahun","","","","","","","","","","","","","","","","","","","","","","SUHAILA HANIFA BINTI MUHAMMADUN","B-02-14","Perempuan","PETANG (3.00 PETANG - 6.30 PETANG)","AKTIVITI SANTAI","","","","","","","","","","","","","","","","","","","","","","","","","","","","","","","","","","",""
"2026/05/12 4:47:27 pm GMT+8","15 tahun","","","","","","","","","","","","","","","","","","","","","","","","","","","","","","","","","","","","","","","","","","MUHAMAD ARFAN AQIM BIN ARMAN","B-08-10","Lelaki","PETANG (3.00 PETANG - 6.30 PETANG)","AKTIVITI SANTAI","","","","","","","","","","","","","","",""
"2026/05/12 4:59:39 pm GMT+8","15 tahun","","","","","","","","","","","","","","","","","","","","","","","","","","","","","","","","","","","","","","","","","","MUHAMMAD HARRAZ SAUQI BIN KAMA","A-07-05","Lelaki","PETANG (3.00 PETANG - 6.30 PETANG)","AKTIVITI SANTAI","","","","","","","","","","","","","","",""
"2026/05/12 5:00:02 pm GMT+8","16 tahun","","","","","","","","","","","","","","","","","","","","","","","","","","","","","","","","","","","","","","","","","","","","","","","ADAM ZAKRY BIN ZUL AMALI","B-13-10","Lelaki","PETANG (3.00 PETANG - 6.30 PETANG)","AKTIVITI SANTAI","","","","","","","","","",""
"2026/05/12 8:01:23 pm GMT+8","12 tahun","","","","","","","","","","","","","","","","","","","","","","","","","","","MOHAMED ADAM DANIAL BIN MOHD NASIR","B-15-18","Lelaki","PETANG (3.00 PETANG - 6.30 PETANG)","AKTIVITI SANTAI","","","","","","","","","","","","","","","","","","","","","","","","","","","","","",""
"2026/05/12 8:11:00 pm GMT+8","12 tahun","","","","","","","","","","","","","","","","","","","","","","","","","","","ISMAHANI AFIA BINTI MUHAMAD YAMANI","B-04-15","Perempuan","MALAM (8.00 MALAM - 10.00 MALAM)","KELAS TUISYEN","","","","","","","","","","","","","","","","","","","","","","","","","","","","","",""
"2026/05/12 8:11:41 pm GMT+8","12 tahun","","","","","","","","","","","","","","","","","","","","","","","","","","","NUR FATHIA ALEEYA BINTI MUHD FAZIHAN","B-14-10","Perempuan","MALAM (8.00 MALAM - 10.00 MALAM)","KELAS TUISYEN","","","","","","","","","","","","","","","","","","","","","","","","","","","","","",""
"2026/05/12 8:12:05 pm GMT+8","13 tahun","","","","","","","","","","","","","","","","","","","","","","","","","","","","","","","","QASEH NUR SALINA","A-07-05","Perempuan","MALAM (8.00 MALAM - 10.00 MALAM)","HOMEWORK CLUB","","","","","","","","","","","","","","","","","","","","","","","","",""
"2026/05/12 8:12:23 pm GMT+8","9 tahun","","","","","","","","","","","","NUR AAIRA ILYANA BINTI MAZLI","A-06-08","Perempuan","MALAM (8.00 MALAM - 10.00 MALAM)","HOMEWORK CLUB","","","","","","","","","","","","","","","","","","","","","","","","","","","","","","","","","","","","","","","","","","","","",""
"2026/05/12 8:12:43 pm GMT+8","11 tahun","","","","","","","","","","","","","","","","","","","","","","NUR ANEESA ILYANA BINTI MAZLI","A-06-08","Perempuan","MALAM (8.00 MALAM - 10.00 MALAM)","AKTIVITI MODUL","","","","","","","","","","","","","","","","","","","","","","","","","","","","","","","","","","",""
"2026/05/12 8:13:05 pm GMT+8","12 tahun","","","","","","","","","","","","","","","","","","","","","","","","","","","NUR MIZA ILYANA BINTI MAZLI","A-06-08","Perempuan","MALAM (8.00 MALAM - 10.00 MALAM)","KELAS TUISYEN","","","","","","","","","","","","","","","","","","","","","","","","","","","","","",""
"2026/05/12 8:13:29 pm GMT+8","12 tahun","","","","","","","","","","","","","","","","","","","","","","","","","","","NUR SALSABILLA RAMADHANI BINTI ABD RAHIM","A-04-10","Perempuan","MALAM (8.00 MALAM - 10.00 MALAM)","KELAS TUISYEN","","","","","","","","","","","","","","","","","","","","","","","","","","","","","",""
"2026/05/12 8:14:16 pm GMT+8","12 tahun","","","","","","","","","","","","","","","","","","","","","","","","","","","NUR SOFEA SOLEHAH","C-12-14","Perempuan","MALAM (8.00 MALAM - 10.00 MALAM)","KELAS TUISYEN","","","","","","","","","","","","","","","","","","","","","","","","","","","","","",""
"2026/05/12 8:14:55 pm GMT+8","12 tahun","","","","","","","","","","","","","","","","","","","","","","","","","","","NURUL HAWA AMANI BINTI SULAIMAN","C-13-03","Perempuan","MALAM (8.00 MALAM - 10.00 MALAM)","KELAS TUISYEN","","","","","","","","","","","","","","","","","","","","","","","","","","","","","",""
"2026/05/12 8:15:25 pm GMT+8","12 tahun","","","","","","","","","","","","","","","","","","","","","","","","","","","NURATHIRA SYAHIRAH BINTI MOHAMAD","C-13-14","Perempuan","MALAM (8.00 MALAM - 10.00 MALAM)","KELAS TUISYEN","","","","","","","","","","","","","","","","","","","","","","","","","","","","","",""
"2026/05/12 8:16:04 pm GMT+8","12 tahun","","","","","","","","","","","","","","","","","","","","","","","","","","","SARAH KHAIRINA DHAMIRAH BT ARMAN","B-08-10","Perempuan","MALAM (8.00 MALAM - 10.00 MALAM)","KELAS TUISYEN","","","","","","","","","","","","","","","","","","","","","","","","","","","","","",""
"2026/05/12 8:43:10 pm GMT+8","11 tahun","","","","","","","","","","","","","","","","","","","","","","SUHAILA HANIFA BINTI MUHAMMADUN","B-02-14","Perempuan","MALAM (8.00 MALAM - 10.00 MALAM)","AKTIVITI SANTAI","","","","","","","","","","","","","","","","","","","","","","","","","","","","","","","","","","",""
"2026/05/12 8:43:36 pm GMT+8","11 tahun","","","","","","","","","","","","","","","","","","","","","","NUR ANEESA ILYANA BINTI MAZLI","A-06-08","Perempuan","MALAM (8.00 MALAM - 10.00 MALAM)","AKTIVITI SANTAI","","","","","","","","","","","","","","","","","","","","","","","","","","","","","","","","","","",""
"2026/05/12 8:44:01 pm GMT+8","7 tahun ke bawah","NUR ZARA AULIA BINTI MUHAMADUN","5 tahun","B-02-14","Perempuan","MALAM (8.00 MALAM - 10.00 MALAM)","AKTIVITI SANTAI","","","","","","","","","","","","","","","","","","","","","","","","","","","","","","","","","","","","","","","","","","","","","","","","","","","","","","",""
"2026/05/12 8:44:29 pm GMT+8","9 tahun","","","","","","","","","","","","NUR AAIRA ILYANA BINTI MAZLI","A-06-08","Perempuan","MALAM (8.00 MALAM - 10.00 MALAM)","AKTIVITI SANTAI","","","","","","","","","","","","","","","","","","","","","","","","","","","","","","","","","","","","","","","","","","","","",""
"2026/05/13 3:41:54 pm GMT+8","15 tahun","","","","","","","","","","","","","","","","","","","","","","","","","","","","","","","","","","","","","","","","","","ARIF DANIEL BIN FAIZUL AZLI","B-13-06","Lelaki","PETANG (3.00 PETANG - 6.30 PETANG)","AKTIVITI SANTAI","","","","","","","","","","","","","","",""
"2026/05/13 3:43:55 pm GMT+8","10 tahun","","","","","","","","","","","","","","","","","ZUL HAKIF BIN MOHD EZUAN","B-08-08","Lelaki","PETANG (3.00 PETANG - 6.30 PETANG)","MENONTON TELEVISYEN","","","","","","","","","","","","","","","","","","","","","","","","","","","","","","","","","","","","","","","",""
"2026/05/13 3:45:09 pm GMT+8","10 tahun","","","","","","","","","","","","","","","","","Syakir","C-8-10","Lelaki","PETANG (3.00 PETANG - 6.30 PETANG)","MENONTON TELEVISYEN","","","","","","","","","","","","","","","","","","","","","","","","","","","","","","","","","","","","","","","",""
"2026/05/13 3:45:32 pm GMT+8","10 tahun","","","","","","","","","","","","","","","","","ZUL HAKIF BIN MOHD EZUAN","C-16-09","Lelaki","PETANG (3.00 PETANG - 6.30 PETANG)","MENONTON TELEVISYEN","","","","","","","","","","","","","","","","","","","","","","","","","","","","","","","","","","","","","","","",""
"2026/05/13 5:08:18 pm GMT+8","11 tahun","","","","","","","","","","","","","","","","","","","","","","QASEH NUR ZAHRA BIN KAMA","A-07-05","Perempuan","PETANG (3.00 PETANG - 6.30 PETANG)","AKTIVITI SANTAI","","","","","","","","","","","","","","","","","","","","","","","","","","","","","","","","","","",""
"2026/05/13 5:08:51 pm GMT+8","7 tahun ke bawah","QASEH NUR HIDAYAH BINTI KAMA","4tahun ","A-07-05","Perempuan","PETANG (3.00 PETANG - 6.30 PETANG)","AKTIVITI SANTAI","","","","","","","","","","","","","","","","","","","","","","","","","","","","","","","","","","","","","","","","","","","","","","","","","","","","","","",""
"2026/05/13 5:10:00 pm GMT+8","11 tahun","","","","","","","","","","","","","","","","","","","","","","NUR ANEESA ILYANA BINTI MAZLI","A-06-08","Perempuan","PETANG (3.00 PETANG - 6.30 PETANG)","AKTIVITI SANTAI","","","","","","","","","","","","","","","","","","","","","","","","","","","","","","","","","","",""
"2026/05/13 5:10:29 pm GMT+8","12 tahun","","","","","","","","","","","","","","","","","","","","","","","","","","","NUR MIZA ILYANA BINTI MAZLI","A-06-08","Perempuan","PETANG (3.00 PETANG - 6.30 PETANG)","AKTIVITI SANTAI","","","","","","","","","","","","","","","","","","","","","","","","","","","","","",""
"2026/05/13 5:10:57 pm GMT+8","11 tahun","","","","","","","","","","","","","","","","","","","","","","SUHAILA HANIFA BINTI MUHAMMADUN","B-02-14","Perempuan","PETANG (3.00 PETANG - 6.30 PETANG)","AKTIVITI SANTAI","","","","","","","","","","","","","","","","","","","","","","","","","","","","","","","","","","",""
"2026/05/13 5:11:18 pm GMT+8","7 tahun ke bawah","NUR ZARA AULIA BINTI MUHAMADUN","5","B-02-14","Perempuan","PETANG (3.00 PETANG - 6.30 PETANG)","AKTIVITI SANTAI","","","","","","","","","","","","","","","","","","","","","","","","","","","","","","","","","","","","","","","","","","","","","","","","","","","","","","",""
"2026/05/13 5:12:30 pm GMT+8","10 tahun","","","","","","","","","","","","","","","","","ZAHIRA ARDHANI","B-5-17","Perempuan","PETANG (3.00 PETANG - 6.30 PETANG)","AKTIVITI SANTAI","","","","","","","","","","","","","","","","","","","","","","","","","","","","","","","","","","","","","","","",""
"2026/05/13 5:12:55 pm GMT+8","12 tahun","","","","","","","","","","","","","","","","","","","","","","","","","","","MOHAMED ADAM DANIAL BIN MOHD NASIR","B-15-18","Lelaki","PETANG (3.00 PETANG - 6.30 PETANG)","AKTIVITI SANTAI","","","","","","","","","","","","","","","","","","","","","","","","","","","","","",""
"2026/05/13 5:13:29 pm GMT+8","12 tahun","","","","","","","","","","","","","","","","","","","","","","","","","","","MUHAMMAD RAYYAN ADAM","B-17-14","Lelaki","PETANG (3.00 PETANG - 6.30 PETANG)","AKTIVITI SANTAI","","","","","","","","","","","","","","","","","","","","","","","","","","","","","",""
"2026/05/13 5:14:07 pm GMT+8","8 tahun","","","","","","","MUHAMAD AYAS BN MUHAMADUN","B-02-14","Lelaki","PETANG (3.00 PETANG - 6.30 PETANG)","PERMAINAN KOMPUTER","","","","","","","","","","","","","","","","","","","","","","","","","","","","","","","","","","","","","","","","","","","","","","","","","",""
"2026/05/13 5:23:35 pm GMT+8","11 tahun","","","","","","","","","","","","","","","","","","","","","","Muhamad nor aliff firdaus bin azrul","A-10-7","Lelaki","PETANG (3.00 PETANG - 6.30 PETANG)","AKTIVITI SANTAI","","","","","","","","","","","","","","","","","","","","","","","","","","","","","","","","","","",""
"2026/05/13 6:13:29 pm GMT+8","9 tahun","","","","","","","","","","","","NUR AAIRA ILYANA BINTI MAZLI","B-04-02","Lelaki","PETANG (3.00 PETANG - 6.30 PETANG)","AKTIVITI SANTAI","","","","","","","","","","","","","","","","","","","","","","","","","","","","","","","","","","","","","","","","","","","","",""
"2026/05/13 8:06:19 pm GMT+8","16 tahun","","","","","","","","","","","","","","","","","","","","","","","","","","","","","","","","","","","","","","","","","","","","","","","SAIDATUL UMAIRAH BINTI MD KHAIRI","C-6-01","Perempuan","MALAM (8.00 MALAM - 10.00 MALAM)","AKTIVITI SANTAI","","","","","","","","","",""
"2026/05/13 8:10:55 pm GMT+8","11 tahun","","","","","","","","","","","","","","","","","","","","","","QASEH NUR ZAHRA BIN KAMA","A-07-05","Perempuan","MALAM (8.00 MALAM - 10.00 MALAM)","AKTIVITI SANTAI","","","","","","","","","","","","","","","","","","","","","","","","","","","","","","","","","","",""
"2026/05/14 3:08:47 pm GMT+8","11 tahun","","","","","","","","","","","","","","","","","","","","","","NUR ANEESA ILYANA BINTI MAZLI","A-06-08","Perempuan","PETANG (3.00 PETANG - 6.30 PETANG)","AKTIVITI SANTAI","","","","","","","","","","","","","","","","","","","","","","","","","","","","","","","","","","",""
"2026/05/14 3:09:36 pm GMT+8","12 tahun","","","","","","","","","","","","","","","","","","","","","","","","","","","NUR MIZA ILYANA BINTI MAZLI","A-06-08","Perempuan","PETANG (3.00 PETANG - 6.30 PETANG)","AKTIVITI SANTAI","","","","","","","","","","","","","","","","","","","","","","","","","","","","","",""
"2026/05/14 3:10:02 pm GMT+8","11 tahun","","","","","","","","","","","","","","","","","","","","","","QASEH NUR ZAHRA BIN KAMA","A-07-05","Perempuan","PETANG (3.00 PETANG - 6.30 PETANG)","AKTIVITI SANTAI","","","","","","","","","","","","","","","","","","","","","","","","","","","","","","","","","","",""
"2026/05/14 3:30:21 pm GMT+8","16 tahun","","","","","","","","","","","","","","","","","","","","","","","","","","","","","","","","","","","","","","","","","","","","","","","ADAM ZAKRY BIN ZUL AMALI","B-13-10","Lelaki","PETANG (3.00 PETANG - 6.30 PETANG)","KELAS TUISYEN","","","","","","","","","",""
"2026/05/14 3:49:41 pm GMT+8","15 tahun","","","","","","","","","","","","","","","","","","","","","","","","","","","","","","","","","","","","","","","","","","MUHAMAD ARFAN AQIM BIN ARMAN","B-08-10","Lelaki","PETANG (3.00 PETANG - 6.30 PETANG)","AKTIVITI SANTAI","","","","","","","","","","","","","","",""
"2026/05/14 3:51:10 pm GMT+8","15 tahun","","","","","","","","","","","","","","","","","","","","","","","","","","","","","","","","","","","","","","","","","","SITI NUR HASIRA BINTI MUHAMMADUN","B-02-14","Perempuan","PETANG (3.00 PETANG - 6.30 PETANG)","AKTIVITI SANTAI","","","","","","","","","","","","","","",""
"2026/05/14 4:34:44 pm GMT+8","10 tahun","","","","","","","","","","","","","","","","","ZAHIRA ARDHANI","B-5-17","Perempuan","PETANG (3.00 PETANG - 6.30 PETANG)","AKTIVITI SANTAI","","","","","","","","","","","","","","","","","","","","","","","","","","","","","","","","","","","","","","","",""
"2026/05/14 4:35:31 pm GMT+8","11 tahun","","","","","","","","","","","","","","","","","","","","","","ALISHA HUMAIRAH","A-1-16","Perempuan","PETANG (3.00 PETANG - 6.30 PETANG)","AKTIVITI SANTAI","","","","","","","","","","","","","","","","","","","","","","","","","","","","","","","","","","",""
"2026/05/14 4:36:40 pm GMT+8","10 tahun","","","","","","","","","","","","","","","","","NUR AISYAH DANIA","B-5-11","Perempuan","PETANG (3.00 PETANG - 6.30 PETANG)","AKTIVITI SANTAI","","","","","","","","","","","","","","","","","","","","","","","","","","","","","","","","","","","","","","","",""
"2026/05/14 4:58:41 pm GMT+8","11 tahun","","","","","","","","","","","","","","","","","","","","","","Muhammad taufiq daud bin abdullah","B-16-6","Lelaki","PETANG (3.00 PETANG - 6.30 PETANG)","PERMAINAN KOMPUTER","","","","","","","","","","","","","","","","","","","","","","","","","","","","","","","","","","",""
"2026/05/14 5:00:20 pm GMT+8","11 tahun","","","","","","","","","","","","","","","","","","","","","","Suhayl firas bin muhammad azlan","A-14-10","Lelaki","PETANG (3.00 PETANG - 6.30 PETANG)","PERMAINAN KOMPUTER","","","","","","","","","","","","","","","","","","","","","","","","","","","","","","","","","","",""
"2026/05/14 5:02:07 pm GMT+8","10 tahun","","","","","","","","","","","","","","","","","Muhammad Aryan miqhael bin muhammad Nisam","A-3-16","Lelaki","PETANG (3.00 PETANG - 6.30 PETANG)","PERMAINAN KOMPUTER","","","","","","","","","","","","","","","","","","","","","","","","","","","","","","","","","","","","","","","",""
"2026/05/14 5:10:06 pm GMT+8","12 tahun","","","","","","","","","","","","","","","","","","","","","","","","","","","MOHAMED ADAM DANIAL BIN MOHD NASIR","B-15-18","Lelaki","PETANG (3.00 PETANG - 6.30 PETANG)","AKTIVITI SANTAI","","","","","","","","","","","","","","","","","","","","","","","","","","","","","",""
"2026/05/14 5:20:39 pm GMT+8","11 tahun","","","","","","","","","","","","","","","","","","","","","","Muhamad nor aliff firdaus bin azrul","A-10-7","Lelaki","PETANG (3.00 PETANG - 6.30 PETANG)","AKTIVITI SANTAI","","","","","","","","","","","","","","","","","","","","","","","","","","","","","","","","","","",""
"2026/05/14 5:23:53 pm GMT+8","12 tahun","","","","","","","","","","","","","","","","","","","","","","","","","","","MUHAMMAD RAYYAN ADAM","B-17-14","Lelaki","PETANG (3.00 PETANG - 6.30 PETANG)","AKTIVITI SANTAI","","","","","","","","","","","","","","","","","","","","","","","","","","","","","",""
"2026/05/14 6:05:06 pm GMT+8","12 tahun","","","","","","","","","","","","","","","","","","","","","","","","","","","NUR KHAIRUNNIL AZZALEA BINTI AZLAN SHAH","B-15-08","Perempuan","PETANG (3.00 PETANG - 6.30 PETANG)","AKTIVITI SANTAI","","","","","","","","","","","","","","","","","","","","","","","","","","","","","",""
"2026/05/14 6:25:39 pm GMT+8","11 tahun","","","","","","","","","","","","","","","","","","","","","","SUHAILA HANIFA BINTI MUHAMMADUN","B-02-14","Perempuan","PETANG (3.00 PETANG - 6.30 PETANG)","AKTIVITI SANTAI","","","","","","","","","","","","","","","","","","","","","","","","","","","","","","","","","","",""
"2026/05/14 7:59:20 pm GMT+8","15 tahun","","","","","","","","","","","","","","","","","","","","","","","","","","","","","","","","","","","","","","","","","","SITI NUR HASIRA BINTI MUHAMMADUN","B-02-14","Perempuan","MALAM (8.00 MALAM - 10.00 MALAM)","KELAS TUISYEN","","","","","","","","","","","","","","",""
"2026/05/15 3:29:47 pm GMT+8","13 tahun","","","","","","","","","","","","","","","","","","","","","","","","","","","","","","","","QASEH NUR SALINA","A-07-05","Perempuan","PETANG (3.00 PETANG - 6.30 PETANG)","AKTIVITI SANTAI","","","","","","","","","","","","","","","","","","","","","","","","",""
"2026/05/15 3:47:15 pm GMT+8","13 tahun","","","","","","","","","","","","","","","","","","","","","","","","","","","","","","","","MUHAMMAD SHAHIR HAIKAL BIN ROSLAN","C-11-17","Lelaki","PETANG (3.00 PETANG - 6.30 PETANG)","AKTIVITI SANTAI","","","","","","","","","","","","","","","","","","","","","","","","",""
"2026/05/15 3:49:07 pm GMT+8","13 tahun","","","","","","","","","","","","","","","","","","","","","","","","","","","","","","","","MUHAMMAD SAFUANAJMIN BIN JASMI","B-05-12","Lelaki","PETANG (3.00 PETANG - 6.30 PETANG)","AKTIVITI SANTAI","","","","","","","","","","","","","","","","","","","","","","","","",""
"2026/05/15 3:49:47 pm GMT+8","12 tahun","","","","","","","","","","","","","","","","","","","","","","","","","","","MUHAMMAD SYAKIR MUKHRIZ BIN SHAHRILRIZAL","B-4-13","Lelaki","PETANG (3.00 PETANG - 6.30 PETANG)","MENONTON TELEVISYEN","","","","","","","","","","","","","","","","","","","","","","","","","","","","","",""
"2026/05/15 3:50:54 pm GMT+8","11 tahun","","","","","","","","","","","","","","","","","","","","","","SUHAILA HANIFA BINTI MUHAMMADUN","B-02-14","Perempuan","PETANG (3.00 PETANG - 6.30 PETANG)","AKTIVITI SANTAI","","","","","","","","","","","","","","","","","","","","","","","","","","","","","","","","","","",""
"2026/05/15 3:51:16 pm GMT+8","11 tahun","","","","","","","","","","","","","","","","","","","","","","QASEH NUR ZAHRA BIN KAMA","A-07-05","Perempuan","PETANG (3.00 PETANG - 6.30 PETANG)","AKTIVITI SANTAI","","","","","","","","","","","","","","","","","","","","","","","","","","","","","","","","","","",""
"2026/05/15 3:51:44 pm GMT+8","7 tahun ke bawah","QASEH NUR HIDAYAH BINTI KAMA","4","A-07-05","Perempuan","PETANG (3.00 PETANG - 6.30 PETANG)","AKTIVITI SANTAI","","","","","","","","","","","","","","","","","","","","","","","","","","","","","","","","","","","","","","","","","","","","","","","","","","","","","","",""
"2026/05/15 4:00:34 pm GMT+8","15 tahun","","","","","","","","","","","","","","","","","","","","","","","","","","","","","","","","","","","","","","","","","","SITI NUR HASIRA BINTI MUHAMMADUN","B-02-14","Perempuan","PETANG (3.00 PETANG - 6.30 PETANG)","AKTIVITI SANTAI","","","","","","","","","","","","","","",""
"2026/05/15 4:51:44 pm GMT+8","13 tahun","","","","","","","","","","","","","","","","","","","","","","","","","","","","","","","","MUHAMAD RAMADAN BN MUHAMADUN","B-02-14","Lelaki","PETANG (3.00 PETANG - 6.30 PETANG)","AKTIVITI SANTAI","","","","","","","","","","","","","","","","","","","","","","","","",""
"2026/05/15 5:07:22 pm GMT+8","10 tahun","","","","","","","","","","","","","","","","","ZAHIRA ARDHANI","B-5-17","Perempuan","PETANG (3.00 PETANG - 6.30 PETANG)","AKTIVITI SANTAI","","","","","","","","","","","","","","","","","","","","","","","","","","","","","","","","","","","","","","","",""
"2026/05/15 5:09:06 pm GMT+8","10 tahun","","","","","","","","","","","","","","","","","NUR AISYAH DANIA","B-5-11","Perempuan","PETANG (3.00 PETANG - 6.30 PETANG)","AKTIVITI SANTAI","","","","","","","","","","","","","","","","","","","","","","","","","","","","","","","","","","","","","","","",""
"2026/05/15 5:14:08 pm GMT+8","13 tahun","","","","","","","","","","","","","","","","","","","","","","","","","","","","","","","","Muhammmad shahaziq aiman","A-11-06","Lelaki","MALAM (8.00 MALAM - 10.00 MALAM)","AKTIVITI SANTAI","","","","","","","","","","","","","","","","","","","","","","","","",""
"2026/05/15 5:27:52 pm GMT+8","12 tahun","","","","","","","","","","","","","","","","","","","","","","","","","","","MUHAMMAD RAYYAN ADAM","B-17-14","Lelaki","PETANG (3.00 PETANG - 6.30 PETANG)","AKTIVITI SANTAI","","","","","","","","","","","","","","","","","","","","","","","","","","","","","",""
"2026/05/15 5:32:10 pm GMT+8","12 tahun","","","","","","","","","","","","","","","","","","","","","","","","","","","MOHAMED ADAM DANIAL BIN MOHD NASIR","B-15-18","Lelaki","PETANG (3.00 PETANG - 6.30 PETANG)","AKTIVITI SANTAI","","","","","","","","","","","","","","","","","","","","","","","","","","","","","",""
"2026/05/15 6:27:47 pm GMT+8","15 tahun","","","","","","","","","","","","","","","","","","","","","","","","","","","","","","","","","","","","","","","","","","ARIF DANIEL BIN FAIZUL AZLI","B-13-06","Lelaki","PETANG (3.00 PETANG - 6.30 PETANG)","MENONTON TELEVISYEN","","","","","","","","","","","","","","",""
"2026/05/15 9:41:02 pm GMT+8","8 tahun","","","","","","","Firash iman Bin zamri","C-1-6","Lelaki","MALAM (8.00 MALAM - 10.00 MALAM)","AKTIVITI SANTAI","","","","","","","","","","","","","","","","","","","","","","","","","","","","","","","","","","","","","","","","","","","","","","","","","",""
"2026/05/15 9:41:44 pm GMT+8","10 tahun","","","","","","","","","","","","","","","","","MUHAMMAD RAMADHAN FITRI","C-10-19","Lelaki","MALAM (8.00 MALAM - 10.00 MALAM)","AKTIVITI SANTAI","","","","","","","","","","","","","","","","","","","","","","","","","","","","","","","","","","","","","","","",""
"2026/05/15 9:43:53 pm GMT+8","11 tahun","","","","","","","","","","","","","","","","","","","","","","MUHAMMAD ASYRAF BIN MD KHAIRI","C-6-01","Lelaki","MALAM (8.00 MALAM - 10.00 MALAM)","AKTIVITI SANTAI","","","","","","","","","","","","","","","","","","","","","","","","","","","","","","","","","","",""
"2026/05/18 3:43:27 pm GMT+8","15 tahun","","","","","","","","","","","","","","","","","","","","","","","","","","","","","","","","","","","","","","","","","","ARIF DANIEL BIN FAIZUL AZLI","B-13-06","Lelaki","PETANG (3.00 PETANG - 6.30 PETANG)","MENONTON TELEVISYEN","","","","","","","","","","","","","","",""
"2026/05/18 3:46:11 pm GMT+8","7 tahun ke bawah","NUR ZARA AULIA BINTI MUHAMADUN","5","B-02-14","Perempuan","PETANG (3.00 PETANG - 6.30 PETANG)","AKTIVITI SANTAI","","","","","","","","","","","","","","","","","","","","","","","","","","","","","","","","","","","","","","","","","","","","","","","","","","","","","","",""
"2026/05/18 3:46:53 pm GMT+8","11 tahun","","","","","","","","","","","","","","","","","","","","","","SUHAILA HANIFA BINTI MUHAMMADUN","B-02-14","Perempuan","PETANG (3.00 PETANG - 6.30 PETANG)","AKTIVITI SANTAI","","","","","","","","","","","","","","","","","","","","","","","","","","","","","","","","","","",""
"2026/05/18 3:47:29 pm GMT+8","13 tahun","","","","","","","","","","","","","","","","","","","","","","","","","","","","","","","","MUHAMMAD SAFUANAJMIN BIN JASMI","B-05-12","Lelaki","PETANG (3.00 PETANG - 6.30 PETANG)","AKTIVITI SANTAI","","","","","","","","","","","","","","","","","","","","","","","","",""
"2026/05/18 3:50:51 pm GMT+8","11 tahun","","","","","","","","","","","","","","","","","","","","","","NUR AISYAH SYZHIRAH BINTI NAZRI ","B-6-18","Perempuan","PETANG (3.00 PETANG - 6.30 PETANG)","AKTIVITI SANTAI","","","","","","","","","","","","","","","","","","","","","","","","","","","","","","","","","","",""
"2026/05/18 3:52:32 pm GMT+8","10 tahun","","","","","","","","","","","","","","","","","NUR AISYAH DANIA","B-5-11","Perempuan","PETANG (3.00 PETANG - 6.30 PETANG)","AKTIVITI SANTAI","","","","","","","","","","","","","","","","","","","","","","","","","","","","","","","","","","","","","","","",""
"2026/05/18 3:59:11 pm GMT+8","10 tahun","","","","","","","","","","","","","","","","","ZAHIRA ARDANI","B-5-17","Perempuan","PETANG (3.00 PETANG - 6.30 PETANG)","AKTIVITI SANTAI","","","","","","","","","","","","","","","","","","","","","","","","","","","","","","","","","","","","","","","",""
"2026/05/18 4:00:58 pm GMT+8","11 tahun","","","","","","","","","","","","","","","","","","","","","","QASEH NUR ZAHRA BIN KAMA","A-07-05","Perempuan","PETANG (3.00 PETANG - 6.30 PETANG)","AKTIVITI SANTAI","","","","","","","","","","","","","","","","","","","","","","","","","","","","","","","","","","",""
"2026/05/18 4:06:00 pm GMT+8","11 tahun","","","","","","","","","","","","","","","","","","","","","","NUR ANEESA ILYANA BINTI MAZLI","A-06-08","Perempuan","PETANG (3.00 PETANG - 6.30 PETANG)","AKTIVITI SANTAI","","","","","","","","","","","","","","","","","","","","","","","","","","","","","","","","","","",""
"2026/05/18 4:51:01 pm GMT+8","13 tahun","","","","","","","","","","","","","","","","","","","","","","","","","","","","","","","","MUHAMAD RAMADAN BN MUHAMADUN","B-02-14","Lelaki","PETANG (3.00 PETANG - 6.30 PETANG)","AKTIVITI SANTAI","","","","","","","","","","","","","","","","","","","","","","","","",""
"2026/05/18 4:51:52 pm GMT+8","13 tahun","","","","","","","","","","","","","","","","","","","","","","","","","","","","","","","","MUHAMMAD SHAHIR HAIKAL BIN ROSLAN","C-11-17","Lelaki","PETANG (3.00 PETANG - 6.30 PETANG)","AKTIVITI SANTAI","","","","","","","","","","","","","","","","","","","","","","","","",""
"2026/05/18 4:52:46 pm GMT+8","13 tahun","","","","","","","","","","","","","","","","","","","","","","","","","","","","","","","","Muhammad shahaziq aiman","A-11-06","Lelaki","PETANG (3.00 PETANG - 6.30 PETANG)","AKTIVITI SANTAI","","","","","","","","","","","","","","","","","","","","","","","","",""
"2026/05/18 4:53:17 pm GMT+8","12 tahun","","","","","","","","","","","","","","","","","","","","","","","","","","","MOHAMED ADAM DANIAL BIN MOHD NASIR","B-15-18","Lelaki","PETANG (3.00 PETANG - 6.30 PETANG)","AKTIVITI SANTAI","","","","","","","","","","","","","","","","","","","","","","","","","","","","","",""
"2026/05/18 8:31:44 pm GMT+8","17 tahun","","","","","","","","","","","","","","","","","","","","","","","","","","","","","","","","","","","","","","","","","","","","","","","","","","","","MOHAMAD AZRUL AZRAI BIN HISHAM","B-13-12","Lelaki","MALAM (8.00 MALAM - 10.00 MALAM)","KELAS TUISYEN","","","","",""
"2026/05/19 3:37:45 pm GMT+8","12 tahun","","","","","","","","","","","","","","","","","","","","","","","","","","","NUR SALSABILLA RAMADHANI BINTI ABD RAHIM","A-04-10","Perempuan","PETANG (3.00 PETANG - 6.30 PETANG)","AKTIVITI SANTAI","","","","","","","","","","","","","","","","","","","","","","","","","","","","","",""
"2026/05/19 3:47:13 pm GMT+8","11 tahun","","","","","","","","","","","","","","","","","","","","","","QASEH NUR ZAHRA BIN KAMA","A-07-05","Perempuan","PETANG (3.00 PETANG - 6.30 PETANG)","AKTIVITI SANTAI","","","","","","","","","","","","","","","","","","","","","","","","","","","","","","","","","","",""
"2026/05/19 3:48:24 pm GMT+8","11 tahun","","","","","","","","","","","","","","","","","","","","","","NUR ANEESA ILYANA BINTI MAZLI","A-06-08","Perempuan","PETANG (3.00 PETANG - 6.30 PETANG)","AKTIVITI SANTAI","","","","","","","","","","","","","","","","","","","","","","","","","","","","","","","","","","",""
"2026/05/19 3:48:48 pm GMT+8","9 tahun","","","","","","","","","","","","NUR AAIRA ILYANA BINTI MAZLI","A-06-08","Perempuan","PETANG (3.00 PETANG - 6.30 PETANG)","AKTIVITI SANTAI","","","","","","","","","","","","","","","","","","","","","","","","","","","","","","","","","","","","","","","","","","","","",""
"2026/05/19 3:49:12 pm GMT+8","12 tahun","","","","","","","","","","","","","","","","","","","","","","","","","","","NUR MIZA ILYANA BINTI MAZLI","A-06-08","Perempuan","PETANG (3.00 PETANG - 6.30 PETANG)","AKTIVITI SANTAI","","","","","","","","","","","","","","","","","","","","","","","","","","","","","",""
"2026/05/19 3:56:13 pm GMT+8","15 tahun","","","","","","","","","","","","","","","","","","","","","","","","","","","","","","","","","","","","","","","","","","ARIF DANIEL BIN FAIZUL AZLI","B-13-06","Lelaki","PETANG (3.00 PETANG - 6.30 PETANG)","AKTIVITI SANTAI","","","","","","","","","","","","","","",""
"2026/05/19 4:18:31 pm GMT+8","7 tahun ke bawah","NUR ZARA AULIA BINTI MUHAMADUN","5 tahun","B-02-14","Perempuan","PETANG (3.00 PETANG - 6.30 PETANG)","MENONTON TELEVISYEN","","","","","","","","","","","","","","","","","","","","","","","","","","","","","","","","","","","","","","","","","","","","","","","","","","","","","","",""
"2026/05/19 4:18:55 pm GMT+8","11 tahun","","","","","","","","","","","","","","","","","","","","","","SUHAILA HANIFA BINTI MUHAMMADUN","B-02-14","Perempuan","PETANG (3.00 PETANG - 6.30 PETANG)","MENONTON TELEVISYEN","","","","","","","","","","","","","","","","","","","","","","","","","","","","","","","","","","",""
"2026/05/19 4:24:38 pm GMT+8","7 tahun ke bawah","Nur Zada fakihah","4 yahun","B-02-14","Perempuan","PETANG (3.00 PETANG - 6.30 PETANG)","MENONTON TELEVISYEN","","","","","","","","","","","","","","","","","","","","","","","","","","","","","","","","","","","","","","","","","","","","","","","","","","","","","","",""
"2026/05/19 4:24:58 pm GMT+8","15 tahun","","","","","","","","","","","","","","","","","","","","","","","","","","","","","","","","","","","","","","","","","","SITI NUR HASIRA BINTI MUHAMMADUN","B-02-14","Perempuan","PETANG (3.00 PETANG - 6.30 PETANG)","AKTIVITI SANTAI","","","","","","","","","","","","","","",""
"2026/05/19 5:01:26 pm GMT+8","10 tahun","","","","","","","","","","","","","","","","","MUHAMMAD FAIDIL HARRAZ BIN FAIZAL","C-10-05","Lelaki","PETANG (3.00 PETANG - 6.30 PETANG)","PERMAINAN DALAMAN","","","","","","","","","","","","","","","","","","","","","","","","","","","","","","","","","","","","","","","",""
"2026/05/19 5:03:17 pm GMT+8","10 tahun","","","","","","","","","","","","","","","","","Harith Zafeer ramadhan bin hafis izwan","B-11-12","Lelaki","PETANG (3.00 PETANG - 6.30 PETANG)","PERMAINAN DALAMAN","","","","","","","","","","","","","","","","","","","","","","","","","","","","","","","","","","","","","","","",""
"2026/05/19 5:03:46 pm GMT+8","10 tahun","","","","","","","","","","","","","","","","","ADAM AIMAN BIN HASSAN","C-12-08","Lelaki","PETANG (3.00 PETANG - 6.30 PETANG)","PERMAINAN DALAMAN","","","","","","","","","","","","","","","","","","","","","","","","","","","","","","","","","","","","","","","",""
"2026/05/19 5:09:38 pm GMT+8","6 tahun","MUHAMAD HAIKAL BIN ABI","6 tahun","C-12-2","Lelaki","PETANG (3.00 PETANG - 6.30 PETANG)","AKTIVITI SANTAI","","","","","","","","","","","","","","","","","","","","","","","","","","","","","","","","","","","","","","","","","","","","","","","","","","","","","","",""
"2026/05/19 5:18:55 pm GMT+8","12 tahun","","","","","","","","","","","","","","","","","","","","","","","","","","","MOHAMED ADAM DANIAL BIN MOHD NASIR","B-15-18","Lelaki","PETANG (3.00 PETANG - 6.30 PETANG)","AKTIVITI SANTAI","","","","","","","","","","","","","","","","","","","","","","","","","","","","","",""
"2026/05/19 5:21:04 pm GMT+8","12 tahun","","","","","","","","","","","","","","","","","","","","","","","","","","","MUHAMMAD RAYYAN ADAM","B-17-14","Lelaki","PETANG (3.00 PETANG - 6.30 PETANG)","AKTIVITI SANTAI","","","","","","","","","","","","","","","","","","","","","","","","","","","","","",""
"2026/05/19 8:09:17 pm GMT+8","13 tahun","","","","","","","","","","","","","","","","","","","","","","","","","","","","","","","","MUHAMMAD SAFUANAJMIN BIN JASMI","B-05-12","Lelaki","PETANG (3.00 PETANG - 6.30 PETANG)","AKTIVITI SANTAI","","","","","","","","","","","","","","","","","","","","","","","","",""
"2026/05/19 8:10:13 pm GMT+8","10 tahun","","","","","","","","","","","","","","","","","MUHAMMAD ALIF AZFAR BIN SUDIRMAN","C-14-17","Lelaki","MALAM (8.00 MALAM - 10.00 MALAM)","AKTIVITI SANTAI","","","","","","","","","","","","","","","","","","","","","","","","","","","","","","","","","","","","","","","",""
"2026/05/19 8:11:28 pm GMT+8","11 tahun","","","","","","","","","","","","","","","","","","","","","","MUHAMMAD DANIEL ADDY NOOR BIN ABDULLAH","C-14-03","Lelaki","MALAM (8.00 MALAM - 10.00 MALAM)","AKTIVITI SANTAI","","","","","","","","","","","","","","","","","","","","","","","","","","","","","","","","","","",""
"2026/05/19 8:12:25 pm GMT+8","15 tahun","","","","","","","","","","","","","","","","","","","","","","","","","","","","","","","","","","","","","","","","","","SITI NUR HASIRA BINTI MUHAMMADUN","B-02-14","Perempuan","MALAM (8.00 MALAM - 10.00 MALAM)","AKTIVITI SANTAI","","","","","","","","","","","","","","",""
"2026/05/19 8:13:32 pm GMT+8","13 tahun","","","","","","","","","","","","","","","","","","","","","","","","","","","","","","","","QASEH NUR SALINA","A-07-05","Perempuan","MALAM (8.00 MALAM - 10.00 MALAM)","AKTIVITI SANTAI","","","","","","","","","","","","","","","","","","","","","","","","",""
"2026/05/19 8:17:36 pm GMT+8","16 tahun","","","","","","","","","","","","","","","","","","","","","","","","","","","","","","","","","","","","","","","","","","","","","","","ADAM ZAKRY BIN ZUL AMALI","B-13-10","Lelaki","MALAM (8.00 MALAM - 10.00 MALAM)","AKTIVITI SANTAI","","","","","","","","","",""
"2026/05/19 8:41:47 pm GMT+8","13 tahun","","","","","","","","","","","","","","","","","","","","","","","","","","","","","","","","MUHAMMAD SHAHIR HAIKAL BIN ROSLAN","C-11-17","Lelaki","MALAM (8.00 MALAM - 10.00 MALAM)","AKTIVITI SANTAI","","","","","","","","","","","","","","","","","","","","","","","","",""
"2026/05/19 8:43:53 pm GMT+8","13 tahun","","","","","","","","","","","","","","","","","","","","","","","","","","","","","","","","Syahaziq aiman","A-11-6","Lelaki","MALAM (8.00 MALAM - 10.00 MALAM)","AKTIVITI SANTAI","","","","","","","","","","","","","","","","","","","","","","","","",""
"2026/05/19 8:52:33 pm GMT+8","12 tahun","","","","","","","","","","","","","","","","","","","","","","","","","","","MOHAMED ADAM DANIAL BIN MOHD NASIR","B-15-18","Lelaki","MALAM (8.00 MALAM - 10.00 MALAM)","AKTIVITI SANTAI","","","","","","","","","","","","","","","","","","","","","","","","","","","","","",""
"2026/05/19 8:53:05 pm GMT+8","11 tahun","","","","","","","","","","","","","","","","","","","","","","AFI NURHAN ONG BIN MOHD RIEZMAN IZZANIE","C-04-15","Lelaki","MALAM (8.00 MALAM - 10.00 MALAM)","AKTIVITI SANTAI","","","","","","","","","","","","","","","","","","","","","","","","","","","","","","","","","","",""
"2026/05/19 9:11:30 pm GMT+8","15 tahun","","","","","","","","","","","","","","","","","","","","","","","","","","","","","","","","","","","","","","","","","","MUHAMMAD HARRAZ SAUQI BIN KAMA","A-07-05","Lelaki","MALAM (8.00 MALAM - 10.00 MALAM)","AKTIVITI SANTAI","","","","","","","","","","","","","","",""
"2026/05/19 9:12:50 pm GMT+8","17 tahun","","","","","","","","","","","","","","","","","","","","","","","","","","","","","","","","","","","","","","","","","","","","","","","","","","","","MUHAMMAD ADAM DANISH BIN AZHAR","B-17-06","Lelaki","MALAM (8.00 MALAM - 10.00 MALAM)","AKITIVITI SANTAI","","","","",""
"2026/05/19 9:13:58 pm GMT+8","18 tahun ke atas","","","","","","","","","","","","","","","","","","","","","","","","","","","","","","","","","","","","","","","","","","","","","","","","","","","","","","","","","THIRAN A/L VIJAYA NATHAN","Lelaki","A-16-18","MALAM ( 8.00 MALAM - 10.00 MALAM)","AKTIVITI SANTAI"
"2026/05/19 9:19:19 pm GMT+8","17 tahun","","","","","","","","","","","","","","","","","","","","","","","","","","","","","","","","","","","","","","","","","","","","","","","","","","","","NUR QASEH QAISARA BINTI ABD RAHIM","A-04-10","Perempuan","MALAM (8.00 MALAM - 10.00 MALAM)","AKITIVITI SANTAI","","","","",""
"2026/05/19 9:23:11 pm GMT+8","15 tahun","","","","","","","","","","","","","","","","","","","","","","","","","","","","","","","","","","","","","","","","","","NOR DAMIA FATIN BINTI GHAFFAR","C-06-10","Perempuan","MALAM (8.00 MALAM - 10.00 MALAM)","AKTIVITI SANTAI","","","","","","","","","","","","","","",""
"2026/05/19 9:38:24 pm GMT+8","17 tahun","","","","","","","","","","","","","","","","","","","","","","","","","","","","","","","","","","","","","","","","","","","","","","","","","","","","LUTH MIKHAIL BIN AHMAD NOOR","C-09-20","Lelaki","MALAM (8.00 MALAM - 10.00 MALAM)","AKITIVITI SANTAI","","","","",""
"2026/05/19 9:39:50 pm GMT+8","18 tahun ke atas","","","","","","","","","","","","","","","","","","","","","","","","","","","","","","","","","","","","","","","","","","","","","","","","","","","","","","","","","MUHAMAD FITRI ASHARI BIN MUHAMAD FAIZAN","Lelaki","B-4-06","MALAM ( 8.00 MALAM - 10.00 MALAM)","AKTIVITI SANTAI"
"2026/05/19 9:40:30 pm GMT+8","13 tahun","","","","","","","","","","","","","","","","","","","","","","","","","","","","","","","","MUHAMAD RAMADAN BN MUHAMADUN","B-02-14","Lelaki","MALAM (8.00 MALAM - 10.00 MALAM)","AKTIVITI SANTAI","","","","","","","","","","","","","","","","","","","","","","","","",""
"2026/05/19 9:40:55 pm GMT+8","15 tahun","","","","","","","","","","","","","","","","","","","","","","","","","","","","","","","","","","","","","","","","","","ARIF DANIEL BIN FAIZUL AZLI","B-13-06","Lelaki","PETANG (3.00 PETANG - 6.30 PETANG)","AKTIVITI SANTAI","","","","","","","","","","","","","","",""
"2026/05/19 9:42:14 pm GMT+8","13 tahun","","","","","","","","","","","","","","","","","","","","","","","","","","","","","","","","MUHAMAD QHAIRIL BIN MOHD KHAIRUL ANUAR","B-13-19","Lelaki","MALAM (8.00 MALAM - 10.00 MALAM)","AKTIVITI SANTAI","","","","","","","","","","","","","","","","","","","","","","","","",""
"2026/05/20 3:19:36 pm GMT+8","15 tahun","","","","","","","","","","","","","","","","","","","","","","","","","","","","","","","","","","","","","","","","","","ARIF DANIEL BIN FAIZUL AZLI","B-13-06","Lelaki","PETANG (3.00 PETANG - 6.30 PETANG)","AKTIVITI SANTAI","","","","","","","","","","","","","","",""
"2026/05/20 3:43:17 pm GMT+8","13 tahun","","","","","","","","","","","","","","","","","","","","","","","","","","","","","","","","MUHAMAD QHAIRIL BIN MOHD KHAIRUL ANUAR","B-13-19","Lelaki","PETANG (3.00 PETANG - 6.30 PETANG)","AKTIVITI SANTAI","","","","","","","","","","","","","","","","","","","","","","","","",""
"2026/05/20 3:44:20 pm GMT+8","18 tahun ke atas","","","","","","","","","","","","","","","","","","","","","","","","","","","","","","","","","","","","","","","","","","","","","","","","","","","","","","","","","MAIZATULAKMA LISA AQILAH BINTI ABDULLAH","Perempuan","B-4-16","PETANG (3.00 PETANG - 6.30 PETANG","AKTIVITI SANTAI"
"2026/05/20 3:45:23 pm GMT+8","7 tahun ke bawah","MUHAMMAD AMIR HANAFIAH BIN MAD AROF","3","B-4-16","Lelaki","PETANG (3.00 PETANG - 6.30 PETANG)","AKTIVITI SANTAI","","","","","","","","","","","","","","","","","","","","","","","","","","","","","","","","","","","","","","","","","","","","","","","","","","","","","","",""
"2026/05/20 3:56:50 pm GMT+8","15 tahun","","","","","","","","","","","","","","","","","","","","","","","","","","","","","","","","","","","","","","","","","","SITI NUR HASIRA BINTI MUHAMMADUN","B-02-14","Perempuan","PETANG (3.00 PETANG - 6.30 PETANG)","AKTIVITI SANTAI","","","","","","","","","","","","","","",""
"2026/05/20 4:00:27 pm GMT+8","11 tahun","","","","","","","","","","","","","","","","","","","","","","SUHAILA HANIFA BINTI MUHAMMADUN","B-02-14","Perempuan","PETANG (3.00 PETANG - 6.30 PETANG)","AKTIVITI SANTAI","","","","","","","","","","","","","","","","","","","","","","","","","","","","","","","","","","",""
"2026/05/20 4:06:35 pm GMT+8","12 tahun","","","","","","","","","","","","","","","","","","","","","","","","","","","Dznish iman bin zamri","C-1-06","Lelaki","PETANG (3.00 PETANG - 6.30 PETANG)","AKTIVITI MODUL","","","","","","","","","","","","","","","","","","","","","","","","","","","","","",""
"2026/05/20 5:03:54 pm GMT+8","13 tahun","","","","","","","","","","","","","","","","","","","","","","","","","","","","","","","","MUHAMMAD ADAM ASHRAF BIN MUHD AFZAN","C-04-11","Lelaki","PETANG (3.00 PETANG - 6.30 PETANG)","PERMAINAN KOMPUTER","","","","","","","","","","","","","","","","","","","","","","","","",""
"2026/05/20 5:20:24 pm GMT+8","11 tahun","","","","","","","","","","","","","","","","","","","","","","NADHIRAH SYUHAIDAH BINTI SUKRI","C-07-13","Perempuan","PETANG (3.00 PETANG - 6.30 PETANG)","AKTIVITI SANTAI","","","","","","","","","","","","","","","","","","","","","","","","","","","","","","","","","","",""
"2026/05/20 5:21:40 pm GMT+8","11 tahun","","","","","","","","","","","","","","","","","","","","","","Nur adeliw ","A-8-8","Perempuan","PETANG (3.00 PETANG - 6.30 PETANG)","AKTIVITI SANTAI","","","","","","","","","","","","","","","","","","","","","","","","","","","","","","","","","","",""
"2026/05/20 5:22:11 pm GMT+8","11 tahun","","","","","","","","","","","","","","","","","","","","","","NUR ANEESA ILYANA BINTI MAZLI","A-06-08","Perempuan","PETANG (3.00 PETANG - 6.30 PETANG)","AKTIVITI SANTAI","","","","","","","","","","","","","","","","","","","","","","","","","","","","","","","","","","",""
"2026/05/20 5:22:31 pm GMT+8","11 tahun","","","","","","","","","","","","","","","","","","","","","","NUR AFIRA RAISYA BIN MUHAMAD FAIZAL","B-10-18","Perempuan","PETANG (3.00 PETANG - 6.30 PETANG)","AKTIVITI SANTAI","","","","","","","","","","","","","","","","","","","","","","","","","","","","","","","","","","",""
"2026/05/20 5:24:14 pm GMT+8","11 tahun","","","","","","","","","","","","","","","","","","","","","","Nur aqasHa","A-03-16","Perempuan","PETANG (3.00 PETANG - 6.30 PETANG)","AKTIVITI SANTAI","","","","","","","","","","","","","","","","","","","","","","","","","","","","","","","","","","",""
"2026/05/20 5:34:05 pm GMT+8","12 tahun","","","","","","","","","","","","","","","","","","","","","","","","","","","MUHAMMAD RAYYAN ADAM","B-17-14","Lelaki","PETANG (3.00 PETANG - 6.30 PETANG)","AKTIVITI SANTAI","","","","","","","","","","","","","","","","","","","","","","","","","","","","","",""
"2026/05/20 8:00:04 pm GMT+8","15 tahun","","","","","","","","","","","","","","","","","","","","","","","","","","","","","","","","","","","","","","","","","","SITI NUR HASIRA BINTI MUHAMMADUN","B-02-14","Perempuan","MALAM (8.00 MALAM - 10.00 MALAM)","AKTIVITI SANTAI","","","","","","","","","","","","","","",""
"2026/05/20 8:01:41 pm GMT+8","12 tahun","","","","","","","","","","","","","","","","","","","","","","","","","","","ISMAHANI AFIA BINTI MUHAMAD YAMANI","B-04-15","Perempuan","MALAM (8.00 MALAM - 10.00 MALAM)","KELAS TUISYEN","","","","","","","","","","","","","","","","","","","","","","","","","","","","","",""
"2026/05/20 8:08:26 pm GMT+8","12 tahun","","","","","","","","","","","","","","","","","","","","","","","","","","","NUR SOFEA SOLEHAH","C-12-14","Perempuan","MALAM (8.00 MALAM - 10.00 MALAM)","KELAS TUISYEN","","","","","","","","","","","","","","","","","","","","","","","","","","","","","",""
"2026/05/20 8:09:11 pm GMT+8","12 tahun","","","","","","","","","","","","","","","","","","","","","","","","","","","SARAH KHAIRINA DHAMIRAH BT ARMAN","B-08-10","Perempuan","MALAM (8.00 MALAM - 10.00 MALAM)","KELAS TUISYEN","","","","","","","","","","","","","","","","","","","","","","","","","","","","","",""
"2026/05/20 8:12:00 pm GMT+8","12 tahun","","","","","","","","","","","","","","","","","","","","","","","","","","","MUHAMMAD AZRUL AZIEB BIN HISHAM","B-13-12","Lelaki","MALAM (8.00 MALAM - 10.00 MALAM)","KELAS TUISYEN","","","","","","","","","","","","","","","","","","","","","","","","","","","","","",""
"2026/05/20 8:12:18 pm GMT+8","12 tahun","","","","","","","","","","","","","","","","","","","","","","","","","","","MUHAMMAD TAUFIQ AL AMIN BIN MOHD RIZAN","B-08-08","Lelaki","MALAM (8.00 MALAM - 10.00 MALAM)","KELAS TUISYEN","","","","","","","","","","","","","","","","","","","","","","","","","","","","","",""
"2026/05/20 8:13:30 pm GMT+8","12 tahun","","","","","","","","","","","","","","","","","","","","","","","","","","","MUHD FARISH HAIQAL BIN MOHD FAIRUZ","C-8-14","Lelaki","MALAM (8.00 MALAM - 10.00 MALAM)","PERMAINAN KOMPUTER","","","","","","","","","","","","","","","","","","","","","","","","","","","","","",""
"2026/05/20 8:16:59 pm GMT+8","12 tahun","","","","","","","","","","","","","","","","","","","","","","","","","","","NURUL HAWA AMANI BINTI SULAIMAN","C-13-03","Perempuan","MALAM (8.00 MALAM - 10.00 MALAM)","KELAS TUISYEN","","","","","","","","","","","","","","","","","","","","","","","","","","","","","",""
"2026/05/20 8:17:42 pm GMT+8","12 tahun","","","","","","","","","","","","","","","","","","","","","","","","","","","NUR FATHIA ALEEYA BINTI MUHD FAZIHAN","B-14-10","Perempuan","MALAM (8.00 MALAM - 10.00 MALAM)","KELAS TUISYEN","","","","","","","","","","","","","","","","","","","","","","","","","","","","","",""
"2026/05/20 8:18:07 pm GMT+8","12 tahun","","","","","","","","","","","","","","","","","","","","","","","","","","","NUR MIZA ILYANA BINTI MAZLI","A-06-08","Perempuan","MALAM (8.00 MALAM - 10.00 MALAM)","KELAS TUISYEN","","","","","","","","","","","","","","","","","","","","","","","","","","","","","",""
"2026/05/20 8:21:42 pm GMT+8","13 tahun","","","","","","","","","","","","","","","","","","","","","","","","","","","","","","","","MUHAMAD RAMADAN BN MUHAMADUN","B-02-14","Lelaki","MALAM (8.00 MALAM - 10.00 MALAM)","AKTIVITI SANTAI","","","","","","","","","","","","","","","","","","","","","","","","",""
"2026/05/20 8:22:59 pm GMT+8","12 tahun","","","","","","","","","","","","","","","","","","","","","","","","","","","NUR SALSABILLA RAMADHANI BINTI ABD RAHIM","A-04-10","Perempuan","MALAM (8.00 MALAM - 10.00 MALAM)","KELAS TUISYEN","","","","","","","","","","","","","","","","","","","","","","","","","","","","","",""
"2026/05/20 8:55:21 pm GMT+8","15 tahun","","","","","","","","","","","","","","","","","","","","","","","","","","","","","","","","","","","","","","","","","","MUHAMAD ARFAN AQIM BIN ARMAN","B-08-10","Lelaki","MALAM (8.00 MALAM - 10.00 MALAM)","AKTIVITI SANTAI","","","","","","","","","","","","","","",""
"2026/05/20 8:56:09 pm GMT+8","18 tahun ke atas","","","","","","","","","","","","","","","","","","","","","","","","","","","","","","","","","","","","","","","","","","","","","","","","","","","","","","","","","MUHAMAD FITRI ASHARI BIN MUHAMAD FAIZAN","Lelaki","B-4-06","MALAM ( 8.00 MALAM - 10.00 MALAM)","AKTIVITI SANTAI"
"2026/05/20 8:57:16 pm GMT+8","18 tahun ke atas","","","","","","","","","","","","","","","","","","","","","","","","","","","","","","","","","","","","","","","","","","","","","","","","","","","","","","","","","ALIFF","Lelaki","B-5-5","MALAM ( 8.00 MALAM - 10.00 MALAM)","HOMEWORK CLUB"
"2026/05/20 8:58:19 pm GMT+8","18 tahun ke atas","","","","","","","","","","","","","","","","","","","","","","","","","","","","","","","","","","","","","","","","","","","","","","","","","","","","","","","","","THIRAN A/L VIJAYA NATHAN","Lelaki","A-16-18","MALAM ( 8.00 MALAM - 10.00 MALAM)","AKTIVITI SANTAI"
"2026/05/21 3:25:45 pm GMT+8","15 tahun","","","","","","","","","","","","","","","","","","","","","","","","","","","","","","","","","","","","","","","","","","ARIF DANIEL BIN FAIZUL AZLI","B-13-06","Lelaki","PETANG (3.00 PETANG - 6.30 PETANG)","MENONTON TELEVISYEN","","","","","","","","","","","","","","",""
"2026/05/21 3:26:29 pm GMT+8","8 tahun","","","","","","","ALISHA ZAHRA BINTI MOHD AFZAINIZAM","C-06-10","Lelaki","PETANG (3.00 PETANG - 6.30 PETANG)","AKTIVITI SANTAI","","","","","","","","","","","","","","","","","","","","","","","","","","","","","","","","","","","","","","","","","","","","","","","","","",""
"2026/05/21 3:29:01 pm GMT+8","10 tahun","","","","","","","","","","","","","","","","","ZAHIRA ARDHANI","B-5-17","Perempuan","PETANG (3.00 PETANG - 6.30 PETANG)","AKTIVITI SANTAI","","","","","","","","","","","","","","","","","","","","","","","","","","","","","","","","","","","","","","","",""
"2026/05/21 3:54:43 pm GMT+8","15 tahun","","","","","","","","","","","","","","","","","","","","","","","","","","","","","","","","","","","","","","","","","","SITI NUR HASIRA BINTI MUHAMMADUN","B-02-14","Perempuan","PETANG (3.00 PETANG - 6.30 PETANG)","AKTIVITI SANTAI","","","","","","","","","","","","","","",""
"2026/05/21 3:55:46 pm GMT+8","11 tahun","","","","","","","","","","","","","","","","","","","","","","QASEH NUR ZAHRA BIN KAMA","A-07-05","Perempuan","PETANG (3.00 PETANG - 6.30 PETANG)","AKTIVITI SANTAI","","","","","","","","","","","","","","","","","","","","","","","","","","","","","","","","","","",""
"2026/05/21 3:56:22 pm GMT+8","11 tahun","","","","","","","","","","","","","","","","","","","","","","NUR ANEESA ILYANA BINTI MAZLI","A-06-08","Perempuan","PETANG (3.00 PETANG - 6.30 PETANG)","AKTIVITI SANTAI","","","","","","","","","","","","","","","","","","","","","","","","","","","","","","","","","","",""
"2026/05/21 3:57:29 pm GMT+8","12 tahun","","","","","","","","","","","","","","","","","","","","","","","","","","","NUR KHAIRUNNIL AZZALEA BINTI AZLAN SHAH","B-15-08","Perempuan","PETANG (3.00 PETANG - 6.30 PETANG)","AKTIVITI SANTAI","","","","","","","","","","","","","","","","","","","","","","","","","","","","","",""
"2026/05/21 4:10:07 pm GMT+8","11 tahun","","","","","","","","","","","","","","","","","","","","","","SUHAILA HANIFA BINTI MUHAMMADUN","B-02-14","Perempuan","PETANG (3.00 PETANG - 6.30 PETANG)","AKTIVITI SANTAI","","","","","","","","","","","","","","","","","","","","","","","","","","","","","","","","","","",""
"2026/05/21 4:30:38 pm GMT+8","11 tahun","","","","","","","","","","","","","","","","","","","","","","SUHAILA HANIFA BINTI MUHAMMADUN","B-02-14","Perempuan","PETANG (3.00 PETANG - 6.30 PETANG)","AKTIVITI SANTAI","","","","","","","","","","","","","","","","","","","","","","","","","","","","","","","","","","",""
"2026/05/21 4:33:23 pm GMT+8","11 tahun","","","","","","","","","","","","","","","","","","","","","","Muhammad khasyi qzise","B-15-08","Lelaki","PETANG (3.00 PETANG - 6.30 PETANG)","AKTIVITI SANTAI","","","","","","","","","","","","","","","","","","","","","","","","","","","","","","","","","","",""
"2026/05/21 4:34:03 pm GMT+8","10 tahun","","","","","","","","","","","","","","","","","ZUL HAKIF BIN MOHD EZUAN","C-16-09","Lelaki","PETANG (3.00 PETANG - 6.30 PETANG)","AKTIVITI SANTAI","","","","","","","","","","","","","","","","","","","","","","","","","","","","","","","","","","","","","","","",""
"2026/05/21 4:45:30 pm GMT+8","8 tahun","","","","","","","MUHAMAD AYAS BN MUHAMADUN","B-02-14","Lelaki","PETANG (3.00 PETANG - 6.30 PETANG)","PERMAINAN KOMPUTER","","","","","","","","","","","","","","","","","","","","","","","","","","","","","","","","","","","","","","","","","","","","","","","","","",""
"2026/05/21 5:01:12 pm GMT+8","12 tahun","","","","","","","","","","","","","","","","","","","","","","","","","","","MOHAMED ADAM DANIAL BIN MOHD NASIR","B-15-18","Lelaki","PETANG (3.00 PETANG - 6.30 PETANG)","AKTIVITI SANTAI","","","","","","","","","","","","","","","","","","","","","","","","","","","","","",""
"2026/05/21 5:01:49 pm GMT+8","11 tahun","","","","","","","","","","","","","","","","","","","","","","AFI NURHAN ONG BIN MOHD RIEZMAN IZZANIE","C-04-15","Lelaki","PETANG (3.00 PETANG - 6.30 PETANG)","AKTIVITI SANTAI","","","","","","","","","","","","","","","","","","","","","","","","","","","","","","","","","","",""
"2026/05/21 5:10:48 pm GMT+8","12 tahun","","","","","","","","","","","","","","","","","","","","","","","","","","","MUHAMMAD RAYYAN ADAM","B-17-14","Lelaki","PETANG (3.00 PETANG - 6.30 PETANG)","AKTIVITI SANTAI","","","","","","","","","","","","","","","","","","","","","","","","","","","","","",""
"2026/05/21 5:53:48 pm GMT+8","13 tahun","","","","","","","","","","","","","","","","","","","","","","","","","","","","","","","","Muhammad shahaziq aiman","A-11-06","Lelaki","PETANG (3.00 PETANG - 6.30 PETANG)","AKTIVITI SANTAI","","","","","","","","","","","","","","","","","","","","","","","","",""
"2026/05/21 6:06:18 pm GMT+8","11 tahun","","","","","","","","","","","","","","","","","","","","","","NADHIRAH SYUHAIDAH BINTI SUKRI","B-03-08","Lelaki","PETANG (3.00 PETANG - 6.30 PETANG)","PERMAINAN DALAMAN","","","","","","","","","","","","","","","","","","","","","","","","","","","","","","","","","","",""
"2026/05/21 8:03:58 pm GMT+8","15 tahun","","","","","","","","","","","","","","","","","","","","","","","","","","","","","","","","","","","","","","","","","","SITI NUR HASIRA BINTI MUHAMMADUN","B-02-14","Perempuan","MALAM (8.00 MALAM - 10.00 MALAM)","AKTIVITI SANTAI","","","","","","","","","","","","","","",""
"2026/05/21 8:26:39 pm GMT+8","13 tahun","","","","","","","","","","","","","","","","","","","","","","","","","","","","","","","","MUHAMAD RAMADAN BN MUHAMADUN","B-02-14","Lelaki","MALAM (8.00 MALAM - 10.00 MALAM)","AKTIVITI SANTAI","","","","","","","","","","","","","","","","","","","","","","","","",""
"2026/05/21 8:27:18 pm GMT+8","13 tahun","","","","","","","","","","","","","","","","","","","","","","","","","","","","","","","","Muhammad shahaziq aiman","A-11-06","Lelaki","MALAM (8.00 MALAM - 10.00 MALAM)","AKTIVITI SANTAI","","","","","","","","","","","","","","","","","","","","","","","","",""
"2026/05/21 8:27:45 pm GMT+8","11 tahun","","","","","","","","","","","","","","","","","","","","","","AFI NURHAN ONG BIN MOHD RIEZMAN IZZANIE","C-04-15","Lelaki","MALAM (8.00 MALAM - 10.00 MALAM)","AKTIVITI SANTAI","","","","","","","","","","","","","","","","","","","","","","","","","","","","","","","","","","",""
"2026/05/21 8:33:51 pm GMT+8","12 tahun","","","","","","","","","","","","","","","","","","","","","","","","","","","MOHAMED ADAM DANIAL BIN MOHD NASIR","B-15-18","Lelaki","MALAM (8.00 MALAM - 10.00 MALAM)","AKTIVITI SANTAI","","","","","","","","","","","","","","","","","","","","","","","","","","","","","",""
"2026/05/21 9:07:57 pm GMT+8","17 tahun","","","","","","","","","","","","","","","","","","","","","","","","","","","","","","","","","","","","","","","","","","","","","","","","","","","","NUR QASEH QAISARA BINTI ABD RAHIM","A-04-10","Perempuan","MALAM (8.00 MALAM - 10.00 MALAM)","AKITIVITI SANTAI","","","","",""
"2026/05/25 5:47:10 pm GMT+8","15 tahun","","","","","","","","","","","","","","","","","","","","","","","","","","","","","","","","","","","","","","","","","","ARIF DANIEL BIN FAIZUL AZLI","B-13-06","Lelaki","PETANG (3.00 PETANG - 6.30 PETANG)","AKTIVITI SANTAI","","","","","","","","","","","","","","",""
"2026/05/25 6:08:48 pm GMT+8","11 tahun","","","","","","","","","","","","","","","","","","","","","","SUHAILA HANIFA BINTI MUHAMMADUN","B-02-14","Perempuan","PETANG (3.00 PETANG - 6.30 PETANG)","AKTIVITI SANTAI","","","","","","","","","","","","","","","","","","","","","","","","","","","","","","","","","","",""
"2026/05/25 6:09:16 pm GMT+8","7 tahun ke bawah","NUR ZARA AULIA BINTI MUHAMADUN","5","B-02-14","Perempuan","PETANG (3.00 PETANG - 6.30 PETANG)","AKTIVITI SANTAI","","","","","","","","","","","","","","","","","","","","","","","","","","","","","","","","","","","","","","","","","","","","","","","","","","","","","","",""
"2026/05/25 6:09:41 pm GMT+8","8 tahun","","","","","","","MUHAMAD AYAS BN MUHAMADUN","B-02-14","Lelaki","PETANG (3.00 PETANG - 6.30 PETANG)","PERMAINAN KOMPUTER","","","","","","","","","","","","","","","","","","","","","","","","","","","","","","","","","","","","","","","","","","","","","","","","","",""
"2026/05/25 8:28:53 pm GMT+8","8 tahun","","","","","","","FIRASH IMAN BIN ZAMRI","C-1-06","Lelaki","MALAM (8.00 MALAM - 10.00 MALAM)","AKTIVITI MODUL","","","","","","","","","","","","","","","","","","","","","","","","","","","","","","","","","","","","","","","","","","","","","","","","","",""
"2026/05/25 8:29:20 pm GMT+8","12 tahun","","","","","","","","","","","","","","","","","","","","","","","","","","","Danish uman bin zamri","C-1-06","Lelaki","MALAM (8.00 MALAM - 10.00 MALAM)","AKTIVITI MODUL","","","","","","","","","","","","","","","","","","","","","","","","","","","","","",""
"2026/05/25 8:30:31 pm GMT+8","10 tahun","","","","","","","","","","","","","","","","","MUHAMMAD RAMADHAN FITRI","C-10-19","Lelaki","MALAM (8.00 MALAM - 10.00 MALAM)","AKTIVITI SANTAI","","","","","","","","","","","","","","","","","","","","","","","","","","","","","","","","","","","","","","","",""
"2026/05/28 3:19:35 pm GMT+8","11 tahun","","","","","","","","","","","","","","","","","","","","","","Muhàmmad khasyi qaiser","B-15-08","Lelaki","PETANG (3.00 PETANG - 6.30 PETANG)","AKTIVITI SANTAI","","","","","","","","","","","","","","","","","","","","","","","","","","","","","","","","","","",""
"2026/05/28 3:20:09 pm GMT+8","13 tahun","","","","","","","","","","","","","","","","","","","","","","","","","","","","","","","","MUHAMAD RAMADAN BN MUHAMADUN","B-02-14","Lelaki","PETANG (3.00 PETANG - 6.30 PETANG)","AKTIVITI SANTAI","","","","","","","","","","","","","","","","","","","","","","","","",""
"2026/05/28 3:20:36 pm GMT+8","13 tahun","","","","","","","","","","","","","","","","","","","","","","","","","","","","","","","","MUHAMMAD SAFUANAJMIN BIN JASMI","B-05-12","Lelaki","PETANG (3.00 PETANG - 6.30 PETANG)","AKTIVITI SANTAI","","","","","","","","","","","","","","","","","","","","","","","","",""
"2026/05/28 3:21:24 pm GMT+8","15 tahun","","","","","","","","","","","","","","","","","","","","","","","","","","","","","","","","","","","","","","","","","","ARIF DANIEL BIN FAIZUL AZLI","B-13-06","Lelaki","PETANG (3.00 PETANG - 6.30 PETANG)","AKTIVITI SANTAI","","","","","","","","","","","","","","",""
"2026/05/28 4:26:33 pm GMT+8","13 tahun","","","","","","","","","","","","","","","","","","","","","","","","","","","","","","","","MUHAMMAD ADAM ASHRAF BIN MUHD AFZAN","C-04-11","Lelaki","PETANG (3.00 PETANG - 6.30 PETANG)","PERMAINAN KOMPUTER","","","","","","","","","","","","","","","","","","","","","","","","",""
"2026/05/28 5:33:40 pm GMT+8","11 tahun","","","","","","","","","","","","","","","","","","","","","","SUHAILA HANIFA BINTI MUHAMMADUN","B-02-14","Perempuan","PETANG (3.00 PETANG - 6.30 PETANG)","AKTIVITI SANTAI","","","","","","","","","","","","","","","","","","","","","","","","","","","","","","","","","","",""
"2026/05/28 5:34:30 pm GMT+8","7 tahun ke bawah","Nur zada fakihah","3 Tahun","B-02-14","Perempuan","PETANG (3.00 PETANG - 6.30 PETANG)","AKTIVITI SANTAI","","","","","","","","","","","","","","","","","","","","","","","","","","","","","","","","","","","","","","","","","","","","","","","","","","","","","","",""
"2026/05/28 5:45:36 pm GMT+8","7 tahun ke bawah","NUR ZARA AULIA BINTI MUHAMADUN","5 Tahun","B-02-14","Perempuan","PETANG (3.00 PETANG - 6.30 PETANG)","AKTIVITI SANTAI","","","","","","","","","","","","","","","","","","","","","","","","","","","","","","","","","","","","","","","","","","","","","","","","","","","","","","",""
"2026/05/28 5:49:28 pm GMT+8","8 tahun","","","","","","","MUHAMAD AYAS BN MUHAMADUN","B-02-14","Perempuan","PETANG (3.00 PETANG - 6.30 PETANG)","AKTIVITI SANTAI","","","","","","","","","","","","","","","","","","","","","","","","","","","","","","","","","","","","","","","","","","","","","","","","","",""
"2026/05/28 6:38:24 pm GMT+8","15 tahun","","","","","","","","","","","","","","","","","","","","","","","","","","","","","","","","","","","","","","","","","","SITI NUR HASIRA BINTI MUHAMMADUN","B-02-14","Perempuan","PETANG (3.00 PETANG - 6.30 PETANG)","AKTIVITI SANTAI","","","","","","","","","","","","","","",""
"2026/05/28 6:38:45 pm GMT+8","15 tahun","","","","","","","","","","","","","","","","","","","","","","","","","","","","","","","","","","","","","","","","","","SITI NUR HASIRA BINTI MUHAMMADUN","B-02-14","Perempuan","MALAM (8.00 MALAM - 10.00 MALAM)","AKTIVITI SANTAI","","","","","","","","","","","","","","",""
"2026/05/28 8:47:52 pm GMT+8","13 tahun","","","","","","","","","","","","","","","","","","","","","","","","","","","","","","","","MUHAMMAD SAFUANAJMIN BIN JASMI","B-05-12","Lelaki","MALAM (8.00 MALAM - 10.00 MALAM)","AKTIVITI SANTAI","","","","","","","","","","","","","","","","","","","","","","","","",""
"2026/05/28 9:06:30 pm GMT+8","15 tahun","","","","","","","","","","","","","","","","","","","","","","","","","","","","","","","","","","","","","","","","","","ARIF DANIEL BIN FAIZUL AZLI","B-13-06","Lelaki","MALAM (8.00 MALAM - 10.00 MALAM)","AKTIVITI SANTAI","","","","","","","","","","","","","","",""
"2026/05/28 9:06:52 pm GMT+8","13 tahun","","","","","","","","","","","","","","","","","","","","","","","","","","","","","","","","MUHAMAD RAMADAN BN MUHAMADUN","B-02-14","Lelaki","MALAM (8.00 MALAM - 10.00 MALAM)","AKTIVITI SANTAI","","","","","","","","","","","","","","","","","","","","","","","","",""
"2026/05/28 9:11:08 pm GMT+8","11 tahun","","","","","","","","","","","","","","","","","","","","","","SUHAILA HANIFA BINTI MUHAMMADUN","B-02-14","Perempuan","MALAM (8.00 MALAM - 10.00 MALAM)","AKTIVITI SANTAI","","","","","","","","","","","","","","","","","","","","","","","","","","","","","","","","","","",""
"2026/05/29 3:22:57 pm GMT+8","13 tahun","","","","","","","","","","","","","","","","","","","","","","","","","","","","","","","","MOHAMMAD ZHARR RAYYAN BIN HALIM","C-14-07","Lelaki","PETANG (3.00 PETANG - 6.30 PETANG)","AKTIVITI SANTAI","","","","","","","","","","","","","","","","","","","","","","","","",""
"2026/05/29 3:23:22 pm GMT+8","11 tahun","","","","","","","","","","","","","","","","","","","","","","AFI NURHAN ONG BIN MOHD RIEZMAN IZZANIE","C-04-15","Lelaki","PETANG (3.00 PETANG - 6.30 PETANG)","AKTIVITI SANTAI","","","","","","","","","","","","","","","","","","","","","","","","","","","","","","","","","","",""
"2026/05/29 3:25:23 pm GMT+8","11 tahun","","","","","","","","","","","","","","","","","","","","","","AFI NAZHAN ONG BIN MOHD RIEZMAN IZZANIE","C-04-15","Lelaki","PETANG (3.00 PETANG - 6.30 PETANG)","AKTIVITI SANTAI","","","","","","","","","","","","","","","","","","","","","","","","","","","","","","","","","","",""
"2026/05/29 3:26:17 pm GMT+8","12 tahun","","","","","","","","","","","","","","","","","","","","","","","","","","","Rasyidi","C-4-9","Lelaki","PETANG (3.00 PETANG - 6.30 PETANG)","AKTIVITI SANTAI","","","","","","","","","","","","","","","","","","","","","","","","","","","","","",""
"2026/05/29 3:28:40 pm GMT+8","11 tahun","","","","","","","","","","","","","","","","","","","","","","AFI NAZHAN ONG BIN MOHD RIEZMAN IZZANIE","C-04-15","Lelaki","PETANG (3.00 PETANG - 6.30 PETANG)","PERMAINAN KOMPUTER","","","","","","","","","","","","","","","","","","","","","","","","","","","","","","","","","","",""
"2026/05/29 3:30:24 pm GMT+8","11 tahun","","","","","","","","","","","","","","","","","","","","","","AFI NAZHAN ONG BIN MOHD RIEZMAN IZZANIE","C-04-15","Lelaki","PETANG (3.00 PETANG - 6.30 PETANG)","PERMAINAN DALAMAN","","","","","","","","","","","","","","","","","","","","","","","","","","","","","","","","","","",""
"2026/05/29 3:31:51 pm GMT+8","12 tahun","","","","","","","","","","","","","","","","","","","","","","","","","","","RASYIDI","C-04-09","Lelaki","PETANG (3.00 PETANG - 6.30 PETANG)","PERMAINAN DALAMAN","","","","","","","","","","","","","","","","","","","","","","","","","","","","","",""
"2026/05/29 4:58:09 pm GMT+8","15 tahun","","","","","","","","","","","","","","","","","","","","","","","","","","","","","","","","","","","","","","","","","","MUHAMMAD HARRAZ SAUQI BIN KAMA","A-07-05","Lelaki","PETANG (3.00 PETANG - 6.30 PETANG)","AKTIVITI SANTAI","","","","","","","","","","","","","","",""
"2026/05/29 8:47:02 pm GMT+8","7 tahun ke bawah","NUR ZARA AULIA BINTI MUHAMADUN","5 tahun","B-02-14","Perempuan","MALAM (8.00 MALAM - 10.00 MALAM)","AKTIVITI SANTAI","","","","","","","","","","","","","","","","","","","","","","","","","","","","","","","","","","","","","","","","","","","","","","","","","","","","","","",""
"2026/05/29 8:47:21 pm GMT+8","11 tahun","","","","","","","","","","","","","","","","","","","","","","QASEH NUR ZAHRA BIN KAMA","A-07-05","Perempuan","MALAM (8.00 MALAM - 10.00 MALAM)","AKTIVITI SANTAI","","","","","","","","","","","","","","","","","","","","","","","","","","","","","","","","","","",""
"2026/05/29 8:47:45 pm GMT+8","11 tahun","","","","","","","","","","","","","","","","","","","","","","SUHAILA HANIFA BINTI MUHAMMADUN","B-02-14","Perempuan","MALAM (8.00 MALAM - 10.00 MALAM)","AKTIVITI SANTAI","","","","","","","","","","","","","","","","","","","","","","","","","","","","","","","","","","",""
"2026/05/29 8:48:19 pm GMT+8","15 tahun","","","","","","","","","","","","","","","","","","","","","","","","","","","","","","","","","","","","","","","","","","SITI NUR HASIRA BINTI MUHAMMADUN","B-02-14","Perempuan","MALAM (8.00 MALAM - 10.00 MALAM)","AKTIVITI SANTAI","","","","","","","","","","","","","","",""
"2026/05/29 8:48:37 pm GMT+8","8 tahun","","","","","","","MUHAMAD AYAS BN MUHAMADUN","B-02-14","Perempuan","MALAM (8.00 MALAM - 10.00 MALAM)","AKTIVITI SANTAI","","","","","","","","","","","","","","","","","","","","","","","","","","","","","","","","","","","","","","","","","","","","","","","","","",""
"2026/05/29 8:49:08 pm GMT+8","8 tahun","","","","","","","MUHAMAD AYAS BN MUHAMADUN","B-02-14","Lelaki","MALAM (8.00 MALAM - 10.00 MALAM)","AKTIVITI SANTAI","","","","","","","","","","","","","","","","","","","","","","","","","","","","","","","","","","","","","","","","","","","","","","","","","",""
"2026/05/29 8:53:31 pm GMT+8","13 tahun","","","","","","","","","","","","","","","","","","","","","","","","","","","","","","","","SITI NUR SUMAYYAH BINTI FAIZAN","B-04-06","Perempuan","MALAM (8.00 MALAM - 10.00 MALAM)","AKTIVITI SANTAI","","","","","","","","","","","","","","","","","","","","","","","","",""
"2026/05/29 9:32:23 pm GMT+8","13 tahun","","","","","","","","","","","","","","","","","","","","","","","","","","","","","","","","MUHAMMAD SHAHIR HAIKAL BIN ROSLAN","C-11-17","Lelaki","MALAM (8.00 MALAM - 10.00 MALAM)","AKTIVITI SANTAI","","","","","","","","","","","","","","","","","","","","","","","","",""
"2026/06/02 3:18:27 pm GMT+8","12 tahun","","","","","","","","","","","","","","","","","","","","","","","","","","","MOHAMED ADAM DANIAL BIN MOHD NASIR","B-15-18","Lelaki","PETANG (3.00 PETANG - 6.30 PETANG)","AKTIVITI SANTAI","","","","","","","","","","","","","","","","","","","","","","","","","","","","","",""
"2026/06/02 3:19:05 pm GMT+8","13 tahun","","","","","","","","","","","","","","","","","","","","","","","","","","","","","","","","MUHAMAD QHAIRIL BIN MOHD KHAIRUL ANUAR","B-13-19","Lelaki","PETANG (3.00 PETANG - 6.30 PETANG)","AKTIVITI SANTAI","","","","","","","","","","","","","","","","","","","","","","","","",""
"2026/06/02 5:07:18 pm GMT+8","10 tahun","","","","","","","","","","","","","","","","","Muhammad harraz bin hazlimfahimi","C-16-06","Lelaki","PETANG (3.00 PETANG - 6.30 PETANG)","AKTIVITI SANTAI","","","","","","","","","","","","","","","","","","","","","","","","","","","","","","","","","","","","","","","",""
"2026/06/02 5:11:46 pm GMT+8","13 tahun","","","","","","","","","","","","","","","","","","","","","","","","","","","","","","","","MUHAMAD RAMADAN BN MUHAMADUN","B-02-14","Lelaki","PETANG (3.00 PETANG - 6.30 PETANG)","AKTIVITI SANTAI","","","","","","","","","","","","","","","","","","","","","","","","",""
"2026/06/02 5:12:11 pm GMT+8","11 tahun","","","","","","","","","","","","","","","","","","","","","","AFI NURHAN ONG BIN MOHD RIEZMAN IZZANIE","C-04-15","Lelaki","PETANG (3.00 PETANG - 6.30 PETANG)","AKTIVITI SANTAI","","","","","","","","","","","","","","","","","","","","","","","","","","","","","","","","","","",""
"2026/06/02 5:14:26 pm GMT+8","8 tahun","","","","","","","FIRASH IMAN BIN ZAMRI","C-1-6","Lelaki","PETANG (3.00 PETANG - 6.30 PETANG)","AKTIVITI SANTAI","","","","","","","","","","","","","","","","","","","","","","","","","","","","","","","","","","","","","","","","","","","","","","","","","",""
"2026/06/02 5:33:32 pm GMT+8","15 tahun","","","","","","","","","","","","","","","","","","","","","","","","","","","","","","","","","","","","","","","","","","SITI NUR HASIRA BINTI MUHAMMADUN","B-02-14","Perempuan","PETANG (3.00 PETANG - 6.30 PETANG)","AKTIVITI SANTAI","","","","","","","","","","","","","","",""
"2026/06/02 5:44:19 pm GMT+8","10 tahun","","","","","","","","","","","","","","","","","MUHAMMAD RAMADHAN FITRI","C-10-19","Lelaki","PETANG (3.00 PETANG - 6.30 PETANG)","AKTIVITI SANTAI","","","","","","","","","","","","","","","","","","","","","","","","","","","","","","","","","","","","","","","",""
"2026/06/02 5:46:25 pm GMT+8","8 tahun","","","","","","","ERRYSYAM AFEEZ AMSYAR","C-6-16","Lelaki","PETANG (3.00 PETANG - 6.30 PETANG)","AKTIVITI SANTAI","","","","","","","","","","","","","","","","","","","","","","","","","","","","","","","","","","","","","","","","","","","","","","","","","",""
"2026/06/02 5:48:02 pm GMT+8","9 tahun","","","","","","","","","","","","ziyyad iskandar bin mohd helmi","C57","Lelaki","PETANG (3.00 PETANG - 6.30 PETANG)","Badminton","","","","","","","","","","","","","","","","","","","","","","","","","","","","","","","","","","","","","","","","","","","","",""
"2026/06/02 5:50:00 pm GMT+8","10 tahun","","","","","","","","","","","","","","","","","ERRYSYAM","C-6-16","Lelaki","PETANG (3.00 PETANG - 6.30 PETANG)","MENONTON TELEVISYEN","","","","","","","","","","","","","","","","","","","","","","","","","","","","","","","","","","","","","","","",""
"2026/06/02 5:51:51 pm GMT+8","4 tahun","Adira","4 tahun","C-6-16","Perempuan","PETANG (3.00 PETANG - 6.30 PETANG)","MENONTON TELEVISYEN","","","","","","","","","","","","","","","","","","","","","","","","","","","","","","","","","","","","","","","","","","","","","","","","","","","","","","",""
"2026/06/02 6:01:57 pm GMT+8","7 tahun ke bawah","ERRYSYAM ARIEQ ARYAN"," C616","C616","Lelaki","MALAM (8.00 MALAM - 10.00 MALAM)","","","","","","","","","","","","","","","","","","","","","","","","","","","","","","","","","","","","","","","","","","","","","","","","","","","","","","","",""
"2026/06/02 6:15:42 pm GMT+8","13 tahun","","","","","","","","","","","","","","","","","","","","","","","","","","","","","","","","MUHAMMAD SHAHIR HAIKAL BIN ROSLAN","C-11-17","Lelaki","PETANG (3.00 PETANG - 6.30 PETANG)","AKTIVITI SANTAI","","","","","","","","","","","","","","","","","","","","","","","","",""
"2026/06/02 6:16:33 pm GMT+8","11 tahun","","","","","","","","","","","","","","","","","","","","","","AFI NURHAN ONG BIN MOHD RIEZMAN IZZANIE","C-04-15","Lelaki","PETANG (3.00 PETANG - 6.30 PETANG)","AKTIVITI SANTAI","","","","","","","","","","","","","","","","","","","","","","","","","","","","","","","","","","",""
"2026/06/02 8:05:03 pm GMT+8","12 tahun","","","","","","","","","","","","","","","","","","","","","","","","","","","MUHAMMAD AZRUL AZIEB BIN HISHAM","B-13-12","Lelaki","MALAM (8.00 MALAM - 10.00 MALAM)","KELAS TUISYEN","","","","","","","","","","","","","","","","","","","","","","","","","","","","","",""
"2026/06/02 8:08:05 pm GMT+8","11 tahun","","","","","","","","","","","","","","","","","","","","","","NADHIRAH SYUHAIDAH BINTI SUKRI","C-07-13","Perempuan","MALAM (8.00 MALAM - 10.00 MALAM)","AKTIVITI SANTAI","","","","","","","","","","","","","","","","","","","","","","","","","","","","","","","","","","",""
"2026/06/02 8:14:42 pm GMT+8","16 tahun","","","","","","","","","","","","","","","","","","","","","","","","","","","","","","","","","","","","","","","","","","","","","","","SAIDATUL UMAIRAH BINTI MD KHAIRI","C-6-01","Perempuan","MALAM (8.00 MALAM - 10.00 MALAM)","AKTIVITI SANTAI","","","","","","","","","",""
"2026/06/02 8:19:11 pm GMT+8","16 tahun","","","","","","","","","","","","","","","","","","","","","","","","","","","","","","","","","","","","","","","","","","","","","","","NAFHAH SYUKRINA BT SUKRI","C-07-13","Perempuan","MALAM (8.00 MALAM - 10.00 MALAM)","AKTIVITI SANTAI","","","","","","","","","",""
"2026/06/02 8:29:35 pm GMT+8","15 tahun","","","","","","","","","","","","","","","","","","","","","","","","","","","","","","","","","","","","","","","","","","SITI NUR HASIRA BINTI MUHAMMADUN","B-02-14","Perempuan","MALAM (8.00 MALAM - 10.00 MALAM)","AKTIVITI SANTAI","","","","","","","","","","","","","","",""
"2026/06/02 8:30:48 pm GMT+8","14 tahun","","","","","","","","","","","","","","","","","","","","","","","","","","","","","","","","","","","","","Siti aisyah bt harun","B-5-17","Perempuan","MALAM (8.00 MALAM - 10.00 MALAM)","AKTIVITI SANTAI","","","","","","","","","","","","","","","","","","","",""
"2026/06/02 8:31:44 pm GMT+8","13 tahun","","","","","","","","","","","","","","","","","","","","","","","","","","","","","","","","NUR SYAZWANI MAISARAH BINTI SHAHRILRIZAL","B-04-13","Perempuan","MALAM (8.00 MALAM - 10.00 MALAM)","AKTIVITI SANTAI","","","","","","","","","","","","","","","","","","","","","","","","",""
"2026/06/02 8:59:33 pm GMT+8","15 tahun","","","","","","","","","","","","","","","","","","","","","","","","","","","","","","","","","","","","","","","","","","NOR DAMIA FATIN BINTI GHAFFAR","C-06-10","Perempuan","MALAM (8.00 MALAM - 10.00 MALAM)","AKTIVITI SANTAI","","","","","","","","","","","","","","",""
"2026/06/02 9:39:31 pm GMT+8","12 tahun","","","","","","","","","","","","","","","","","","","","","","","","","","","NUR MIZA ILYANA BINTI MAZLI","A-06-08","Perempuan","MALAM (8.00 MALAM - 10.00 MALAM)","KELAS TUISYEN","","","","","","","","","","","","","","","","","","","","","","","","","","","","","",""
"2026/06/02 9:41:36 pm GMT+8","13 tahun","","","","","","","","","","","","","","","","","","","","","","","","","","","","","","","","QASEH NUR SALINA","A-07-05","Perempuan","MALAM (8.00 MALAM - 10.00 MALAM)","HOMEWORK CLUB","","","","","","","","","","","","","","","","","","","","","","","","",""
"2026/06/03 4:27:09 pm GMT+8","13 tahun","","","","","","","","","","","","","","","","","","","","","","","","","","","","","","","","QASEH NUR SALINA","A-07-05","Perempuan","MALAM (8.00 MALAM - 10.00 MALAM)","AKTIVITI SANTAI","","","","","","","","","","","","","","","","","","","","","","","","",""
"2026/06/03 4:28:20 pm GMT+8","13 tahun","","","","","","","","","","","","","","","","","","","","","","","","","","","","","","","","MUHAMAD RAMADAN BN MUHAMADUN","B-02-14","Lelaki","PETANG (3.00 PETANG - 6.30 PETANG)","AKTIVITI SANTAI","","","","","","","","","","","","","","","","","","","","","","","","",""
"2026/06/03 4:30:22 pm GMT+8","13 tahun","","","","","","","","","","","","","","","","","","","","","","","","","","","","","","","","FARIZ ZIKRY BIN FAIZA","C-11-05","Lelaki","PETANG (3.00 PETANG - 6.30 PETANG)","AKTIVITI SANTAI","","","","","","","","","","","","","","","","","","","","","","","","",""
"2026/06/03 5:42:07 pm GMT+8","12 tahun","","","","","","","","","","","","","","","","","","","","","","","","","","","Iskandar","A1215","Lelaki","PETANG (3.00 PETANG - 6.30 PETANG)","PERMAINAN DALAMAN","","","","","","","","","","","","","","","","","","","","","","","","","","","","","",""
"2026/06/03 5:42:47 pm GMT+8","14 tahun","","","","","","","","","","","","","","","","","","","","","","","","","","","","","","","","","","","","","MUHAMMAD ADAM HAIKAL BIN AZMI","A-04-09","Lelaki","PETANG (3.00 PETANG - 6.30 PETANG)","AKTIVITI SANTAI","","","","","","","","","","","","","","","","","","","",""
"2026/06/03 5:43:29 pm GMT+8","13 tahun","","","","","","","","","","","","","","","","","","","","","","","","","","","","","","","","Afiq","A-1-16","Lelaki","PETANG (3.00 PETANG - 6.30 PETANG)","AKTIVITI SANTAI","","","","","","","","","","","","","","","","","","","","","","","","",""
"2026/06/03 5:45:14 pm GMT+8","14 tahun","","","","","","","","","","","","","","","","","","","","","","","","","","","","","","","","","","","","","Siti aisyah ","B517","Perempuan","PETANG (3.00 PETANG - 6.30 PETANG)","AKTIVITI SANTAI","","","","","","","","","","","","","","","","","","","",""
"2026/06/03 5:45:38 pm GMT+8","13 tahun","","","","","","","","","","","","","","","","","","","","","","","","","","","","","","","","NUR SYAZWANI MAISARAH BINTI SHAHRILRIZAL","B-04-13","Perempuan","PETANG (3.00 PETANG - 6.30 PETANG)","AKTIVITI SANTAI","","","","","","","","","","","","","","","","","","","","","","","","",""
"2026/06/03 5:50:25 pm GMT+8","17 tahun","","","","","","","","","","","","","","","","","","","","","","","","","","","","","","","","","","","","","","","","","","","","","","","","","","","","NUR QASEH QAISARA BINTI ABD RAHIM","A-04-10","Perempuan","PETANG (3.00 PETANG - 6.30 PETANG)","AKITIVITI SANTAI","","","","",""
"2026/06/03 9:21:37 pm GMT+8","13 tahun","","","","","","","","","","","","","","","","","","","","","","","","","","","","","","","","FARIZ ZIKRY BIN FAIZA","C-11-05","Lelaki","MALAM (8.00 MALAM - 10.00 MALAM)","AKTIVITI SANTAI","","","","","","","","","","","","","","","","","","","","","","","","",""
"2026/06/03 9:22:00 pm GMT+8","13 tahun","","","","","","","","","","","","","","","","","","","","","","","","","","","","","","","","MUHAMAD RAMADAN BN MUHAMADUN","B-02-14","Lelaki","MALAM (8.00 MALAM - 10.00 MALAM)","AKTIVITI SANTAI","","","","","","","","","","","","","","","","","","","","","","","","",""
"2026/06/04 3:08:06 pm GMT+8","13 tahun","","","","","","","","","","","","","","","","","","","","","","","","","","","","","","","","FARIZ ZIKRY BIN FAIZA","C-11-05","Lelaki","PETANG (3.00 PETANG - 6.30 PETANG)","PERMAINAN KOMPUTER","","","","","","","","","","","","","","","","","","","","","","","","",""
"2026/06/04 3:08:34 pm GMT+8","13 tahun","","","","","","","","","","","","","","","","","","","","","","","","","","","","","","","","MUHAMAD RAMADAN BN MUHAMADUN","B-02-14","Lelaki","PETANG (3.00 PETANG - 6.30 PETANG)","AKTIVITI SANTAI","","","","","","","","","","","","","","","","","","","","","","","","",""
"2026/06/04 3:31:18 pm GMT+8","8 tahun","","","","","","","MUHAMAD AYAS BN MUHAMADUN","B-02-14","Lelaki","PETANG (3.00 PETANG - 6.30 PETANG)","PERMAINAN KOMPUTER","","","","","","","","","","","","","","","","","","","","","","","","","","","","","","","","","","","","","","","","","","","","","","","","","",""
"2026/06/04 3:32:44 pm GMT+8","8 tahun","","","","","","","Firash iman bin zamri","C-1-06","Lelaki","PETANG (3.00 PETANG - 6.30 PETANG)","PERMAINAN DALAMAN","","","","","","","","","","","","","","","","","","","","","","","","","","","","","","","","","","","","","","","","","","","","","","","","","",""
"2026/06/04 3:33:22 pm GMT+8","12 tahun","","","","","","","","","","","","","","","","","","","","","","","","","","","Danish iman bin zamri","C-1-06","Lelaki","PETANG (3.00 PETANG - 6.30 PETANG)","PERMAINAN DALAMAN","","","","","","","","","","","","","","","","","","","","","","","","","","","","","",""
"2026/06/04 3:34:07 pm GMT+8","11 tahun","","","","","","","","","","","","","","","","","","","","","","AFI NURHAN ONG BIN MOHD RIEZMAN IZZANIE","C-04-15","Lelaki","PETANG (3.00 PETANG - 6.30 PETANG)","AKTIVITI SANTAI","","","","","","","","","","","","","","","","","","","","","","","","","","","","","","","","","","",""
"2026/06/04 3:36:12 pm GMT+8","11 tahun","","","","","","","","","","","","","","","","","","","","","","MUHAMMAD NUR IMAN BIN AZAHHAR","C-01-08","Lelaki","PETANG (3.00 PETANG - 6.30 PETANG)","PERMAINAN DALAMAN","","","","","","","","","","","","","","","","","","","","","","","","","","","","","","","","","","",""
"2026/06/04 3:37:47 pm GMT+8","7 tahun ke bawah","Nur izzati khairunnisa","7","C-1-08","Perempuan","PETANG (3.00 PETANG - 6.30 PETANG)","PERMAINAN DALAMAN","","","","","","","","","","","","","","","","","","","","","","","","","","","","","","","","","","","","","","","","","","","","","","","","","","","","","","",""
"2026/06/04 3:38:56 pm GMT+8","11 tahun","","","","","","","","","","","","","","","","","","","","","","AFI NAZHAN ONG BIN MOHD RIEZMAN IZZANIE","C-04-15","Lelaki","PETANG (3.00 PETANG - 6.30 PETANG)","PERMAINAN DALAMAN","","","","","","","","","","","","","","","","","","","","","","","","","","","","","","","","","","",""
"2026/06/04 3:41:02 pm GMT+8","15 tahun","","","","","","","","","","","","","","","","","","","","","","","","","","","","","","","","","","","","","","","","","","ARIF DANIEL BIN FAIZUL AZLI","B-13-06","Lelaki","PETANG (3.00 PETANG - 6.30 PETANG)","AKTIVITI SANTAI","","","","","","","","","","","","","","",""
"2026/06/04 3:41:22 pm GMT+8","15 tahun","","","","","","","","","","","","","","","","","","","","","","","","","","","","","","","","","","","","","","","","","","MUHAMMAD HARRAZ SAUQI BIN KAMA","A-07-05","Lelaki","PETANG (3.00 PETANG - 6.30 PETANG)","AKTIVITI SANTAI","","","","","","","","","","","","","","",""
"2026/06/04 4:04:52 pm GMT+8","15 tahun","","","","","","","","","","","","","","","","","","","","","","","","","","","","","","","","","","","","","","","","","","MUHAMAD ARFAN AQIM BIN ARMAN","B-08-10","Lelaki","PETANG (3.00 PETANG - 6.30 PETANG)","AKTIVITI SANTAI","","","","","","","","","","","","","","",""
"2026/06/04 4:17:36 pm GMT+8","16 tahun","","","","","","","","","","","","","","","","","","","","","","","","","","","","","","","","","","","","","","","","","","","","","","","ADAM ZAKRY BIN ZUL AMALI","B-13-10","Lelaki","PETANG (3.00 PETANG - 6.30 PETANG)","AKTIVITI SANTAI","","","","","","","","","",""
"2026/06/04 5:54:07 pm GMT+8","13 tahun","","","","","","","","","","","","","","","","","","","","","","","","","","","","","","","","QASEH NUR SALINA","A-07-05","Perempuan","PETANG (3.00 PETANG - 6.30 PETANG)","AKTIVITI SANTAI","","","","","","","","","","","","","","","","","","","","","","","","",""
"2026/06/04 5:55:12 pm GMT+8","15 tahun","","","","","","","","","","","","","","","","","","","","","","","","","","","","","","","","","","","","","","","","","","NOR DAMIA FATIN BINTI GHAFFAR","C-06-10","Perempuan","PETANG (3.00 PETANG - 6.30 PETANG)","AKTIVITI SANTAI","","","","","","","","","","","","","","",""
"2026/06/04 8:01:47 pm GMT+8","13 tahun","","","","","","","","","","","","","","","","","","","","","","","","","","","","","","","","MUHAMMAD SHAHIR HAIKAL BIN ROSLAN","C-11-17","Lelaki","MALAM (8.00 MALAM - 10.00 MALAM)","AKTIVITI SANTAI","","","","","","","","","","","","","","","","","","","","","","","","",""
"2026/06/04 8:02:25 pm GMT+8","12 tahun","","","","","","","","","","","","","","","","","","","","","","","","","","","MOHAMED ADAM DANIAL BIN MOHD NASIR","B-15-18","Lelaki","MALAM (8.00 MALAM - 10.00 MALAM)","AKTIVITI SANTAI","","","","","","","","","","","","","","","","","","","","","","","","","","","","","",""
"2026/06/04 8:03:09 pm GMT+8","12 tahun","","","","","","","","","","","","","","","","","","","","","","","","","","","MUHAMMAD RAYYAN ADAM","B-17-14","Lelaki","PETANG (3.00 PETANG - 6.30 PETANG)","AKTIVITI SANTAI","","","","","","","","","","","","","","","","","","","","","","","","","","","","","",""
"2026/06/04 8:03:43 pm GMT+8","13 tahun","","","","","","","","","","","","","","","","","","","","","","","","","","","","","","","","MUHAMAD RAMADAN BN MUHAMADUN","B-02-14","Lelaki","MALAM (8.00 MALAM - 10.00 MALAM)","AKTIVITI SANTAI","","","","","","","","","","","","","","","","","","","","","","","","",""
"2026/06/04 8:05:02 pm GMT+8","15 tahun","","","","","","","","","","","","","","","","","","","","","","","","","","","","","","","","","","","","","","","","","","SITI NUR HASIRA BINTI MUHAMMADUN","B-02-14","Perempuan","PETANG (3.00 PETANG - 6.30 PETANG)","AKTIVITI SANTAI","","","","","","","","","","","","","","",""
"2026/06/04 8:05:19 pm GMT+8","15 tahun","","","","","","","","","","","","","","","","","","","","","","","","","","","","","","","","","","","","","","","","","","SITI NUR HASIRA BINTI MUHAMMADUN","B-02-14","Perempuan","MALAM (8.00 MALAM - 10.00 MALAM)","KELAS TUISYEN","","","","","","","","","","","","","","",""